[2026-08-18 00:24:09] ============================================================
[2026-08-18 00:24:09] 景點營業時間爬蟲啟動
[2026-08-18 00:24:09] Log 檔案: C:\Users\USER\Desktop\play-taiwan-parser\景點資料庫\景點 - 觀光資訊資料集\crawler_20260818_002409.log
[2026-08-18 00:24:09] ============================================================
[2026-08-18 00:24:09] 載入資料集...
[2026-08-18 00:24:09] 偵測到上次的進度檔案，將接續爬取...
[2026-08-18 00:24:09] 總共還有 5921 個景點需要爬取。
[2026-08-18 00:24:14] [1/5921] 毋忘在莒 (Attraction_371020000A_000528)
[2026-08-18 00:24:19]    ✅ 成功抓到 1 筆時段
[2026-08-18 00:24:21] [2/5921] 瓊林民防館 (Attraction_371020000A_000529)
[2026-08-18 00:24:26]    ❌ 三種策略皆失敗
[2026-08-18 00:24:28] [3/5921] 八二三戰役勝利紀念碑 (Attraction_371020000A_000530)
[2026-08-18 00:24:33]    ❌ 三種策略皆失敗
[2026-08-18 00:24:35] [4/5921] 湖井頭戰史館 (Attraction_371020000A_000531)
[2026-08-18 00:24:39]    ✅ 成功抓到 7 筆時段
[2026-08-18 00:24:41] [5/5921] 古寧頭牌樓 (Attraction_371020000A_000532)
[2026-08-18 00:24:44]    ✅ 成功抓到 7 筆時段
[2026-08-18 00:24:46] [6/5921] 古寧頭戰史館 (Attraction_371020000A_000533)
[2026-08-18 00:24:49]    ✅ 成功抓到 7 筆時段
[2026-08-18 00:24:51] [7/5921] 八達樓子 (Attraction_371020000A_000534)
[2026-08-18 00:24:54]    ✅ 成功抓到 7 筆時段
[2026-08-18 00:24:56] [8/5921] 勝利門 (Attraction_371020000A_000535)
[2026-08-18 00:25:00]    ✅ 成功抓到 7 筆時段
[2026-08-18 00:25:02] [9/5921] 八二三砲戰勝利紀念碑 (Attraction_371020000A_000536)
[2026-08-18 00:25:10]    ✅ 成功抓到 7 筆時段
[2026-08-18 00:25:12] [10/5921] 八二三戰史館 (Attraction_371020000A_000538)
[2026-08-18 00:25:16]    ✅ 成功抓到 7 筆時段
[2026-08-18 00:25:16]    💾 存檔！已處理 10/5921 | 成功 8 | 失敗 2
[2026-08-18 00:25:16]       資料庫共 177 筆，其中 151 筆有營業時間
[2026-08-18 00:25:16]       速度 9.7 筆/分鐘 | 預估剩餘 607 分鐘
[2026-08-18 00:25:18] [11/5921] 俞大維先生紀念館 (Attraction_371020000A_000539)
[2026-08-18 00:25:21]    ✅ 成功抓到 7 筆時段
[2026-08-18 00:25:23] [12/5921] 乳山故壘 (Attraction_371020000A_000540)
[2026-08-18 00:25:26]    ✅ 成功抓到 7 筆時段
[2026-08-18 00:25:28] [13/5921] 北山斷崖 (Attraction_371020000A_000545)
[2026-08-18 00:25:32]    ✅ 成功抓到 7 筆時段
[2026-08-18 00:25:34] [14/5921] 馬山觀測所 (Attraction_371020000A_000546)
[2026-08-18 00:25:37]    ✅ 成功抓到 7 筆時段
[2026-08-18 00:25:39] [15/5921] 董允耀洋樓 (Attraction_371020000A_000622)
[2026-08-18 00:25:42]    ✅ 成功抓到 7 筆時段
[2026-08-18 00:25:44] [16/5921] 湖下三間樓仔 (Attraction_371020000A_000630)
[2026-08-18 00:25:48]    ✅ 成功抓到 7 筆時段
[2026-08-18 00:25:50] [17/5921] 陳德幸洋樓 (Attraction_371020000A_000639)
[2026-08-18 00:25:53]    ✅ 成功抓到 7 筆時段
[2026-08-18 00:25:55] [18/5921] 水頭57地號洋樓(僑鄉文化展示館) (Attraction_371020000A_000645)
[2026-08-18 00:26:02]    ❌ 三種策略皆失敗
[2026-08-18 00:26:04] [19/5921] 薛永南兄弟大樓 (Attraction_371020000A_000646)
[2026-08-18 00:26:13]    ❌ 三種策略皆失敗
[2026-08-18 00:26:15] [20/5921] 陳景蘭洋樓 (Attraction_371020000A_000649)
[2026-08-18 00:26:19]    ✅ 成功抓到 7 筆時段
[2026-08-18 00:26:19]    💾 存檔！已處理 20/5921 | 成功 16 | 失敗 4
[2026-08-18 00:26:19]       資料庫共 187 筆，其中 159 筆有營業時間
[2026-08-18 00:26:19]       速度 9.6 筆/分鐘 | 預估剩餘 616 分鐘
[2026-08-18 00:26:21] [21/5921] 北山古洋樓 (Attraction_371020000A_000651)
[2026-08-18 00:26:31]    ❌ 三種策略皆失敗
[2026-08-18 00:26:33] [22/5921] 得月樓 (Attraction_371020000A_000654)
[2026-08-18 00:26:36]    ✅ 成功抓到 7 筆時段
[2026-08-18 00:26:38] [23/5921] 黃輝煌洋樓 (Attraction_371020000A_000656)
[2026-08-18 00:26:43]    ❌ 三種策略皆失敗
[2026-08-18 00:26:45] [24/5921] 張文帝洋樓 (Attraction_371020000A_000659)
[2026-08-18 00:26:48]    ✅ 成功抓到 7 筆時段
[2026-08-18 00:26:50] [25/5921] 黃卓彬洋樓 (Attraction_371020000A_000661)
[2026-08-18 00:26:53]    ✅ 成功抓到 7 筆時段
[2026-08-18 00:26:55] [26/5921] 金門縣陶瓷廠 (Attraction_371020000A_000664)
[2026-08-18 00:26:58]    ✅ 成功抓到 7 筆時段
[2026-08-18 00:27:00] [27/5921] 將軍堡 (Attraction_371020000A_000665)
[2026-08-18 00:27:04]    ✅ 成功抓到 7 筆時段
[2026-08-18 00:27:06] [28/5921] 慈湖三角堡 (Attraction_371020000A_000666)
[2026-08-18 00:27:16]    (透過策略2成功)
[2026-08-18 00:27:16]    ✅ 成功抓到 7 筆時段
[2026-08-18 00:27:18] [29/5921] 雄獅堡 (Attraction_371020000A_000668)
[2026-08-18 00:27:22]    ✅ 成功抓到 7 筆時段
[2026-08-18 00:27:24] [30/5921] 勇士堡 (Attraction_371020000A_000669)
[2026-08-18 00:27:27]    ✅ 成功抓到 7 筆時段
[2026-08-18 00:27:27]    💾 存檔！已處理 30/5921 | 成功 24 | 失敗 6
[2026-08-18 00:27:27]       資料庫共 197 筆，其中 167 筆有營業時間
[2026-08-18 00:27:27]       速度 9.3 筆/分鐘 | 預估剩餘 632 分鐘
[2026-08-18 00:27:29] [31/5921] 鐵漢堡 (Attraction_371020000A_000670)
[2026-08-18 00:27:32]    ✅ 成功抓到 7 筆時段
[2026-08-18 00:27:34] [32/5921] 魯王墓園 (Attraction_371020000A_000689)
[2026-08-18 00:27:39]    ❌ 三種策略皆失敗
[2026-08-18 00:27:41] [33/5921] 後浦陳氏祠堂 (Attraction_371020000A_000690)
[2026-08-18 00:27:45]    ❌ 三種策略皆失敗
[2026-08-18 00:27:47] [34/5921] 黃天露宅 (Attraction_371020000A_000707)
[2026-08-18 00:27:52]    ❌ 三種策略皆失敗
[2026-08-18 00:27:54] [35/5921] 怡穀堂 (Attraction_371020000A_000709)
[2026-08-18 00:27:58]    ❌ 三種策略皆失敗
[2026-08-18 00:28:00] [36/5921] 護國寺 (Attraction_371020000A_000766)
[2026-08-18 00:28:05]    ❌ 三種策略皆失敗
[2026-08-18 00:28:07] [37/5921] 北極殿 (Attraction_371020000A_000778)
[2026-08-18 00:28:11]    ❌ 三種策略皆失敗
[2026-08-18 00:28:13] [38/5921] 龍鳳宮 (Attraction_371020000A_000781)
[2026-08-18 00:28:18]    ❌ 三種策略皆失敗
[2026-08-18 00:28:20] [39/5921] 象山金剛寺 (Attraction_371020000A_000787)
[2026-08-18 00:28:24]    ❌ 三種策略皆失敗
[2026-08-18 00:28:26] [40/5921] 泰安宮 (Attraction_371020000A_000788)
[2026-08-18 00:28:31]    ❌ 三種策略皆失敗
[2026-08-18 00:28:31]    💾 存檔！已處理 40/5921 | 成功 25 | 失敗 15
[2026-08-18 00:28:31]       資料庫共 207 筆，其中 168 筆有營業時間
[2026-08-18 00:28:31]       速度 9.4 筆/分鐘 | 預估剩餘 628 分鐘
[2026-08-18 00:28:33] [41/5921] 靈濟寺(觀音亭) (Attraction_371020000A_000795)
[2026-08-18 00:28:40]    ❌ 三種策略皆失敗
[2026-08-18 00:28:42] [42/5921] 沙美萬安堂 (Attraction_371020000A_000796)
[2026-08-18 00:28:45]    ✅ 成功抓到 7 筆時段
[2026-08-18 00:28:47] [43/5921] 順濟宮 (Attraction_371020000A_000803)
[2026-08-18 00:28:52]    ❌ 三種策略皆失敗
[2026-08-18 00:28:54] [44/5921] 烈女廟 (Attraction_371020000A_000804)
[2026-08-18 00:28:58]    ❌ 三種策略皆失敗
[2026-08-18 00:29:00] [45/5921] 李將軍廟(上林將軍廟) (Attraction_371020000A_000805)
[2026-08-18 00:29:08]    ❌ 三種策略皆失敗
[2026-08-18 00:29:10] [46/5921] 浯島城隍廟 (Attraction_371020000A_000811)
[2026-08-18 00:29:14]    ❌ 三種策略皆失敗
[2026-08-18 00:29:16] [47/5921] 外武廟 (Attraction_371020000A_000817)
[2026-08-18 00:29:26]    ❌ 三種策略皆失敗
[2026-08-18 00:29:28] [48/5921] 北鎮廟 (Attraction_371020000A_000820)
[2026-08-18 00:29:32]    ❌ 三種策略皆失敗
[2026-08-18 00:29:34] [49/5921] 雙鯉古地關帝廟 (Attraction_371020000A_000821)
[2026-08-18 00:29:39]    ❌ 三種策略皆失敗
[2026-08-18 00:29:41] [50/5921] 迴向殿 (Attraction_371020000A_000823)
[2026-08-18 00:29:46]    ❌ 三種策略皆失敗
[2026-08-18 00:29:46]    💾 存檔！已處理 50/5921 | 成功 26 | 失敗 24
[2026-08-18 00:29:46]       資料庫共 217 筆，其中 169 筆有營業時間
[2026-08-18 00:29:46]       速度 9.0 筆/分鐘 | 預估剩餘 649 分鐘
[2026-08-18 00:29:48] [51/5921] 代天府 (Attraction_371020000A_000826)
[2026-08-18 00:29:52]    ❌ 三種策略皆失敗
[2026-08-18 00:29:54] [52/5921] 古地城隍廟 (Attraction_371020000A_000849)
[2026-08-18 00:29:59]    ❌ 三種策略皆失敗
[2026-08-18 00:30:01] [53/5921] 金水寺 (Attraction_371020000A_000852)
[2026-08-18 00:30:06]    ❌ 三種策略皆失敗
[2026-08-18 00:30:08] [54/5921] 寶月庵 (Attraction_371020000A_000859)
[2026-08-18 00:30:12]    ❌ 三種策略皆失敗
[2026-08-18 00:30:14] [55/5921] 金門基督教會 (Attraction_371020000A_000933)
[2026-08-18 00:30:22]    ❌ 三種策略皆失敗
[2026-08-18 00:30:24] [56/5921] 李光前將軍廟 (Attraction_371020000A_000970)
[2026-08-18 00:30:28]    ❌ 三種策略皆失敗
[2026-08-18 00:30:31] [57/5921] 北嶽廟 (Attraction_371020000A_000983)
[2026-08-18 00:30:35]    ❌ 三種策略皆失敗
[2026-08-18 00:30:37] [58/5921] 會山寺 (Attraction_371020000A_000985)
[2026-08-18 00:30:42]    ❌ 三種策略皆失敗
[2026-08-18 00:30:44] [59/5921] 後浦武廟 (Attraction_371020000A_001007)
[2026-08-18 00:30:48]    ❌ 三種策略皆失敗
[2026-08-18 00:30:50] [60/5921] 翟山坑道 (Attraction_371020000A_001337)
[2026-08-18 00:30:54]    ❌ 三種策略皆失敗
[2026-08-18 00:30:54]    💾 存檔！已處理 60/5921 | 成功 26 | 失敗 34
[2026-08-18 00:30:54]       資料庫共 227 筆，其中 169 筆有營業時間
[2026-08-18 00:30:54]       速度 9.0 筆/分鐘 | 預估剩餘 652 分鐘
[2026-08-18 00:30:56] [61/5921] 獅山砲陣地 (Attraction_371020000A_001339)
[2026-08-18 00:31:00]    ✅ 成功抓到 7 筆時段
[2026-08-18 00:31:02] [62/5921] 金城民防坑道 (Attraction_371020000A_001340)
[2026-08-18 00:31:05]    ✅ 成功抓到 7 筆時段
[2026-08-18 00:31:07] [63/5921] 慰廬 (Attraction_371020000A_001341)
[2026-08-18 00:31:10]    ✅ 成功抓到 7 筆時段
[2026-08-18 00:31:12] [64/5921] 金門酒廠 (Attraction_371020000A_001342)
[2026-08-18 00:31:18]    (透過策略2成功)
[2026-08-18 00:31:18]    ✅ 成功抓到 7 筆時段
[2026-08-18 00:31:20] [65/5921] 模範街 (Attraction_371020000A_001343)
[2026-08-18 00:31:25]    ❌ 三種策略皆失敗
[2026-08-18 00:31:27] [66/5921] 楊氏明馨祖祠暨楊清廉紀念館 (Attraction_371020000A_001344)
[2026-08-18 00:31:36]    ❌ 三種策略皆失敗
[2026-08-18 00:31:38] [67/5921] 瓊林戰鬥坑道 (Attraction_371020000A_001345)
[2026-08-18 00:31:42]    ✅ 成功抓到 7 筆時段
[2026-08-18 00:31:44] [68/5921] 九宮坑道 (Attraction_371020000A_001346)
[2026-08-18 00:31:47]    ✅ 成功抓到 7 筆時段
[2026-08-18 00:31:49] [69/5921] 金門縣水產試驗所 (Attraction_371020000A_001347)
[2026-08-18 00:31:52]    ✅ 成功抓到 7 筆時段
[2026-08-18 00:31:54] [70/5921] 金門縣農業試驗所 (Attraction_371020000A_001349)
[2026-08-18 00:32:04]    ❌ 三種策略皆失敗
[2026-08-18 00:32:04]    💾 存檔！已處理 70/5921 | 成功 33 | 失敗 37
[2026-08-18 00:32:04]       資料庫共 237 筆，其中 176 筆有營業時間
[2026-08-18 00:32:04]       速度 8.9 筆/分鐘 | 預估剩餘 655 分鐘
[2026-08-18 00:32:06] [71/5921] 羅厝媽祖公園 (Attraction_371020000A_001368)
[2026-08-18 00:32:10]    ❌ 三種策略皆失敗
[2026-08-18 00:32:12] [72/5921] 地雷主題館 (Attraction_371020000A_001369)
[2026-08-18 00:32:16]    ✅ 成功抓到 7 筆時段
[2026-08-18 00:32:18] [73/5921] 擎天廳 (Attraction_371020000A_001389)
[2026-08-18 00:32:22]    ❌ 三種策略皆失敗
[2026-08-18 00:32:24] [74/5921] 建功嶼 (Attraction_371020000A_001390)
[2026-08-18 00:32:28]    ✅ 成功抓到 7 筆時段
[2026-08-18 00:32:30] [75/5921] 金門和平紀念園區(林厝砲陣地) (Attraction_371020000A_001392)
[2026-08-18 00:32:33]    ✅ 成功抓到 7 筆時段
[2026-08-18 00:32:35] [76/5921] 北山播音牆 (Attraction_371020000A_001394)
[2026-08-18 00:32:39]    ❌ 三種策略皆失敗
[2026-08-18 00:32:41] [77/5921] 文化園區金門歷史民俗博物館 (Attraction_371020000A_001395)
[2026-08-18 00:32:45]    ✅ 成功抓到 7 筆時段
[2026-08-18 00:32:47] [78/5921] 金東電影院 (Attraction_371020000A_001397)
[2026-08-18 00:32:50]    ✅ 成功抓到 7 筆時段
[2026-08-18 00:32:52] [79/5921] 同安渡頭 (Attraction_371020000A_001398)
[2026-08-18 00:32:55]    ✅ 成功抓到 7 筆時段
[2026-08-18 00:32:57] [80/5921] 沙美老街(沙美摩洛哥) (Attraction_371020000A_001450)
[2026-08-18 00:33:05]    (透過策略3成功)
[2026-08-18 00:33:05]    ✅ 成功抓到 7 筆時段
[2026-08-18 00:33:05]    💾 存檔！已處理 80/5921 | 成功 40 | 失敗 40
[2026-08-18 00:33:05]       資料庫共 247 筆，其中 183 筆有營業時間
[2026-08-18 00:33:05]       速度 9.0 筆/分鐘 | 預估剩餘 646 分鐘
[2026-08-18 00:33:07] [81/5921] 瓊林聚落 (Attraction_371020000A_001453)
[2026-08-18 00:33:11]    ✅ 成功抓到 7 筆時段
[2026-08-18 00:33:13] [82/5921] 後浦16藝文特區 (Attraction_371020000A_001454)
[2026-08-18 00:33:16]    ✅ 成功抓到 7 筆時段
[2026-08-18 00:33:18] [83/5921] 陽翟老街 (Attraction_371020000A_001462)
[2026-08-18 00:33:21]    ✅ 成功抓到 7 筆時段
[2026-08-18 00:33:23] [84/5921] 羅寶田神父紀念園區 (Attraction_371020000A_001463)
[2026-08-18 00:33:27]    ✅ 成功抓到 7 筆時段
[2026-08-18 00:33:29] [85/5921] 金門植物園 (Attraction_371020000A_001466)
[2026-08-18 00:33:37]    ✅ 成功抓到 7 筆時段
[2026-08-18 00:33:39] [86/5921] 燕南書院 (Attraction_371020000A_001487)
[2026-08-18 00:33:43]    ✅ 成功抓到 7 筆時段
[2026-08-18 00:33:45] [87/5921] 浯江書院 (Attraction_371020000A_001489)
[2026-08-18 00:33:48]    ✅ 成功抓到 7 筆時段
[2026-08-18 00:33:50] [88/5921] 尚義環保公園 (Attraction_371020000A_001492)
[2026-08-18 00:33:53]    ✅ 成功抓到 7 筆時段
[2026-08-18 00:33:55] [89/5921] 金城海濱休閒公園 (Attraction_371020000A_001493)
[2026-08-18 00:33:59]    ✅ 成功抓到 7 筆時段
[2026-08-18 00:34:01] [90/5921] 歐陽鐘遠洋樓 (Attraction_371020000A_001494)
[2026-08-18 00:34:09]    ✅ 成功抓到 7 筆時段
[2026-08-18 00:34:09]    💾 存檔！已處理 90/5921 | 成功 50 | 失敗 40
[2026-08-18 00:34:09]       資料庫共 257 筆，其中 193 筆有營業時間
[2026-08-18 00:34:09]       速度 9.1 筆/分鐘 | 預估剩餘 643 分鐘
[2026-08-18 00:34:11] [91/5921] 延平郡王祠 (Attraction_371020000A_001495)
[2026-08-18 00:34:16]    ❌ 三種策略皆失敗
[2026-08-18 00:34:18] [92/5921] 紅土溝三營區L-36據點 (Attraction_371020000A_001526)
[2026-08-18 00:34:21]    ✅ 成功抓到 7 筆時段
[2026-08-18 00:34:23] [93/5921] 烈嶼鄉文化館 (Attraction_371020000A_001527)
[2026-08-18 00:34:27]    ✅ 成功抓到 7 筆時段
[2026-08-18 00:34:29] [94/5921] 沙溪堡 (Attraction_371020000A_001530)
[2026-08-18 00:34:32]    ✅ 成功抓到 7 筆時段
[2026-08-18 00:34:34] [95/5921] 后麟步槍模擬射擊館 (Attraction_371020000A_001531)
[2026-08-18 00:34:45]    (透過策略2成功)
[2026-08-18 00:34:45]    ✅ 成功抓到 7 筆時段
[2026-08-18 00:34:47] [96/5921] 麒麟山森林公園 (Attraction_371020000A_001537)
[2026-08-18 00:34:53]    (透過策略2成功)
[2026-08-18 00:34:53]    ✅ 成功抓到 7 筆時段
[2026-08-18 00:34:55] [97/5921] 雙口海濱公園 (Attraction_371020000A_001538)
[2026-08-18 00:35:00]    (透過策略2成功)
[2026-08-18 00:35:00]    ✅ 成功抓到 7 筆時段
[2026-08-18 00:35:02] [98/5921] 迎賓館 (Attraction_371020000A_001540)
[2026-08-18 00:35:11]    ✅ 成功抓到 7 筆時段
[2026-08-18 00:35:13] [99/5921] 金門縣畜產試驗所 (Attraction_371020000A_001615)
[2026-08-18 00:35:16]    ✅ 成功抓到 7 筆時段
[2026-08-18 00:35:18] [100/5921] L18據點 (Attraction_371020000A_001617)
[2026-08-18 00:35:21]    ✅ 成功抓到 7 筆時段
[2026-08-18 00:35:21]    💾 存檔！已處理 100/5921 | 成功 59 | 失敗 41
[2026-08-18 00:35:21]       資料庫共 267 筆，其中 202 筆有營業時間
[2026-08-18 00:35:21]       速度 9.0 筆/分鐘 | 預估剩餘 647 分鐘
[2026-08-18 00:35:23] [101/5921] 大膽島 (Attraction_371020000A_001618)
[2026-08-18 00:35:28]    ❌ 三種策略皆失敗
[2026-08-18 00:35:30] [102/5921] 馬山三角堡 (Attraction_371020000A_001619)
[2026-08-18 00:35:34]    ❌ 三種策略皆失敗
[2026-08-18 00:35:36] [103/5921] 碧山聚落 (Attraction_371020000A_001620)
[2026-08-18 00:35:46]    ❌ 三種策略皆失敗
[2026-08-18 00:35:48] [104/5921] 金門大學 (Attraction_371020000A_001623)
[2026-08-18 00:35:51]    ✅ 成功抓到 7 筆時段
[2026-08-18 00:35:53] [105/5921] 山外車站 (Attraction_371020000A_001624)
[2026-08-18 00:35:59]    (透過策略2成功)
[2026-08-18 00:35:59]    ✅ 成功抓到 7 筆時段
[2026-08-18 00:36:01] [106/5921] 沙美車站 (Attraction_371020000A_001625)
[2026-08-18 00:36:10]    ❌ 三種策略皆失敗
[2026-08-18 00:36:12] [107/5921] 金城車站 (Attraction_371020000A_001626)
[2026-08-18 00:36:17]    ❌ 三種策略皆失敗
[2026-08-18 00:36:19] [108/5921] 金門尚義機場 (Attraction_371020000A_001627)
[2026-08-18 00:36:23]    ❌ 三種策略皆失敗
[2026-08-18 00:36:25] [109/5921] 蔡厝古道 (Attraction_371020000A_001628)
[2026-08-18 00:36:30]    ❌ 三種策略皆失敗
[2026-08-18 00:36:32] [110/5921] 成功坑道/成功海灘 (Attraction_371020000A_001637)
[2026-08-18 00:36:35]    ✅ 成功抓到 7 筆時段
[2026-08-18 00:36:35]    💾 存檔！已處理 110/5921 | 成功 62 | 失敗 48
[2026-08-18 00:36:35]       資料庫共 277 筆，其中 205 筆有營業時間
[2026-08-18 00:36:35]       速度 8.9 筆/分鐘 | 預估剩餘 653 分鐘
[2026-08-18 00:36:37] [111/5921] 後浦小鎮商圈 (Attraction_371020000A_001639)
[2026-08-18 00:36:41]    ✅ 成功抓到 7 筆時段
[2026-08-18 00:36:43] [112/5921] 湖下一營區 (W027據點) (Attraction_371020000A_001664)
[2026-08-18 00:36:46]    ✅ 成功抓到 7 筆時段
[2026-08-18 00:36:48] [113/5921] 南山頭四營區 (Attraction_371020000A_001665)
[2026-08-18 00:36:51]    ✅ 成功抓到 7 筆時段
[2026-08-18 00:36:53] [114/5921] 歐厝聚落 (Attraction_371020000A_001667)
[2026-08-18 00:36:58]    ❌ 三種策略皆失敗
[2026-08-18 00:37:00] [115/5921] 峰上巡檢司 (Attraction_371020000A_001668)
[2026-08-18 00:37:04]    ❌ 三種策略皆失敗
[2026-08-18 00:37:06] [116/5921] 寒舍花 (Attraction_371020000A_001669)
[2026-08-18 00:37:12]    (透過策略2成功)
[2026-08-18 00:37:12]    ✅ 成功抓到 7 筆時段
[2026-08-18 00:37:14] [117/5921] 船型堡 (Attraction_371020000A_001672)
[2026-08-18 00:37:17]    ✅ 成功抓到 7 筆時段
[2026-08-18 00:37:19] [118/5921] 鶯山廟 (Attraction_371020000A_001673)
[2026-08-18 00:37:23]    ✅ 成功抓到 7 筆時段
[2026-08-18 00:37:25] [119/5921] 雞髻頭 (Attraction_371020000A_001674)
[2026-08-18 00:37:30]    策略1失敗，嘗試下一個...
[2026-08-18 00:37:33]    (透過策略2成功)
[2026-08-18 00:37:33]    ✅ 成功抓到 7 筆時段
[2026-08-18 00:37:35] [120/5921] 天摩山 (Attraction_371020000A_001675)
[2026-08-18 00:37:39]    ✅ 成功抓到 7 筆時段
[2026-08-18 00:37:39]    💾 存檔！已處理 120/5921 | 成功 70 | 失敗 50
[2026-08-18 00:37:39]       資料庫共 287 筆，其中 213 筆有營業時間
[2026-08-18 00:37:39]       速度 8.9 筆/分鐘 | 預估剩餘 648 分鐘
[2026-08-18 00:37:41] [121/5921] 新湖漁港 (Attraction_371020000A_001678)
[2026-08-18 00:37:50]    ❌ 三種策略皆失敗
[2026-08-18 00:37:52] [122/5921] 塔山電廠輸油棧橋碼頭 (Attraction_371020000A_001754)
[2026-08-18 00:37:57]    ❌ 三種策略皆失敗
[2026-08-18 00:37:59] [123/5921] 高洞坑道 (Attraction_371020000A_001816)
[2026-08-18 00:38:02]    ✅ 成功抓到 7 筆時段
[2026-08-18 00:38:04] [124/5921] 獅山海灘 (Attraction_371020000A_001817)
[2026-08-18 00:38:14]    ❌ 三種策略皆失敗
[2026-08-18 00:38:16] [125/5921] 莒光湖風景區 (Attraction_371020000A_001819)
[2026-08-18 00:38:19]    ✅ 成功抓到 7 筆時段
[2026-08-18 00:38:21] [126/5921] 古寧頭聚落 (Attraction_371020000A_001820)
[2026-08-18 00:38:24]    ✅ 成功抓到 7 筆時段
[2026-08-18 00:38:26] [127/5921] 歐厝戰車 (Attraction_371020000A_001863)
[2026-08-18 00:38:31]    ❌ 三種策略皆失敗
[2026-08-18 00:38:33] [128/5921] 天坑 (Attraction_371020000A_001866)
[2026-08-18 00:38:41]    ✅ 成功抓到 7 筆時段
[2026-08-18 00:38:43] [129/5921] E-094天空之城 (Attraction_371020000A_001869)
[2026-08-18 00:38:47]    ✅ 成功抓到 7 筆時段
[2026-08-18 00:38:49] [130/5921] 漁村小艇坑道 (Attraction_371020000A_001875)
[2026-08-18 00:38:52]    ✅ 成功抓到 7 筆時段
[2026-08-18 00:38:52]    💾 存檔！已處理 130/5921 | 成功 76 | 失敗 54
[2026-08-18 00:38:52]       資料庫共 297 筆，其中 219 筆有營業時間
[2026-08-18 00:38:52]       速度 8.9 筆/分鐘 | 預估剩餘 652 分鐘
[2026-08-18 00:38:54] [131/5921] 銅牆山營區 (Attraction_371020000A_001883)
[2026-08-18 00:38:57]    ✅ 成功抓到 7 筆時段
[2026-08-18 00:38:59] [132/5921] 中興堡 (Attraction_371020000A_001959)
[2026-08-18 00:39:03]    ✅ 成功抓到 7 筆時段
[2026-08-18 00:39:05] [133/5921] 134高地 (Attraction_371020000A_001962)
[2026-08-18 00:39:08]    ✅ 成功抓到 7 筆時段
[2026-08-18 00:39:10] [134/5921] 金門大橋 (Attraction_371020000A_001966)
[2026-08-18 00:39:13]    ✅ 成功抓到 7 筆時段
[2026-08-18 00:39:15] [135/5921] 習山湖公園 (Attraction_371020000A_001970)
[2026-08-18 00:39:19]    ✅ 成功抓到 7 筆時段
[2026-08-18 00:39:21] [136/5921] 蘇澳冷泉公園 (Attraction_376420000A_000001)
[2026-08-18 00:39:24]    ✅ 成功抓到 7 筆時段
[2026-08-18 00:39:26] [137/5921] 豆腐岬風景區 (Attraction_376420000A_000002)
[2026-08-18 00:39:30]    ✅ 成功抓到 7 筆時段
[2026-08-18 00:39:32] [138/5921] 武荖坑風景區 (Attraction_376420000A_000003)
[2026-08-18 00:39:37]    ❌ 三種策略皆失敗
[2026-08-18 00:39:39] [139/5921] 南方澳南天宮(金媽祖、玉媽祖) (Attraction_376420000A_000005)
[2026-08-18 00:39:42]    ✅ 成功抓到 7 筆時段
[2026-08-18 00:39:44] [140/5921] 南方澳進安宮(寶石珊瑚媽祖) (Attraction_376420000A_000006)
[2026-08-18 00:39:48]    ✅ 成功抓到 7 筆時段
[2026-08-18 00:39:48]    💾 存檔！已處理 140/5921 | 成功 85 | 失敗 55
[2026-08-18 00:39:48]       資料庫共 307 筆，其中 228 筆有營業時間
[2026-08-18 00:39:48]       速度 9.0 筆/分鐘 | 預估剩餘 643 分鐘
[2026-08-18 00:39:50] [141/5921] 蘇澳晉安宮(張公廟) (Attraction_376420000A_000007)
[2026-08-18 00:39:57]    ❌ 三種策略皆失敗
[2026-08-18 00:39:59] [142/5921] 內埤海灣 (Attraction_376420000A_000008)
[2026-08-18 00:40:08]    ❌ 三種策略皆失敗
[2026-08-18 00:40:10] [143/5921] 頂寮生態公園 (Attraction_376420000A_000009)
[2026-08-18 00:40:14]    ✅ 成功抓到 7 筆時段
[2026-08-18 00:40:16] [144/5921] 獅子公園 (Attraction_376420000A_000010)
[2026-08-18 00:40:19]    ✅ 成功抓到 7 筆時段
[2026-08-18 00:40:21] [145/5921] 東澳灣 粉鳥林漁港 (Attraction_376420000A_000011)
[2026-08-18 00:40:25]    ❌ 三種策略皆失敗
[2026-08-18 00:40:27] [146/5921] 無尾港水鳥保護區 (Attraction_376420000A_000012)
[2026-08-18 00:40:31]    ✅ 成功抓到 7 筆時段
[2026-08-18 00:40:33] [147/5921] 朝陽漁港 (Attraction_376420000A_000013)
[2026-08-18 00:40:42]    ❌ 三種策略皆失敗
[2026-08-18 00:40:44] [148/5921] 朝陽國家步道 (Attraction_376420000A_000014)
[2026-08-18 00:40:48]    ✅ 成功抓到 7 筆時段
[2026-08-18 00:40:50] [149/5921] 砲台山風景區 (Attraction_376420000A_000016)
[2026-08-18 00:40:56]    (透過策略2成功)
[2026-08-18 00:40:56]    ✅ 成功抓到 7 筆時段
[2026-08-18 00:40:58] [150/5921] 南方澳大橋 (Attraction_376420000A_000017)
[2026-08-18 00:41:06]    ✅ 成功抓到 7 筆時段
[2026-08-18 00:41:06]    💾 存檔！已處理 150/5921 | 成功 91 | 失敗 59
[2026-08-18 00:41:06]       資料庫共 317 筆，其中 234 筆有營業時間
[2026-08-18 00:41:06]       速度 8.9 筆/分鐘 | 預估剩餘 649 分鐘
[2026-08-18 00:41:08] [151/5921] 南方澳觀景台 (Attraction_376420000A_000018)
[2026-08-18 00:41:11]    ✅ 成功抓到 7 筆時段
[2026-08-18 00:41:13] [152/5921] 七星嶺步道 (Attraction_376420000A_000019)
[2026-08-18 00:41:18]    ❌ 三種策略皆失敗
[2026-08-18 00:41:20] [153/5921] 蜡藝蜡筆城堡 (Attraction_376420000A_000020)
[2026-08-18 00:41:23]    ✅ 成功抓到 7 筆時段
[2026-08-18 00:41:25] [154/5921] 白米木屐村 (Attraction_376420000A_000021)
[2026-08-18 00:41:30]    ❌ 三種策略皆失敗
[2026-08-18 00:41:32] [155/5921] 宜蘭餅發明館 (Attraction_376420000A_000023)
[2026-08-18 00:41:35]    ✅ 成功抓到 7 筆時段
[2026-08-18 00:41:37] [156/5921] 東方纏工藝館 (Attraction_376420000A_000024)
[2026-08-18 00:41:40]    ✅ 成功抓到 7 筆時段
[2026-08-18 00:41:42] [157/5921] 後山公路文物館 (Attraction_376420000A_000025)
[2026-08-18 00:41:46]    ✅ 成功抓到 7 筆時段
[2026-08-18 00:41:48] [158/5921] 討海文化館 (Attraction_376420000A_000026)
[2026-08-18 00:41:51]    ✅ 成功抓到 7 筆時段
[2026-08-18 00:41:53] [159/5921] 珊瑚法界博物館 (Attraction_376420000A_000029)
[2026-08-18 00:41:56]    ✅ 成功抓到 7 筆時段
[2026-08-18 00:41:58] [160/5921] 一米特米食點心觀光工廠 (Attraction_376420000A_000030)
[2026-08-18 00:42:02]    ✅ 成功抓到 7 筆時段
[2026-08-18 00:42:02]    💾 存檔！已處理 160/5921 | 成功 99 | 失敗 61
[2026-08-18 00:42:02]       資料庫共 327 筆，其中 242 筆有營業時間
[2026-08-18 00:42:02]       速度 9.0 筆/分鐘 | 預估剩餘 641 分鐘
[2026-08-18 00:42:04] [161/5921] 奇麗灣珍奶文化館 (Attraction_376420000A_000031)
[2026-08-18 00:42:07]    ✅ 成功抓到 7 筆時段
[2026-08-18 00:42:09] [162/5921] 祝大漁物產文創館 (Attraction_376420000A_000032)
[2026-08-18 00:42:13]    ✅ 成功抓到 7 筆時段
[2026-08-18 00:42:15] [163/5921] 橘之鄉蜜餞形象館 (Attraction_376420000A_000071)
[2026-08-18 00:42:18]    ✅ 成功抓到 7 筆時段
[2026-08-18 00:42:20] [164/5921] 亞典蛋糕密碼館 (Attraction_376420000A_000072)
[2026-08-18 00:42:24]    ✅ 成功抓到 7 筆時段
[2026-08-18 00:42:26] [165/5921] 吳沙故居 (Attraction_376420000A_000073)
[2026-08-18 00:42:29]    ✅ 成功抓到 7 筆時段
[2026-08-18 00:42:31] [166/5921] 武暖石板橋 (Attraction_376420000A_000074)
[2026-08-18 00:42:35]    ✅ 成功抓到 7 筆時段
[2026-08-18 00:42:37] [167/5921] 柴圍佃圳水門公園 (Attraction_376420000A_000075)
[2026-08-18 00:42:40]    ✅ 成功抓到 7 筆時段
[2026-08-18 00:42:42] [168/5921] 時潮休閒農業區 (Attraction_376420000A_000076)
[2026-08-18 00:42:46]    ❌ 三種策略皆失敗
[2026-08-18 00:42:48] [169/5921] 大塭觀光休閒養殖場 (Attraction_376420000A_000077)
[2026-08-18 00:42:57]    ✅ 成功抓到 7 筆時段
[2026-08-18 00:42:59] [170/5921] 金車礁溪蘭花園 (Attraction_376420000A_000078)
[2026-08-18 00:43:03]    ❌ 三種策略皆失敗
[2026-08-18 00:43:03]    💾 存檔！已處理 170/5921 | 成功 107 | 失敗 63
[2026-08-18 00:43:03]       資料庫共 337 筆，其中 250 筆有營業時間
[2026-08-18 00:43:03]       速度 9.0 筆/分鐘 | 預估剩餘 637 分鐘
[2026-08-18 00:43:05] [171/5921] 金車生技水產養殖研發中心 (Attraction_376420000A_000080)
[2026-08-18 00:43:09]    ✅ 成功抓到 7 筆時段
[2026-08-18 00:43:11] [172/5921] 呂美麗精雕藝術館 (Attraction_376420000A_000081)
[2026-08-18 00:43:14]    ✅ 成功抓到 7 筆時段
[2026-08-18 00:43:16] [173/5921] 二龍河 (Attraction_376420000A_000082)
[2026-08-18 00:43:21]    ❌ 三種策略皆失敗
[2026-08-18 00:43:23] [174/5921] 二五連水門公園 (Attraction_376420000A_000083)
[2026-08-18 00:43:26]    ✅ 成功抓到 7 筆時段
[2026-08-18 00:43:28] [175/5921] 礁溪蘭花咖啡館 (Attraction_376420000A_000084)
[2026-08-18 00:43:32]    ✅ 成功抓到 7 筆時段
[2026-08-18 00:43:34] [176/5921] 五峰旗風景區 (Attraction_376420000A_000085)
[2026-08-18 00:43:42]    ✅ 成功抓到 7 筆時段
[2026-08-18 00:43:44] [177/5921] 五峰旗聖母朝聖地 (Attraction_376420000A_000086)
[2026-08-18 00:43:47]    ✅ 成功抓到 7 筆時段
[2026-08-18 00:43:49] [178/5921] 跑馬古道 (Attraction_376420000A_000087)
[2026-08-18 00:43:54]    ❌ 三種策略皆失敗
[2026-08-18 00:43:56] [179/5921] 礁溪站前廣場 (Attraction_376420000A_000088)
[2026-08-18 00:44:01]    ❌ 三種策略皆失敗
[2026-08-18 00:44:03] [180/5921] 礁溪溫泉廣場 (Attraction_376420000A_000090)
[2026-08-18 00:44:06]    ✅ 成功抓到 7 筆時段
[2026-08-18 00:44:06]    💾 存檔！已處理 180/5921 | 成功 114 | 失敗 66
[2026-08-18 00:44:06]       資料庫共 347 筆，其中 257 筆有營業時間
[2026-08-18 00:44:06]       速度 9.1 筆/分鐘 | 預估剩餘 634 分鐘
[2026-08-18 00:44:08] [181/5921] 礁溪溫泉地景廣場 (Attraction_376420000A_000091)
[2026-08-18 00:44:12]    ❌ 三種策略皆失敗
[2026-08-18 00:44:14] [182/5921] 湯圍溝溫泉公園(湯圍風呂) (Attraction_376420000A_000092)
[2026-08-18 00:44:21]    ❌ 三種策略皆失敗
[2026-08-18 00:44:23] [183/5921] 礁溪德陽宮 (Attraction_376420000A_000093)
[2026-08-18 00:44:27]    ✅ 成功抓到 7 筆時段
[2026-08-18 00:44:29] [184/5921] 礁溪協天廟 (Attraction_376420000A_000094)
[2026-08-18 00:44:37]    ✅ 成功抓到 7 筆時段
[2026-08-18 00:44:39] [185/5921] 湯戀物產館 (Attraction_376420000A_000095)
[2026-08-18 00:44:42]    ✅ 成功抓到 7 筆時段
[2026-08-18 00:44:44] [186/5921] 猴洞坑瀑布 (Attraction_376420000A_000096)
[2026-08-18 00:44:48]    ✅ 成功抓到 7 筆時段
[2026-08-18 00:44:50] [187/5921] 礁溪溫泉公園 (Attraction_376420000A_000097)
[2026-08-18 00:44:54]    ❌ 三種策略皆失敗
[2026-08-18 00:44:56] [188/5921] 林美石磐步道 (Attraction_376420000A_000100)
[2026-08-18 00:45:00]    ✅ 成功抓到 7 筆時段
[2026-08-18 00:45:02] [189/5921] 礁溪高爾夫球場 (Attraction_376420000A_000101)
[2026-08-18 00:45:05]    ✅ 成功抓到 7 筆時段
[2026-08-18 00:45:07] [190/5921] 林美金棗文化館 (Attraction_376420000A_000102)
[2026-08-18 00:45:10]    ✅ 成功抓到 7 筆時段
[2026-08-18 00:45:10]    💾 存檔！已處理 190/5921 | 成功 121 | 失敗 69
[2026-08-18 00:45:10]       資料庫共 357 筆，其中 264 筆有營業時間
[2026-08-18 00:45:10]       速度 9.1 筆/分鐘 | 預估剩餘 632 分鐘
[2026-08-18 00:45:12] [191/5921] 玉清宮 (Attraction_376420000A_000103)
[2026-08-18 00:45:21]    ✅ 成功抓到 7 筆時段
[2026-08-18 00:45:23] [192/5921] 龍潭湖風景區 (Attraction_376420000A_000104)
[2026-08-18 00:45:27]    ❌ 三種策略皆失敗
[2026-08-18 00:45:29] [193/5921] 北關海潮公園 (Attraction_376420000A_000215)
[2026-08-18 00:45:33]    ✅ 成功抓到 7 筆時段
[2026-08-18 00:45:35] [194/5921] 宜蘭傳藝園區 (Attraction_376420000A_000231)
[2026-08-18 00:45:38]    ✅ 成功抓到 7 筆時段
[2026-08-18 00:45:40] [195/5921] 幾米廣場(丟丟噹森林公園) (Attraction_376420000A_000232)
[2026-08-18 00:45:44]    ✅ 成功抓到 7 筆時段
[2026-08-18 00:45:46] [196/5921] 東門夜市 (Attraction_376420000A_000233)
[2026-08-18 00:45:50]    ✅ 成功抓到 7 筆時段
[2026-08-18 00:45:52] [197/5921] 頭城老街 (Attraction_376420000A_000234)
[2026-08-18 00:45:57]    (透過策略2成功)
[2026-08-18 00:45:57]    ✅ 成功抓到 7 筆時段
[2026-08-18 00:45:59] [198/5921] 永鎮海濱公園 (Attraction_376420000A_000240)
[2026-08-18 00:46:04]    ❌ 三種策略皆失敗
[2026-08-18 00:46:06] [199/5921] 東港榕樹公園 (Attraction_376420000A_000241)
[2026-08-18 00:46:09]    ✅ 成功抓到 7 筆時段
[2026-08-18 00:46:11] [200/5921] 羅東觀光夜市 (Attraction_376420000A_000246)
[2026-08-18 00:46:15]    ✅ 成功抓到 7 筆時段
[2026-08-18 00:46:15]    💾 存檔！已處理 200/5921 | 成功 129 | 失敗 71
[2026-08-18 00:46:15]       資料庫共 367 筆，其中 272 筆有營業時間
[2026-08-18 00:46:15]       速度 9.1 筆/分鐘 | 預估剩餘 630 分鐘
[2026-08-18 00:46:17] [201/5921] 羅東運動公園 (Attraction_376420000A_000247)
[2026-08-18 00:46:20]    ✅ 成功抓到 7 筆時段
[2026-08-18 00:46:22] [202/5921] 宜蘭河濱公園 (Attraction_376420000A_000248)
[2026-08-18 00:46:26]    ✅ 成功抓到 7 筆時段
[2026-08-18 00:46:28] [203/5921] 天送埤車站 (Attraction_376420000A_000249)
[2026-08-18 00:46:38]    (透過策略2成功)
[2026-08-18 00:46:38]    ✅ 成功抓到 7 筆時段
[2026-08-18 00:46:40] [204/5921] 清水地熱公園 (Attraction_376420000A_000251)
[2026-08-18 00:46:44]    ✅ 成功抓到 7 筆時段
[2026-08-18 00:46:46] [205/5921] 寒溪吊橋 (Attraction_376420000A_000252)
[2026-08-18 00:46:50]    ❌ 三種策略皆失敗
[2026-08-18 00:46:52] [206/5921] 石牌縣界公園 (Attraction_376420000A_000253)
[2026-08-18 00:46:56]    ✅ 成功抓到 7 筆時段
[2026-08-18 00:46:58] [207/5921] 中興文化創意園區 (Attraction_376420000A_000254)
[2026-08-18 00:47:01]    ✅ 成功抓到 7 筆時段
[2026-08-18 00:47:03] [208/5921] 宜蘭運動公園 (Attraction_376420000A_000255)
[2026-08-18 00:47:07]    ✅ 成功抓到 7 筆時段
[2026-08-18 00:47:09] [209/5921] 冬山三奇美徑 (宜蘭伯朗大道) (Attraction_376420000A_000256)
[2026-08-18 00:47:12]    ✅ 成功抓到 7 筆時段
[2026-08-18 00:47:14] [210/5921] 冬山河親水公園 (Attraction_376420000A_000258)
[2026-08-18 00:47:18]    ✅ 成功抓到 7 筆時段
[2026-08-18 00:47:18]    💾 存檔！已處理 210/5921 | 成功 138 | 失敗 72
[2026-08-18 00:47:18]       資料庫共 377 筆，其中 281 筆有營業時間
[2026-08-18 00:47:18]       速度 9.1 筆/分鐘 | 預估剩餘 627 分鐘
[2026-08-18 00:47:20] [211/5921] 冬山河生態綠舟(冬山河森林公園) (Attraction_376420000A_000259)
[2026-08-18 00:47:33]    (透過策略3成功)
[2026-08-18 00:47:33]    ✅ 成功抓到 7 筆時段
[2026-08-18 00:47:35] [212/5921] 宜蘭文學館 (Attraction_376420000A_000311)
[2026-08-18 00:47:38]    ✅ 成功抓到 7 筆時段
[2026-08-18 00:47:40] [213/5921] 宜蘭設治紀念館 (Attraction_376420000A_000312)
[2026-08-18 00:47:44]    ✅ 成功抓到 7 筆時段
[2026-08-18 00:47:46] [214/5921] 台灣戲劇館 (Attraction_376420000A_000313)
[2026-08-18 00:47:50]    ❌ 三種策略皆失敗
[2026-08-18 00:47:52] [215/5921] 宜蘭美術館 (Attraction_376420000A_000314)
[2026-08-18 00:47:56]    ✅ 成功抓到 7 筆時段
[2026-08-18 00:47:58] [216/5921] 宜蘭酒廠(甲子蘭酒文物館) (Attraction_376420000A_000316)
[2026-08-18 00:48:01]    ✅ 成功抓到 7 筆時段
[2026-08-18 00:48:03] [217/5921] 蘭陽博物館 (Attraction_376420000A_000321)
[2026-08-18 00:48:07]    ✅ 成功抓到 7 筆時段
[2026-08-18 00:48:09] [218/5921] 羅東文化工場 (Attraction_376420000A_000328)
[2026-08-18 00:48:12]    ✅ 成功抓到 7 筆時段
[2026-08-18 00:48:14] [219/5921] 宜蘭河自行車道 (Attraction_376420000A_000339)
[2026-08-18 00:48:17]    ✅ 成功抓到 7 筆時段
[2026-08-18 00:48:19] [220/5921] 濱海自行車道 (Attraction_376420000A_000341)
[2026-08-18 00:48:24]    ❌ 三種策略皆失敗
[2026-08-18 00:48:24]    💾 存檔！已處理 220/5921 | 成功 146 | 失敗 74
[2026-08-18 00:48:24]       資料庫共 387 筆，其中 289 筆有營業時間
[2026-08-18 00:48:24]       速度 9.1 筆/分鐘 | 預估剩餘 626 分鐘
[2026-08-18 00:48:26] [221/5921] 安農溪自行車道 (Attraction_376420000A_000343)
[2026-08-18 00:48:30]    ❌ 三種策略皆失敗
[2026-08-18 00:48:32] [222/5921] 蘭陽溪自行車道 (Attraction_376420000A_000344)
[2026-08-18 00:48:37]    ❌ 三種策略皆失敗
[2026-08-18 00:48:39] [223/5921] 冬山河自行車道 (Attraction_376420000A_000345)
[2026-08-18 00:48:44]    ❌ 三種策略皆失敗
[2026-08-18 00:48:46] [224/5921] 草嶺古道 (Attraction_376420000A_000346)
[2026-08-18 00:48:51]    ❌ 三種策略皆失敗
[2026-08-18 00:48:53] [225/5921] 龜山島 (Attraction_376420000A_000348)
[2026-08-18 00:48:58]    ❌ 三種策略皆失敗
[2026-08-18 00:49:00] [226/5921] 雙連埤野生動物保護區 (Attraction_376420000A_000358)
[2026-08-18 00:49:14]    ❌ 三種策略皆失敗
[2026-08-18 00:49:16] [227/5921] 蜊埤湖 (Attraction_376420000A_000359)
[2026-08-18 00:49:20]    ✅ 成功抓到 7 筆時段
[2026-08-18 00:49:22] [228/5921] 福山植物園 (Attraction_376420000A_000360)
[2026-08-18 00:49:25]    ✅ 成功抓到 7 筆時段
[2026-08-18 00:49:27] [229/5921] 太平山國家森林遊樂區 (Attraction_376420000A_000367)
[2026-08-18 00:49:32]    ❌ 三種策略皆失敗
[2026-08-18 00:49:34] [230/5921] 明池森林遊樂區 (Attraction_376420000A_000368)
[2026-08-18 00:49:38]    ❌ 三種策略皆失敗
[2026-08-18 00:49:38]    💾 存檔！已處理 230/5921 | 成功 148 | 失敗 82
[2026-08-18 00:49:38]       資料庫共 397 筆，其中 291 筆有營業時間
[2026-08-18 00:49:38]       速度 9.1 筆/分鐘 | 預估剩餘 629 分鐘
[2026-08-18 00:49:40] [231/5921] 棲蘭森林遊樂區 (Attraction_376420000A_000369)
[2026-08-18 00:49:45]    ❌ 三種策略皆失敗
[2026-08-18 00:49:47] [232/5921] 烏石港驛站 (Attraction_376420000A_000385)
[2026-08-18 00:49:50]    ✅ 成功抓到 7 筆時段
[2026-08-18 00:49:52] [233/5921] 清水大閘門 (Attraction_376420000A_000386)
[2026-08-18 00:49:57]    ❌ 三種策略皆失敗
[2026-08-18 00:49:59] [234/5921] 外澳海灘 (Attraction_376420000A_000388)
[2026-08-18 00:50:08]    ❌ 三種策略皆失敗
[2026-08-18 00:50:10] [235/5921] 仁山植物園 (Attraction_376420000A_000390)
[2026-08-18 00:50:16]    (透過策略2成功)
[2026-08-18 00:50:16]    ✅ 成功抓到 7 筆時段
[2026-08-18 00:50:18] [236/5921] 梅花湖風景區 (Attraction_376420000A_000392)
[2026-08-18 00:50:23]    ❌ 三種策略皆失敗
[2026-08-18 00:50:25] [237/5921] 新寮瀑布步道 (Attraction_376420000A_000393)
[2026-08-18 00:50:34]    ❌ 三種策略皆失敗
[2026-08-18 00:50:36] [238/5921] 東岳湧泉 (Attraction_376420000A_000395)
[2026-08-18 00:50:45]    ✅ 成功抓到 7 筆時段
[2026-08-18 00:50:47] [239/5921] 望龍埤 (Attraction_376420000A_000410)
[2026-08-18 00:50:50]    ✅ 成功抓到 7 筆時段
[2026-08-18 00:50:52] [240/5921] 長埤湖風景區 (Attraction_376420000A_000413)
[2026-08-18 00:51:01]    ✅ 成功抓到 7 筆時段
[2026-08-18 00:51:01]    💾 存檔！已處理 240/5921 | 成功 153 | 失敗 87
[2026-08-18 00:51:01]       資料庫共 407 筆，其中 296 筆有營業時間
[2026-08-18 00:51:01]       速度 9.0 筆/分鐘 | 預估剩餘 634 分鐘
[2026-08-18 00:51:03] [241/5921] 昭應宮 (Attraction_376420000A_000416)
[2026-08-18 00:51:06]    ✅ 成功抓到 7 筆時段
[2026-08-18 00:51:08] [242/5921] 宜蘭磚窯 (Attraction_376420000A_000417)
[2026-08-18 00:51:11]    ✅ 成功抓到 7 筆時段
[2026-08-18 00:51:13] [243/5921] 羅東林業文化園區 (Attraction_376420000A_000426)
[2026-08-18 00:51:18]    ✅ 成功抓到 7 筆時段
[2026-08-18 00:51:20] [244/5921] 二結王公廟 (Attraction_376420000A_000430)
[2026-08-18 00:51:24]    ❌ 三種策略皆失敗
[2026-08-18 00:51:26] [245/5921] 道教總廟三清宮 (Attraction_376420000A_000432)
[2026-08-18 00:51:29]    ✅ 成功抓到 7 筆時段
[2026-08-18 00:51:31] [246/5921] 奉尊宮 (Attraction_376420000A_000433)
[2026-08-18 00:51:36]    ❌ 三種策略皆失敗
[2026-08-18 00:51:38] [247/5921] 莎貝莉娜精靈印畫學院 (Attraction_376420000A_000435)
[2026-08-18 00:51:41]    ✅ 成功抓到 7 筆時段
[2026-08-18 00:51:43] [248/5921] 菌寶貝博物館 (Attraction_376420000A_000436)
[2026-08-18 00:51:47]    ✅ 成功抓到 7 筆時段
[2026-08-18 00:51:49] [249/5921] 金車噶瑪蘭威士忌酒廠 (Attraction_376420000A_000442)
[2026-08-18 00:51:52]    ✅ 成功抓到 7 筆時段
[2026-08-18 00:51:54] [250/5921] 養蜂人家蜂采館 (Attraction_376420000A_000443)
[2026-08-18 00:51:58]    ✅ 成功抓到 7 筆時段
[2026-08-18 00:51:58]    💾 存檔！已處理 250/5921 | 成功 161 | 失敗 89
[2026-08-18 00:51:58]       資料庫共 417 筆，其中 304 筆有營業時間
[2026-08-18 00:51:58]       速度 9.0 筆/分鐘 | 預估剩餘 629 分鐘
[2026-08-18 00:52:00] [251/5921] 香草菲菲芳香植物博物館 (Attraction_376420000A_000444)
[2026-08-18 00:52:03]    ✅ 成功抓到 7 筆時段
[2026-08-18 00:52:05] [252/5921] 九寮溪自然步道 (Attraction_376420000A_000461)
[2026-08-18 00:52:09]    ✅ 成功抓到 7 筆時段
[2026-08-18 00:52:11] [253/5921] 清溝夜市 (Attraction_376420000A_000462)
[2026-08-18 00:52:14]    ✅ 成功抓到 7 筆時段
[2026-08-18 00:52:16] [254/5921] 桃園火車站前商圈 (Attraction_376430000A_000011)
[2026-08-18 00:52:25]    ✅ 成功抓到 7 筆時段
[2026-08-18 00:52:27] [255/5921] 桃園忠烈祠暨神社文化園區 (Attraction_376430000A_000012)
[2026-08-18 00:52:35]    ✅ 成功抓到 7 筆時段
[2026-08-18 00:52:37] [256/5921] 景福宮 (Attraction_376430000A_000013)
[2026-08-18 00:52:43]    (透過策略2成功)
[2026-08-18 00:52:43]    ✅ 成功抓到 7 筆時段
[2026-08-18 00:52:45] [257/5921] 奧爾森林學堂 (Attraction_376430000A_000014)
[2026-08-18 00:52:49]    ✅ 成功抓到 7 筆時段
[2026-08-18 00:52:51] [258/5921] 角板山行館 (Attraction_376430000A_000050)
[2026-08-18 00:52:56]    (透過策略2成功)
[2026-08-18 00:52:56]    ✅ 成功抓到 7 筆時段
[2026-08-18 00:52:58] [259/5921] 三民蝙蝠洞 (Attraction_376430000A_000054)
[2026-08-18 00:53:02]    ✅ 成功抓到 7 筆時段
[2026-08-18 00:53:04] [260/5921] 東眼山國家森林遊樂區 (Attraction_376430000A_000057)
[2026-08-18 00:53:07]    ✅ 成功抓到 7 筆時段
[2026-08-18 00:53:07]    💾 存檔！已處理 260/5921 | 成功 171 | 失敗 89
[2026-08-18 00:53:07]       資料庫共 427 筆，其中 314 筆有營業時間
[2026-08-18 00:53:07]       速度 9.0 筆/分鐘 | 預估剩餘 629 分鐘
[2026-08-18 00:53:09] [261/5921] 北橫三橋（羅浮橋、復興橋、巴陵橋） (Attraction_376430000A_000061)
[2026-08-18 00:53:16]    ❌ 三種策略皆失敗
[2026-08-18 00:53:18] [262/5921] 拉拉山巨木區（拉拉山國家森林遊樂區） (Attraction_376430000A_000063)
[2026-08-18 00:53:26]    (透過策略3成功)
[2026-08-18 00:53:26]    ✅ 成功抓到 7 筆時段
[2026-08-18 00:53:28] [263/5921] 綠光森林 (Attraction_376430000A_000086)
[2026-08-18 00:53:38]    ❌ 三種策略皆失敗
[2026-08-18 00:53:40] [264/5921] 國立中央大學 (Attraction_376430000A_000104)
[2026-08-18 00:53:44]    ✅ 成功抓到 7 筆時段
[2026-08-18 00:53:46] [265/5921] 大江國際購物中心 (Attraction_376430000A_000106)
[2026-08-18 00:53:49]    ✅ 成功抓到 7 筆時段
[2026-08-18 00:53:51] [266/5921] 黑松飲料博物館 (Attraction_376430000A_000108)
[2026-08-18 00:53:55]    ✅ 成功抓到 7 筆時段
[2026-08-18 00:53:57] [267/5921] 郭元益糕餅博物館 (Attraction_376430000A_000118)
[2026-08-18 00:54:02]    (透過策略2成功)
[2026-08-18 00:54:02]    ✅ 成功抓到 7 筆時段
[2026-08-18 00:54:04] [268/5921] 雅聞魅力博覽館 (Attraction_376430000A_000119)
[2026-08-18 00:54:08]    ✅ 成功抓到 7 筆時段
[2026-08-18 00:54:10] [269/5921] 台塑企業文物館 (Attraction_376430000A_000134)
[2026-08-18 00:54:13]    ✅ 成功抓到 7 筆時段
[2026-08-18 00:54:15] [270/5921] 桃園酒廠 (Attraction_376430000A_000135)
[2026-08-18 00:54:24]    ✅ 成功抓到 7 筆時段
[2026-08-18 00:54:24]    💾 存檔！已處理 270/5921 | 成功 179 | 失敗 91
[2026-08-18 00:54:24]       資料庫共 437 筆，其中 322 筆有營業時間
[2026-08-18 00:54:24]       速度 9.0 筆/分鐘 | 預估剩餘 631 分鐘
[2026-08-18 00:54:26] [271/5921] 南僑桃園生活體驗園區 (Attraction_376430000A_000137)
[2026-08-18 00:54:30]    ❌ 三種策略皆失敗
[2026-08-18 00:54:32] [272/5921] 台茂購物中心 (Attraction_376430000A_000186)
[2026-08-18 00:54:38]    (透過策略2成功)
[2026-08-18 00:54:38]    ✅ 成功抓到 7 筆時段
[2026-08-18 00:54:40] [273/5921] 竹圍漁港 (Attraction_376430000A_000188)
[2026-08-18 00:54:44]    ✅ 成功抓到 7 筆時段
[2026-08-18 00:54:46] [274/5921] 溪海休閒農業區 (Attraction_376430000A_000248)
[2026-08-18 00:54:56]    (透過策略2成功)
[2026-08-18 00:54:56]    ✅ 成功抓到 7 筆時段
[2026-08-18 00:54:58] [275/5921] 白沙岬燈塔 (Attraction_376430000A_000276)
[2026-08-18 00:55:02]    ✅ 成功抓到 7 筆時段
[2026-08-18 00:55:04] [276/5921] 觀音自行車道 (Attraction_376430000A_000283)
[2026-08-18 00:55:10]    (透過策略2成功)
[2026-08-18 00:55:10]    ✅ 成功抓到 7 筆時段
[2026-08-18 00:55:12] [277/5921] 甘泉寺 (Attraction_376430000A_000292)
[2026-08-18 00:55:20]    ✅ 成功抓到 7 筆時段
[2026-08-18 00:55:22] [278/5921] 范姜老屋群 (Attraction_376430000A_000308)
[2026-08-18 00:55:25]    ✅ 成功抓到 7 筆時段
[2026-08-18 00:55:27] [279/5921] 老K舒眠文化館 (Attraction_376430000A_000309)
[2026-08-18 00:55:31]    ✅ 成功抓到 7 筆時段
[2026-08-18 00:55:33] [280/5921] 新屋綠色走廊 (Attraction_376430000A_000311)
[2026-08-18 00:55:36]    ✅ 成功抓到 7 筆時段
[2026-08-18 00:55:36]    💾 存檔！已處理 280/5921 | 成功 188 | 失敗 92
[2026-08-18 00:55:36]       資料庫共 447 筆，其中 331 筆有營業時間
[2026-08-18 00:55:36]       速度 8.9 筆/分鐘 | 預估剩餘 632 分鐘
[2026-08-18 00:55:38] [281/5921] 永安漁港 (Attraction_376430000A_000314)
[2026-08-18 00:55:47]    ✅ 成功抓到 7 筆時段
[2026-08-18 00:55:49] [282/5921] 龍潭三水里茶園 (Attraction_376430000A_000330)
[2026-08-18 00:55:53]    ❌ 三種策略皆失敗
[2026-08-18 00:55:55] [283/5921] 龍潭觀光大池 (Attraction_376430000A_000332)
[2026-08-18 00:56:00]    ❌ 三種策略皆失敗
[2026-08-18 00:56:02] [284/5921] 桃園客家文化館 (Attraction_376430000A_000333)
[2026-08-18 00:56:07]    ❌ 三種策略皆失敗
[2026-08-18 00:56:09] [285/5921] 龍潭聖蹟亭 (Attraction_376430000A_000334)
[2026-08-18 00:56:12]    ✅ 成功抓到 7 筆時段
[2026-08-18 00:56:14] [286/5921] 八德三元宮 (Attraction_376430000A_000335)
[2026-08-18 00:56:18]    ✅ 成功抓到 7 筆時段
[2026-08-18 00:56:20] [287/5921] 三坑老街 (Attraction_376430000A_000337)
[2026-08-18 00:56:23]    ✅ 成功抓到 7 筆時段
[2026-08-18 00:56:25] [288/5921] 小人國 (Attraction_376430000A_000347)
[2026-08-18 00:56:34]    ✅ 成功抓到 7 筆時段
[2026-08-18 00:56:36] [289/5921] 石門水庫 (Attraction_376430000A_000351)
[2026-08-18 00:56:40]    ❌ 三種策略皆失敗
[2026-08-18 00:56:42] [290/5921] 小粗坑古道 (Attraction_376430000A_000356)
[2026-08-18 00:56:46]    ✅ 成功抓到 7 筆時段
[2026-08-18 00:56:46]    💾 存檔！已處理 290/5921 | 成功 194 | 失敗 96
[2026-08-18 00:56:46]       資料庫共 457 筆，其中 337 筆有營業時間
[2026-08-18 00:56:46]       速度 8.9 筆/分鐘 | 預估剩餘 632 分鐘
[2026-08-18 00:56:48] [291/5921] 平鎮褒忠祠(義民廟) (Attraction_376430000A_000359)
[2026-08-18 00:56:51]    ✅ 成功抓到 7 筆時段
[2026-08-18 00:56:53] [292/5921] 大溪陵寢 (Attraction_376430000A_000373)
[2026-08-18 00:56:57]    ✅ 成功抓到 7 筆時段
[2026-08-18 00:56:59] [293/5921] 慈湖紀念雕塑公園 (Attraction_376430000A_000376)
[2026-08-18 00:57:02]    ✅ 成功抓到 7 筆時段
[2026-08-18 00:57:04] [294/5921] 慈湖遊客中心 (Attraction_376430000A_000381)
[2026-08-18 00:57:08]    ✅ 成功抓到 7 筆時段
[2026-08-18 00:57:10] [295/5921] 慈湖陵寢（前慈湖） (Attraction_376430000A_000383)
[2026-08-18 00:57:13]    ✅ 成功抓到 7 筆時段
[2026-08-18 00:57:15] [296/5921] 後慈湖 (Attraction_376430000A_000386)
[2026-08-18 00:57:21]    (透過策略2成功)
[2026-08-18 00:57:21]    ✅ 成功抓到 7 筆時段
[2026-08-18 00:57:23] [297/5921] 大溪木藝生態博物館﹣大溪公會堂 (Attraction_376430000A_000389)
[2026-08-18 00:57:26]    ✅ 成功抓到 7 筆時段
[2026-08-18 00:57:28] [298/5921] 大溪木藝生態博物館﹣武德殿 (Attraction_376430000A_000392)
[2026-08-18 00:57:32]    ✅ 成功抓到 7 筆時段
[2026-08-18 00:57:34] [299/5921] 大溪中正公園 (Attraction_376430000A_000395)
[2026-08-18 00:57:37]    ✅ 成功抓到 7 筆時段
[2026-08-18 00:57:39] [300/5921] 頭寮大池賞鳥 (Attraction_376430000A_000398)
[2026-08-18 00:57:43]    ✅ 成功抓到 7 筆時段
[2026-08-18 00:57:43]    💾 存檔！已處理 300/5921 | 成功 204 | 失敗 96
[2026-08-18 00:57:43]       資料庫共 467 筆，其中 347 筆有營業時間
[2026-08-18 00:57:43]       速度 9.0 筆/分鐘 | 預估剩餘 627 分鐘
[2026-08-18 00:57:45] [301/5921] 百吉林蔭步道 (Attraction_376430000A_000400)
[2026-08-18 00:57:48]    ✅ 成功抓到 7 筆時段
[2026-08-18 00:57:50] [302/5921] 齋明寺古道 (Attraction_376430000A_000403)
[2026-08-18 00:57:58]    ✅ 成功抓到 7 筆時段
[2026-08-18 00:58:00] [303/5921] 御成路古道 (Attraction_376430000A_000405)
[2026-08-18 00:58:04]    ✅ 成功抓到 7 筆時段
[2026-08-18 00:58:06] [304/5921] 富田香草休閒農場(富田花園農場) (Attraction_376430000A_000407)
[2026-08-18 00:58:09]    ✅ 成功抓到 7 筆時段
[2026-08-18 00:58:11] [305/5921] 李騰芳古宅 (Attraction_376430000A_000411)
[2026-08-18 00:58:15]    ✅ 成功抓到 7 筆時段
[2026-08-18 00:58:17] [306/5921] 大溪老街 (Attraction_376430000A_000414)
[2026-08-18 00:58:20]    ✅ 成功抓到 7 筆時段
[2026-08-18 00:58:22] [307/5921] 東和音樂體驗館 (Attraction_376430000A_000423)
[2026-08-18 00:58:26]    ✅ 成功抓到 7 筆時段
[2026-08-18 00:58:28] [308/5921] 龜山第一河濱公園 (Attraction_376430000A_000477)
[2026-08-18 00:58:31]    ✅ 成功抓到 7 筆時段
[2026-08-18 00:58:33] [309/5921] 五酒桶山步道 (Attraction_376430000A_000478)
[2026-08-18 00:58:37]    ✅ 成功抓到 7 筆時段
[2026-08-18 00:58:39] [310/5921] 台灣高鐵桃園站 (Attraction_376430000A_000479)
[2026-08-18 00:58:49]    ❌ 三種策略皆失敗
[2026-08-18 00:58:49]    💾 存檔！已處理 310/5921 | 成功 213 | 失敗 97
[2026-08-18 00:58:49]       資料庫共 477 筆，其中 356 筆有營業時間
[2026-08-18 00:58:49]       速度 9.0 筆/分鐘 | 預估剩餘 626 分鐘
[2026-08-18 00:58:51] [311/5921] 林家古厝休閒農場 (Attraction_376430000A_000481)
[2026-08-18 00:58:54]    ✅ 成功抓到 7 筆時段
[2026-08-18 00:58:56] [312/5921] 蓮荷園休閒農場 (Attraction_376430000A_000483)
[2026-08-18 00:59:00]    ✅ 成功抓到 7 筆時段
[2026-08-18 00:59:02] [313/5921] 九斗休閒農場 (Attraction_376430000A_000487)
[2026-08-18 00:59:05]    ✅ 成功抓到 7 筆時段
[2026-08-18 00:59:07] [314/5921] 溪口台地 (Attraction_376430000A_000494)
[2026-08-18 00:59:12]    ❌ 三種策略皆失敗
[2026-08-18 00:59:14] [315/5921] 蓮座山觀音寺 (Attraction_376430000A_000499)
[2026-08-18 00:59:20]    (透過策略2成功)
[2026-08-18 00:59:20]    ✅ 成功抓到 7 筆時段
[2026-08-18 00:59:22] [316/5921] 光泉牛奶園地（大園廠） (Attraction_376430000A_000502)
[2026-08-18 00:59:28]    ❌ 三種策略皆失敗
[2026-08-18 00:59:30] [317/5921] 金車咖啡文教館 (Attraction_376430000A_000503)
[2026-08-18 00:59:34]    ✅ 成功抓到 7 筆時段
[2026-08-18 00:59:36] [318/5921] 八德埤塘自然生態公園 (Attraction_376430000A_000505)
[2026-08-18 00:59:39]    ✅ 成功抓到 7 筆時段
[2026-08-18 00:59:41] [319/5921] 青塘園 (Attraction_376430000A_000506)
[2026-08-18 00:59:47]    (透過策略2成功)
[2026-08-18 00:59:47]    ✅ 成功抓到 7 筆時段
[2026-08-18 00:59:49] [320/5921] 桃園藝文廣場 (Attraction_376430000A_000511)
[2026-08-18 00:59:53]    ✅ 成功抓到 7 筆時段
[2026-08-18 00:59:53]    💾 存檔！已處理 320/5921 | 成功 221 | 失敗 99
[2026-08-18 00:59:53]       資料庫共 487 筆，其中 364 筆有營業時間
[2026-08-18 00:59:53]       速度 9.0 筆/分鐘 | 預估剩餘 624 分鐘
[2026-08-18 00:59:55] [321/5921] 南崁五福宮 (Attraction_376430000A_000536)
[2026-08-18 00:59:58]    ✅ 成功抓到 7 筆時段
[2026-08-18 01:00:00] [322/5921] 壽山巖觀音寺 (Attraction_376430000A_000537)
[2026-08-18 01:00:04]    ✅ 成功抓到 7 筆時段
[2026-08-18 01:00:06] [323/5921] 大溪齋明寺 (Attraction_376430000A_000538)
[2026-08-18 01:00:09]    ✅ 成功抓到 7 筆時段
[2026-08-18 01:00:11] [324/5921] 小烏來天空步道 (Attraction_376430000A_000583)
[2026-08-18 01:00:15]    ✅ 成功抓到 7 筆時段
[2026-08-18 01:00:17] [325/5921] 原住民族文化會館 (Attraction_376430000A_000588)
[2026-08-18 01:00:23]    (透過策略2成功)
[2026-08-18 01:00:23]    ✅ 成功抓到 7 筆時段
[2026-08-18 01:00:25] [326/5921] 佳安里(石門十一份) (Attraction_376430000A_000589)
[2026-08-18 01:00:32]    ❌ 三種策略皆失敗
[2026-08-18 01:00:34] [327/5921] 觀音濱海遊憩區 (Attraction_376430000A_000591)
[2026-08-18 01:00:37]    ✅ 成功抓到 7 筆時段
[2026-08-18 01:00:39] [328/5921] 大溪河濱公園 (Attraction_376430000A_000598)
[2026-08-18 01:00:42]    ✅ 成功抓到 7 筆時段
[2026-08-18 01:00:44] [329/5921] 77巧克力共和國 (Attraction_376430000A_000600)
[2026-08-18 01:00:48]    ✅ 成功抓到 7 筆時段
[2026-08-18 01:00:50] [330/5921] 經國紀念館﹙北橫遊客中心﹚ (Attraction_376430000A_000601)
[2026-08-18 01:00:54]    ❌ 三種策略皆失敗
[2026-08-18 01:00:54]    💾 存檔！已處理 330/5921 | 成功 229 | 失敗 101
[2026-08-18 01:00:54]       資料庫共 497 筆，其中 372 筆有營業時間
[2026-08-18 01:00:54]       速度 9.0 筆/分鐘 | 預估剩餘 621 分鐘
[2026-08-18 01:00:56] [331/5921] 老街溪河川教育中心 (Attraction_376430000A_000602)
[2026-08-18 01:01:00]    ✅ 成功抓到 7 筆時段
[2026-08-18 01:01:02] [332/5921] 江記豆腐乳文化館 (Attraction_376430000A_000603)
[2026-08-18 01:01:05]    ✅ 成功抓到 7 筆時段
[2026-08-18 01:01:07] [333/5921] 太平洋自行車博物館 (Attraction_376430000A_000604)
[2026-08-18 01:01:11]    ✅ 成功抓到 7 筆時段
[2026-08-18 01:01:13] [334/5921] 巴陵古道生態園區 (Attraction_376430000A_000605)
[2026-08-18 01:01:16]    ✅ 成功抓到 7 筆時段
[2026-08-18 01:01:18] [335/5921] 桃園1-4號生態埤塘 (Attraction_376430000A_000616)
[2026-08-18 01:01:22]    ✅ 成功抓到 7 筆時段
[2026-08-18 01:01:24] [336/5921] 好時節休閒農場 (好時節農莊) (Attraction_376430000A_000617)
[2026-08-18 01:01:27]    ✅ 成功抓到 7 筆時段
[2026-08-18 01:01:29] [337/5921] 老街溪水岸自行車道 (Attraction_376430000A_000618)
[2026-08-18 01:01:38]    ✅ 成功抓到 7 筆時段
[2026-08-18 01:01:40] [338/5921] 新勢公園 (Attraction_376430000A_000619)
[2026-08-18 01:01:43]    ✅ 成功抓到 7 筆時段
[2026-08-18 01:01:45] [339/5921] 大古山步道 (Attraction_376430000A_000651)
[2026-08-18 01:01:49]    ✅ 成功抓到 7 筆時段
[2026-08-18 01:01:51] [340/5921] 羊稠森林步道 (Attraction_376430000A_000652)
[2026-08-18 01:01:55]    ❌ 三種策略皆失敗
[2026-08-18 01:01:55]    💾 存檔！已處理 340/5921 | 成功 238 | 失敗 102
[2026-08-18 01:01:55]       資料庫共 507 筆，其中 381 筆有營業時間
[2026-08-18 01:01:55]       速度 9.0 筆/分鐘 | 預估剩餘 619 分鐘
[2026-08-18 01:01:57] [341/5921] 長流當代美術館(桃園館) (Attraction_376430000A_000653)
[2026-08-18 01:02:05]    (透過策略3成功)
[2026-08-18 01:02:05]    ✅ 成功抓到 7 筆時段
[2026-08-18 01:02:07] [342/5921] 龍情‧魔幻豆子主題館 (Attraction_376430000A_000655)
[2026-08-18 01:02:10]    ✅ 成功抓到 7 筆時段
[2026-08-18 01:02:12] [343/5921] 祥儀機器人夢工廠 (Attraction_376430000A_000957)
[2026-08-18 01:02:21]    ✅ 成功抓到 7 筆時段
[2026-08-18 01:02:23] [344/5921] 卡司‧蒂菈樂園（金格觀光工廠） (Attraction_376430000A_000958)
[2026-08-18 01:02:31]    ✅ 成功抓到 7 筆時段
[2026-08-18 01:02:33] [345/5921] 興仁夜市 (Attraction_376430000A_000959)
[2026-08-18 01:02:44]    (透過策略2成功)
[2026-08-18 01:02:44]    ✅ 成功抓到 7 筆時段
[2026-08-18 01:02:46] [346/5921] 霄裡大池(霄裡池) (Attraction_376430000A_000960)
[2026-08-18 01:02:52]    (透過策略2成功)
[2026-08-18 01:02:52]    ✅ 成功抓到 7 筆時段
[2026-08-18 01:02:54] [347/5921] 許厝港濕地 (Attraction_376430000A_000961)
[2026-08-18 01:02:57]    ✅ 成功抓到 7 筆時段
[2026-08-18 01:02:59] [348/5921] 大溪老茶廠 (Attraction_376430000A_000963)
[2026-08-18 01:03:03]    ✅ 成功抓到 7 筆時段
[2026-08-18 01:03:05] [349/5921] 馬祖新村眷村文創園區 (Attraction_376430000A_000964)
[2026-08-18 01:03:09]    ✅ 成功抓到 7 筆時段
[2026-08-18 01:03:11] [350/5921] 中壢觀光夜市 (Attraction_376430000A_000965)
[2026-08-18 01:03:14]    ✅ 成功抓到 7 筆時段
[2026-08-18 01:03:14]    💾 存檔！已處理 350/5921 | 成功 248 | 失敗 102
[2026-08-18 01:03:14]       資料庫共 517 筆，其中 391 筆有營業時間
[2026-08-18 01:03:14]       速度 9.0 筆/分鐘 | 預估剩餘 621 分鐘
[2026-08-18 01:03:16] [351/5921] 中原商圈 (中原夜市) (Attraction_376430000A_000966)
[2026-08-18 01:03:25]    ✅ 成功抓到 7 筆時段
[2026-08-18 01:03:27] [352/5921] 中平路商圈 (Attraction_376430000A_000967)
[2026-08-18 01:03:30]    ✅ 成功抓到 7 筆時段
[2026-08-18 01:03:32] [353/5921] 羊世界牧場 (Attraction_376430000A_000968)
[2026-08-18 01:03:35]    ✅ 成功抓到 7 筆時段
[2026-08-18 01:03:37] [354/5921] 桃園觀光夜市 (Attraction_376430000A_000969)
[2026-08-18 01:03:41]    ✅ 成功抓到 7 筆時段
[2026-08-18 01:03:43] [355/5921] 孔廟 (Attraction_376430000A_000970)
[2026-08-18 01:03:49]    (透過策略2成功)
[2026-08-18 01:03:49]    ✅ 成功抓到 7 筆時段
[2026-08-18 01:03:51] [356/5921] 虎頭山環保公園 (Attraction_376430000A_000971)
[2026-08-18 01:03:56]    (透過策略2成功)
[2026-08-18 01:03:56]    ✅ 成功抓到 7 筆時段
[2026-08-18 01:03:58] [357/5921] 楓樹坑 (Attraction_376430000A_000972)
[2026-08-18 01:04:08]    ❌ 三種策略皆失敗
[2026-08-18 01:04:10] [358/5921] 忠貞商圈 (Attraction_376430000A_000973)
[2026-08-18 01:04:16]    (透過策略2成功)
[2026-08-18 01:04:16]    ✅ 成功抓到 7 筆時段
[2026-08-18 01:04:18] [359/5921] 比亞外部落 (Attraction_376430000A_000974)
[2026-08-18 01:04:23]    ❌ 三種策略皆失敗
[2026-08-18 01:04:25] [360/5921] 義興吊橋 (Attraction_376430000A_000975)
[2026-08-18 01:04:29]    ✅ 成功抓到 7 筆時段
[2026-08-18 01:04:29]    💾 存檔！已處理 360/5921 | 成功 256 | 失敗 104
[2026-08-18 01:04:29]       資料庫共 527 筆，其中 399 筆有營業時間
[2026-08-18 01:04:29]       速度 8.9 筆/分鐘 | 預估剩餘 622 分鐘
[2026-08-18 01:04:31] [361/5921] 富岡老街 (Attraction_376430000A_000977)
[2026-08-18 01:04:34]    ✅ 成功抓到 7 筆時段
[2026-08-18 01:04:36] [362/5921] 秀才登山步道 (Attraction_376430000A_000978)
[2026-08-18 01:04:39]    ✅ 成功抓到 7 筆時段
[2026-08-18 01:04:41] [363/5921] 大平紅橋 (Attraction_376430000A_000979)
[2026-08-18 01:04:45]    ✅ 成功抓到 7 筆時段
[2026-08-18 01:04:47] [364/5921] 憲光二村 (Attraction_376430000A_000980)
[2026-08-18 01:04:50]    ✅ 成功抓到 7 筆時段
[2026-08-18 01:04:52] [365/5921] 眷村故事館 (Attraction_376430000A_000981)
[2026-08-18 01:04:56]    ✅ 成功抓到 7 筆時段
[2026-08-18 01:04:58] [366/5921] GFun機能生活館 (Attraction_376430000A_000983)
[2026-08-18 01:05:06]    ✅ 成功抓到 7 筆時段
[2026-08-18 01:05:08] [367/5921] 巴陵橋_巴陵大橋_巴陵舊橋 (Attraction_376430000A_000984)
[2026-08-18 01:05:13]    ❌ 三種策略皆失敗
[2026-08-18 01:05:15] [368/5921] 竹圃茶園小木屋休閒農場 (Attraction_376430000A_000987)
[2026-08-18 01:05:18]    ✅ 成功抓到 7 筆時段
[2026-08-18 01:05:20] [369/5921] 戀戀空港灣休閒農場 (Attraction_376430000A_000988)
[2026-08-18 01:05:24]    ❌ 三種策略皆失敗
[2026-08-18 01:05:26] [370/5921] 泉園休閒農場 (Attraction_376430000A_000989)
[2026-08-18 01:05:31]    ❌ 三種策略皆失敗
[2026-08-18 01:05:31]    💾 存檔！已處理 370/5921 | 成功 263 | 失敗 107
[2026-08-18 01:05:31]       資料庫共 537 筆，其中 406 筆有營業時間
[2026-08-18 01:05:31]       速度 9.0 筆/分鐘 | 預估剩餘 619 分鐘
[2026-08-18 01:05:33] [371/5921] 耀輝牧場 (Attraction_376430000A_000991)
[2026-08-18 01:05:36]    ✅ 成功抓到 7 筆時段
[2026-08-18 01:05:38] [372/5921] 圓光禪寺 (Attraction_376430000A_000992)
[2026-08-18 01:05:42]    ✅ 成功抓到 7 筆時段
[2026-08-18 01:05:44] [373/5921] 中壢仁海宮 (Attraction_376430000A_000993)
[2026-08-18 01:05:47]    ✅ 成功抓到 7 筆時段
[2026-08-18 01:05:49] [374/5921] 大溪木藝生態博物館﹣壹號館 (Attraction_376430000A_000994)
[2026-08-18 01:05:58]    ✅ 成功抓到 7 筆時段
[2026-08-18 01:06:00] [375/5921] 樂天桃園棒球場 (Attraction_376430000A_000996)
[2026-08-18 01:06:04]    ✅ 成功抓到 7 筆時段
[2026-08-18 01:06:06] [376/5921] 中平路故事館 (Attraction_376430000A_000997)
[2026-08-18 01:06:09]    ✅ 成功抓到 7 筆時段
[2026-08-18 01:06:11] [377/5921] 楓樹腳公園 (Attraction_376430000A_000999)
[2026-08-18 01:06:16]    ❌ 三種策略皆失敗
[2026-08-18 01:06:18] [378/5921] 大園公園 (Attraction_376430000A_001000)
[2026-08-18 01:06:26]    ✅ 成功抓到 7 筆時段
[2026-08-18 01:06:28] [379/5921] 大溪埔頂公園 (Attraction_376430000A_001001)
[2026-08-18 01:06:32]    ✅ 成功抓到 7 筆時段
[2026-08-18 01:06:34] [380/5921] 三坑自然生態公園 (Attraction_376430000A_001002)
[2026-08-18 01:06:37]    ✅ 成功抓到 7 筆時段
[2026-08-18 01:06:37]    💾 存檔！已處理 380/5921 | 成功 272 | 失敗 108
[2026-08-18 01:06:37]       資料庫共 547 筆，其中 415 筆有營業時間
[2026-08-18 01:06:37]       速度 9.0 筆/分鐘 | 預估剩餘 618 分鐘
[2026-08-18 01:06:39] [381/5921] 大溪橋 (Attraction_376430000A_001003)
[2026-08-18 01:06:43]    ✅ 成功抓到 7 筆時段
[2026-08-18 01:06:45] [382/5921] 龍岡國旗屋 (Attraction_376430000A_001005)
[2026-08-18 01:06:48]    ✅ 成功抓到 7 筆時段
[2026-08-18 01:06:50] [383/5921] 中壢六和商圈 (Attraction_376430000A_001006)
[2026-08-18 01:06:55]    ❌ 三種策略皆失敗
[2026-08-18 01:06:57] [384/5921] 龜山楓樹坑步道 (Attraction_376430000A_001008)
[2026-08-18 01:07:02]    (透過策略2成功)
[2026-08-18 01:07:02]    ✅ 成功抓到 7 筆時段
[2026-08-18 01:07:04] [385/5921] 虎頭山公園 (Attraction_376430000A_001009)
[2026-08-18 01:07:10]    (透過策略2成功)
[2026-08-18 01:07:10]    ✅ 成功抓到 7 筆時段
[2026-08-18 01:07:12] [386/5921] 大溪慈湖步道 (Attraction_376430000A_001010)
[2026-08-18 01:07:17]    ❌ 三種策略皆失敗
[2026-08-18 01:07:19] [387/5921] 小烏來風景特定區 (Attraction_376430000A_001011)
[2026-08-18 01:07:30]    (透過策略2成功)
[2026-08-18 01:07:30]    ✅ 成功抓到 7 筆時段
[2026-08-18 01:07:32] [388/5921] 小烏來天空繩橋 (Attraction_376430000A_001012)
[2026-08-18 01:07:35]    ✅ 成功抓到 7 筆時段
[2026-08-18 01:07:37] [389/5921] 龍岡清真寺 (Attraction_376430000A_001013)
[2026-08-18 01:07:47]    ✅ 成功抓到 7 筆時段
[2026-08-18 01:07:49] [390/5921] 新街國小日式宿舍群 (Attraction_376430000A_001014)
[2026-08-18 01:07:52]    ✅ 成功抓到 7 筆時段
[2026-08-18 01:07:52]    💾 存檔！已處理 390/5921 | 成功 280 | 失敗 110
[2026-08-18 01:07:52]       資料庫共 557 筆，其中 423 筆有營業時間
[2026-08-18 01:07:52]       速度 8.9 筆/分鐘 | 預估剩餘 619 分鐘
[2026-08-18 01:07:54] [391/5921] 中壢老街溪步道、新街溪步道 (Attraction_376430000A_001015)
[2026-08-18 01:07:58]    ❌ 三種策略皆失敗
[2026-08-18 01:08:00] [392/5921] 三龜戲水 (Attraction_376430000A_001017)
[2026-08-18 01:08:08]    ✅ 成功抓到 7 筆時段
[2026-08-18 01:08:10] [393/5921] 大慶洞 (Attraction_376430000A_001018)
[2026-08-18 01:08:20]    ✅ 成功抓到 7 筆時段
[2026-08-18 01:08:22] [394/5921] 爺亨梯田 (Attraction_376430000A_001019)
[2026-08-18 01:08:27]    ❌ 三種策略皆失敗
[2026-08-18 01:08:29] [395/5921] 華泰名品城 (Attraction_376430000A_001118)
[2026-08-18 01:08:32]    ✅ 成功抓到 7 筆時段
[2026-08-18 01:08:34] [396/5921] 龍元宮商圈 (Attraction_376430000A_001161)
[2026-08-18 01:08:38]    ✅ 成功抓到 7 筆時段
[2026-08-18 01:08:40] [397/5921] 大湳圖書館 (Attraction_376430000A_001162)
[2026-08-18 01:08:43]    ✅ 成功抓到 7 筆時段
[2026-08-18 01:08:45] [398/5921] 阿姆坪薑母島 (Attraction_376430000A_001163)
[2026-08-18 01:08:50]    ❌ 三種策略皆失敗
[2026-08-18 01:08:52] [399/5921] 養樂多工廠 (Attraction_376430000A_001164)
[2026-08-18 01:08:55]    ✅ 成功抓到 7 筆時段
[2026-08-18 01:08:57] [400/5921] 歐萊德綠建築總部 (Attraction_376430000A_001165)
[2026-08-18 01:09:01]    ✅ 成功抓到 7 筆時段
[2026-08-18 01:09:01]    💾 存檔！已處理 400/5921 | 成功 287 | 失敗 113
[2026-08-18 01:09:01]       資料庫共 567 筆，其中 430 筆有營業時間
[2026-08-18 01:09:01]       速度 8.9 筆/分鐘 | 預估剩餘 618 分鐘
[2026-08-18 01:09:03] [401/5921] 福源茶廠 (Attraction_376430000A_001166)
[2026-08-18 01:09:06]    ✅ 成功抓到 7 筆時段
[2026-08-18 01:09:08] [402/5921] 中台環境資源教育中心 (Attraction_376430000A_001167)
[2026-08-18 01:09:12]    ✅ 成功抓到 7 筆時段
[2026-08-18 01:09:14] [403/5921] CAFE!N x DICKIES 聯名咖啡觀光工廠 (源友咖啡文化園區) (Attraction_376430000A_001168)
[2026-08-18 01:09:20]    (透過策略2成功)
[2026-08-18 01:09:20]    ✅ 成功抓到 7 筆時段
[2026-08-18 01:09:22] [404/5921] 渴望園區 (Attraction_376430000A_001169)
[2026-08-18 01:09:26]    ❌ 三種策略皆失敗
[2026-08-18 01:09:28] [405/5921] 南崁溪水岸公園 (Attraction_376430000A_001171)
[2026-08-18 01:09:33]    ❌ 三種策略皆失敗
[2026-08-18 01:09:35] [406/5921] 福仁宮 (Attraction_376430000A_001172)
[2026-08-18 01:09:43]    ✅ 成功抓到 7 筆時段
[2026-08-18 01:09:45] [407/5921] 新南老街 (Attraction_376430000A_001173)
[2026-08-18 01:09:49]    ✅ 成功抓到 7 筆時段
[2026-08-18 01:09:51] [408/5921] 迷宮巷-鳳飛飛故居 (Attraction_376430000A_001174)
[2026-08-18 01:10:00]    ❌ 三種策略皆失敗
[2026-08-18 01:10:02] [409/5921] 八德茄苳霄裡陽光鐵馬道 (Attraction_376430000A_001176)
[2026-08-18 01:10:07]    ❌ 三種策略皆失敗
[2026-08-18 01:10:09] [410/5921] 舊百吉隧道 (Attraction_376430000A_001177)
[2026-08-18 01:10:12]    ✅ 成功抓到 7 筆時段
[2026-08-18 01:10:12]    💾 存檔！已處理 410/5921 | 成功 293 | 失敗 117
[2026-08-18 01:10:12]       資料庫共 577 筆，其中 436 筆有營業時間
[2026-08-18 01:10:12]       速度 8.9 筆/分鐘 | 預估剩餘 618 分鐘
[2026-08-18 01:10:14] [411/5921] 青林農場 (Attraction_376430000A_001178)
[2026-08-18 01:10:17]    ✅ 成功抓到 7 筆時段
[2026-08-18 01:10:19] [412/5921] 大艽芎古道 (Attraction_376430000A_001179)
[2026-08-18 01:10:23]    ✅ 成功抓到 7 筆時段
[2026-08-18 01:10:25] [413/5921] 大漢橋 (Attraction_376430000A_001180)
[2026-08-18 01:10:29]    ❌ 三種策略皆失敗
[2026-08-18 01:10:31] [414/5921] 大溪月眉至龍潭三坑水岸觀光綠廊 (Attraction_376430000A_001181)
[2026-08-18 01:10:37]    ❌ 三種策略皆失敗
[2026-08-18 01:10:39] [415/5921] 優霞雲瀑布、嘎嘎生態池 (Attraction_376430000A_001182)
[2026-08-18 01:10:43]    ❌ 三種策略皆失敗
[2026-08-18 01:10:45] [416/5921] 石門山步道 (Attraction_376430000A_001183)
[2026-08-18 01:10:50]    ❌ 三種策略皆失敗
[2026-08-18 01:10:52] [417/5921] 羅馬公路自行車路線 (Attraction_376430000A_001184)
[2026-08-18 01:11:00]    ❌ 三種策略皆失敗
[2026-08-18 01:11:02] [418/5921] 角板山形象商圈 (Attraction_376430000A_001185)
[2026-08-18 01:11:05]    ✅ 成功抓到 7 筆時段
[2026-08-18 01:11:07] [419/5921] 彩韻廣場 (Attraction_376430000A_001186)
[2026-08-18 01:11:11]    ✅ 成功抓到 7 筆時段
[2026-08-18 01:11:13] [420/5921] 新屋百年石滬群 (Attraction_376430000A_001187)
[2026-08-18 01:11:16]    ✅ 成功抓到 7 筆時段
[2026-08-18 01:11:16]    💾 存檔！已處理 420/5921 | 成功 298 | 失敗 122
[2026-08-18 01:11:16]       資料庫共 587 筆，其中 441 筆有營業時間
[2026-08-18 01:11:16]       速度 8.9 筆/分鐘 | 預估剩餘 616 分鐘
[2026-08-18 01:11:18] [421/5921] 龍岡森林公園 (Attraction_376430000A_001264)
[2026-08-18 01:11:22]    ✅ 成功抓到 7 筆時段
[2026-08-18 01:11:24] [422/5921] 南崁溪水岸自行車道 (Attraction_376430000A_001265)
[2026-08-18 01:11:28]    ❌ 三種策略皆失敗
[2026-08-18 01:11:30] [423/5921] 桃園中正藝文特區商圈 (Attraction_376430000A_001266)
[2026-08-18 01:11:34]    ✅ 成功抓到 7 筆時段
[2026-08-18 01:11:36] [424/5921] 龍岡圖書館(桃園市立圖書館龍岡分館) (Attraction_376430000A_001268)
[2026-08-18 01:11:39]    ✅ 成功抓到 7 筆時段
[2026-08-18 01:11:41] [425/5921] 虎頭山公園全齡友善步道 (Attraction_376430000A_001269)
[2026-08-18 01:11:46]    ❌ 三種策略皆失敗
[2026-08-18 01:11:48] [426/5921] 溪口部落 (Attraction_376430000A_001271)
[2026-08-18 01:11:53]    (透過策略2成功)
[2026-08-18 01:11:53]    ✅ 成功抓到 7 筆時段
[2026-08-18 01:11:55] [427/5921] 石門水庫步道 (Attraction_376430000A_001272)
[2026-08-18 01:11:59]    ✅ 成功抓到 7 筆時段
[2026-08-18 01:12:01] [428/5921] 北橫公路自行車路線起點 (Attraction_376430000A_001273)
[2026-08-18 01:12:09]    ✅ 成功抓到 7 筆時段
[2026-08-18 01:12:11] [429/5921] 大棟山系登山步道 (Attraction_376430000A_001274)
[2026-08-18 01:12:16]    ❌ 三種策略皆失敗
[2026-08-18 01:12:18] [430/5921] 永安北岸濱海遊憩區 (Attraction_376430000A_001276)
[2026-08-18 01:12:22]    ❌ 三種策略皆失敗
[2026-08-18 01:12:22]    💾 存檔！已處理 430/5921 | 成功 304 | 失敗 126
[2026-08-18 01:12:22]       資料庫共 597 筆，其中 447 筆有營業時間
[2026-08-18 01:12:22]       速度 8.9 筆/分鐘 | 預估剩餘 615 分鐘
[2026-08-18 01:12:24] [431/5921] 大溪木藝生態博物館﹣大溪歷史館 (Attraction_376430000A_001370)
[2026-08-18 01:12:29]    ❌ 三種策略皆失敗
[2026-08-18 01:12:31] [432/5921] 大溪木藝生態博物館﹣藝師館 (Attraction_376430000A_001371)
[2026-08-18 01:12:34]    ✅ 成功抓到 7 筆時段
[2026-08-18 01:12:36] [433/5921] 桃園慈護宮 (Attraction_376430000A_001372)
[2026-08-18 01:12:40]    ✅ 成功抓到 7 筆時段
[2026-08-18 01:12:42] [434/5921] 大溪普濟堂 (Attraction_376430000A_001373)
[2026-08-18 01:12:45]    ✅ 成功抓到 7 筆時段
[2026-08-18 01:12:47] [435/5921] 赫威神木群 (Attraction_376430000A_001374)
[2026-08-18 01:12:50]    ✅ 成功抓到 7 筆時段
[2026-08-18 01:12:52] [436/5921] 乳姑山 (Attraction_376430000A_001375)
[2026-08-18 01:13:03]    (透過策略2成功)
[2026-08-18 01:13:03]    ✅ 成功抓到 7 筆時段
[2026-08-18 01:13:05] [437/5921] 國立體育大學 (Attraction_376430000A_001376)
[2026-08-18 01:13:08]    ✅ 成功抓到 7 筆時段
[2026-08-18 01:13:10] [438/5921] Global Mall 桃園A8 (Attraction_376430000A_001377)
[2026-08-18 01:13:14]    ✅ 成功抓到 7 筆時段
[2026-08-18 01:13:16] [439/5921] 中壢藝術館 (Attraction_376430000A_001378)
[2026-08-18 01:13:21]    ❌ 三種策略皆失敗
[2026-08-18 01:13:23] [440/5921] 桃園國際機場 (Attraction_376430000A_001379)
[2026-08-18 01:13:33]    ❌ 三種策略皆失敗
[2026-08-18 01:13:33]    💾 存檔！已處理 440/5921 | 成功 311 | 失敗 129
[2026-08-18 01:13:33]       資料庫共 607 筆，其中 454 筆有營業時間
[2026-08-18 01:13:33]       速度 8.9 筆/分鐘 | 預估剩餘 614 分鐘
[2026-08-18 01:13:35] [441/5921] 茄苳里埤塘公園 (Attraction_376430000A_001380)
[2026-08-18 01:13:38]    ✅ 成功抓到 7 筆時段
[2026-08-18 01:13:40] [442/5921] 魅力金三角商圈 (魅力金三角地方特色產業發展協會) (Attraction_376430000A_001381)
[2026-08-18 01:13:43]    ✅ 成功抓到 7 筆時段
[2026-08-18 01:13:45] [443/5921] 雲南文化公園 (Attraction_376430000A_001382)
[2026-08-18 01:13:49]    ✅ 成功抓到 7 筆時段
[2026-08-18 01:13:51] [444/5921] 蘆竹德馨堂 (Attraction_376430000A_001383)
[2026-08-18 01:13:54]    ✅ 成功抓到 7 筆時段
[2026-08-18 01:13:56] [445/5921] 外社輕便車站 (Attraction_376430000A_001384)
[2026-08-18 01:14:00]    ✅ 成功抓到 7 筆時段
[2026-08-18 01:14:02] [446/5921] 桃園市土地公文化館 (Attraction_376430000A_001404)
[2026-08-18 01:14:05]    ✅ 成功抓到 7 筆時段
[2026-08-18 01:14:07] [447/5921] 葡萄王健康活力能量館 (Attraction_376430000A_001405)
[2026-08-18 01:14:13]    (透過策略2成功)
[2026-08-18 01:14:13]    ✅ 成功抓到 7 筆時段
[2026-08-18 01:14:15] [448/5921] 大園國際商圈 (Attraction_376430000A_001407)
[2026-08-18 01:14:20]    ❌ 三種策略皆失敗
[2026-08-18 01:14:22] [449/5921] 樂信瓦旦紀念公園 (Attraction_376430000A_001408)
[2026-08-18 01:14:25]    ✅ 成功抓到 7 筆時段
[2026-08-18 01:14:27] [450/5921] 千郁休閒農場 (Attraction_376430000A_001414)
[2026-08-18 01:14:32]    ❌ 三種策略皆失敗
[2026-08-18 01:14:32]    💾 存檔！已處理 450/5921 | 成功 319 | 失敗 131
[2026-08-18 01:14:32]       資料庫共 617 筆，其中 462 筆有營業時間
[2026-08-18 01:14:32]       速度 8.9 筆/分鐘 | 預估剩餘 612 分鐘
[2026-08-18 01:14:34] [451/5921] 台灣高鐵探索館 (Attraction_376430000A_001418)
[2026-08-18 01:14:39]    ❌ 三種策略皆失敗
[2026-08-18 01:14:41] [452/5921] 新溪口吊橋 (Attraction_376430000A_001420)
[2026-08-18 01:14:45]    ❌ 三種策略皆失敗
[2026-08-18 01:14:47] [453/5921] 泰雅故事公園 (Attraction_376430000A_001421)
[2026-08-18 01:14:51]    ✅ 成功抓到 7 筆時段
[2026-08-18 01:14:53] [454/5921] 桃園軌道願景館 (Attraction_376430000A_001423)
[2026-08-18 01:14:56]    ✅ 成功抓到 7 筆時段
[2026-08-18 01:14:58] [455/5921] 桃園77藝文町 (Attraction_376430000A_001424)
[2026-08-18 01:15:02]    ✅ 成功抓到 7 筆時段
[2026-08-18 01:15:04] [456/5921] 桃園防災教育館 (Attraction_376430000A_001425)
[2026-08-18 01:15:07]    ✅ 成功抓到 7 筆時段
[2026-08-18 01:15:09] [457/5921] 圳頭里軍史公園 (Attraction_376430000A_001427)
[2026-08-18 01:15:13]    ✅ 成功抓到 7 筆時段
[2026-08-18 01:15:15] [458/5921] 草漯沙丘地質公園 (Attraction_376430000A_001442)
[2026-08-18 01:15:19]    ❌ 三種策略皆失敗
[2026-08-18 01:15:21] [459/5921] 保甲古道 (Attraction_376430000A_001446)
[2026-08-18 01:15:24]    ✅ 成功抓到 7 筆時段
[2026-08-18 01:15:26] [460/5921] 福人登山步道 (Attraction_376430000A_001450)
[2026-08-18 01:15:30]    ✅ 成功抓到 7 筆時段
[2026-08-18 01:15:30]    💾 存檔！已處理 460/5921 | 成功 326 | 失敗 134
[2026-08-18 01:15:30]       資料庫共 627 筆，其中 469 筆有營業時間
[2026-08-18 01:15:30]       速度 9.0 筆/分鐘 | 預估剩餘 609 分鐘
[2026-08-18 01:15:32] [461/5921] 觀新藻礁生態系野生動物保護區 (Attraction_376430000A_001454)
[2026-08-18 01:15:35]    ✅ 成功抓到 7 筆時段
[2026-08-18 01:15:37] [462/5921] 菱潭街興創基地 (Attraction_376430000A_001461)
[2026-08-18 01:15:43]    (透過策略2成功)
[2026-08-18 01:15:43]    ✅ 成功抓到 7 筆時段
[2026-08-18 01:15:45] [463/5921] 新民老街 (Attraction_376430000A_001465)
[2026-08-18 01:15:53]    ✅ 成功抓到 7 筆時段
[2026-08-18 01:15:55] [464/5921] A8藝文中心 (Attraction_376430000A_001474)
[2026-08-18 01:15:59]    ✅ 成功抓到 7 筆時段
[2026-08-18 01:16:01] [465/5921] 桃園光影文化館(光影二館) (Attraction_376430000A_001478)
[2026-08-18 01:16:07]    ❌ 三種策略皆失敗
[2026-08-18 01:16:09] [466/5921] 中壢光影電影館(光影一館) (Attraction_376430000A_001482)
[2026-08-18 01:16:16]    ❌ 三種策略皆失敗
[2026-08-18 01:16:18] [467/5921] 南興落羽松（原 八德落羽松森林） (Attraction_376430000A_001490)
[2026-08-18 01:16:27]    ✅ 成功抓到 7 筆時段
[2026-08-18 01:16:29] [468/5921] 桃蘆坑休閒農場 (Attraction_376430000A_001496)
[2026-08-18 01:16:32]    ✅ 成功抓到 7 筆時段
[2026-08-18 01:16:34] [469/5921] 侏羅紀博物館 (Attraction_376430000A_001531)
[2026-08-18 01:16:37]    ✅ 成功抓到 7 筆時段
[2026-08-18 01:16:39] [470/5921] 大溪木藝生態博物館﹣鳳飛飛故事館 (Attraction_376430000A_001564)
[2026-08-18 01:16:43]    ✅ 成功抓到 7 筆時段
[2026-08-18 01:16:43]    💾 存檔！已處理 470/5921 | 成功 334 | 失敗 136
[2026-08-18 01:16:43]       資料庫共 637 筆，其中 477 筆有營業時間
[2026-08-18 01:16:43]       速度 9.0 筆/分鐘 | 預估剩餘 609 分鐘
[2026-08-18 01:16:45] [471/5921] 楊梅四維商圈 (Attraction_376430000A_001567)
[2026-08-18 01:16:49]    ❌ 三種策略皆失敗
[2026-08-18 01:16:51] [472/5921] 棒球名人堂 (Attraction_376430000A_001568)
[2026-08-18 01:16:56]    ❌ 三種策略皆失敗
[2026-08-18 01:16:58] [473/5921] 粼粼波光、翩翩白影(地景藝術節白鷺鷥) (Attraction_376430000A_001569)
[2026-08-18 01:17:07]    ✅ 成功抓到 7 筆時段
[2026-08-18 01:17:09] [474/5921] 壢小故事森林 (Attraction_376430000A_001571)
[2026-08-18 01:17:13]    ✅ 成功抓到 7 筆時段
[2026-08-18 01:17:15] [475/5921] 壢景町 (Attraction_376430000A_001572)
[2026-08-18 01:17:19]    ❌ 三種策略皆失敗
[2026-08-18 01:17:21] [476/5921] 新屋農博環境教育園區 (Attraction_376430000A_001574)
[2026-08-18 01:17:25]    ✅ 成功抓到 7 筆時段
[2026-08-18 01:17:27] [477/5921] 自然接觸保養品亮點體驗園 (Attraction_376430000A_001575)
[2026-08-18 01:17:31]    ❌ 三種策略皆失敗
[2026-08-18 01:17:33] [478/5921] Xpark 八景島水族館 (Attraction_376430000A_001576)
[2026-08-18 01:17:37]    ✅ 成功抓到 7 筆時段
[2026-08-18 01:17:39] [479/5921] 桃園新光影城 (Attraction_376430000A_001578)
[2026-08-18 01:17:48]    ❌ 三種策略皆失敗
[2026-08-18 01:17:50] [480/5921] 大溪木藝生態博物館﹣木生活館 (Attraction_376430000A_001586)
[2026-08-18 01:17:55]    ❌ 三種策略皆失敗
[2026-08-18 01:17:55]    💾 存檔！已處理 480/5921 | 成功 338 | 失敗 142
[2026-08-18 01:17:55]       資料庫共 647 筆，其中 481 筆有營業時間
[2026-08-18 01:17:55]       速度 8.9 筆/分鐘 | 預估剩餘 608 分鐘
[2026-08-18 01:17:57] [481/5921] 利百代彩筆文創館 (Attraction_376430000A_001587)
[2026-08-18 01:18:00]    ✅ 成功抓到 7 筆時段
[2026-08-18 01:18:02] [482/5921] 雄獅文具想像力製造所 (Attraction_376430000A_001588)
[2026-08-18 01:18:06]    ✅ 成功抓到 7 筆時段
[2026-08-18 01:18:08] [483/5921] 勝昌中草藥探索館 (Attraction_376430000A_001589)
[2026-08-18 01:18:11]    ✅ 成功抓到 7 筆時段
[2026-08-18 01:18:13] [484/5921] 崙坪文化地景園區 (Attraction_376430000A_001599)
[2026-08-18 01:18:16]    ✅ 成功抓到 7 筆時段
[2026-08-18 01:18:18] [485/5921] 鍾肇政文學生活園區 (Attraction_376430000A_001600)
[2026-08-18 01:18:22]    ✅ 成功抓到 7 筆時段
[2026-08-18 01:18:24] [486/5921] 手信霧隱城 (Attraction_376430000A_001601)
[2026-08-18 01:18:27]    ✅ 成功抓到 7 筆時段
[2026-08-18 01:18:29] [487/5921] 新屋石滬故事館 (Attraction_376430000A_001607)
[2026-08-18 01:18:33]    ✅ 成功抓到 7 筆時段
[2026-08-18 01:18:35] [488/5921] 後湖溪生態園區 (Attraction_376430000A_001616)
[2026-08-18 01:18:38]    ✅ 成功抓到 7 筆時段
[2026-08-18 01:18:40] [489/5921] 海洋客家牽罟文化館 (Attraction_376430000A_001617)
[2026-08-18 01:18:43]    ✅ 成功抓到 7 筆時段
[2026-08-18 01:18:45] [490/5921] 新屋濱海植物園 (Attraction_376430000A_001618)
[2026-08-18 01:18:49]    ✅ 成功抓到 7 筆時段
[2026-08-18 01:18:49]    💾 存檔！已處理 490/5921 | 成功 348 | 失敗 142
[2026-08-18 01:18:49]       資料庫共 657 筆，其中 491 筆有營業時間
[2026-08-18 01:18:49]       速度 9.0 筆/分鐘 | 預估剩餘 605 分鐘
[2026-08-18 01:18:51] [491/5921] 藻礁生態環境教室 (Attraction_376430000A_001619)
[2026-08-18 01:18:54]    ✅ 成功抓到 7 筆時段
[2026-08-18 01:18:56] [492/5921] 鑊篤陂塘生態公園 (Attraction_376430000A_001629)
[2026-08-18 01:19:00]    ❌ 三種策略皆失敗
[2026-08-18 01:19:02] [493/5921] 巧虎夢想樂園 (Attraction_376430000A_001634)
[2026-08-18 01:19:06]    ✅ 成功抓到 7 筆時段
[2026-08-18 01:19:08] [494/5921] Global Mall 桃園A19 (Attraction_376430000A_001635)
[2026-08-18 01:19:11]    ✅ 成功抓到 7 筆時段
[2026-08-18 01:19:13] [495/5921] 永安海螺文化體驗園區 (Attraction_376430000A_001637)
[2026-08-18 01:19:17]    ✅ 成功抓到 7 筆時段
[2026-08-18 01:19:19] [496/5921] 十一份觀光文化園區 (Attraction_376430000A_001639)
[2026-08-18 01:19:22]    ✅ 成功抓到 7 筆時段
[2026-08-18 01:19:24] [497/5921] 1895乙未保台紀念公園 (Attraction_376430000A_001643)
[2026-08-18 01:19:28]    ✅ 成功抓到 7 筆時段
[2026-08-18 01:19:30] [498/5921] 異域故事館 (Attraction_376430000A_001646)
[2026-08-18 01:19:33]    ✅ 成功抓到 7 筆時段
[2026-08-18 01:19:35] [499/5921] 大溪落羽松公園 (Attraction_376430000A_001651)
[2026-08-18 01:19:39]    ✅ 成功抓到 7 筆時段
[2026-08-18 01:19:41] [500/5921] 楊梅故事園區 (Attraction_376430000A_001654)
[2026-08-18 01:19:44]    ✅ 成功抓到 7 筆時段
[2026-08-18 01:19:44]    💾 存檔！已處理 500/5921 | 成功 357 | 失敗 143
[2026-08-18 01:19:44]       資料庫共 667 筆，其中 500 筆有營業時間
[2026-08-18 01:19:44]       速度 9.0 筆/分鐘 | 預估剩餘 602 分鐘
[2026-08-18 01:19:46] [501/5921] 桃園北區客家會館 (Attraction_376430000A_001658)
[2026-08-18 01:19:50]    ✅ 成功抓到 7 筆時段
[2026-08-18 01:19:52] [502/5921] 忠貞新村文化園區 (Attraction_376430000A_001659)
[2026-08-18 01:19:55]    ✅ 成功抓到 7 筆時段
[2026-08-18 01:19:57] [503/5921] 八塊厝民俗藝術村(大湳森林公園) (Attraction_376430000A_001660)
[2026-08-18 01:20:00]    ✅ 成功抓到 7 筆時段
[2026-08-18 01:20:02] [504/5921] 竹峰茗茶休閒農場 (Attraction_376430000A_001667)
[2026-08-18 01:20:06]    ✅ 成功抓到 7 筆時段
[2026-08-18 01:20:08] [505/5921] 山溪地高爾夫球場 (Attraction_376440000A_000001)
[2026-08-18 01:20:12]    ❌ 三種策略皆失敗
[2026-08-18 01:20:14] [506/5921] 老爺關西高爾夫球場 (Attraction_376440000A_000002)
[2026-08-18 01:20:23]    ✅ 成功抓到 7 筆時段
[2026-08-18 01:20:25] [507/5921] 旭陽高爾夫球場 (Attraction_376440000A_000003)
[2026-08-18 01:20:28]    ✅ 成功抓到 7 筆時段
[2026-08-18 01:20:30] [508/5921] 東方日星高爾夫球場 (Attraction_376440000A_000005)
[2026-08-18 01:20:35]    ❌ 三種策略皆失敗
[2026-08-18 01:20:37] [509/5921] 立益高爾夫球場 (Attraction_376440000A_000006)
[2026-08-18 01:20:45]    ✅ 成功抓到 7 筆時段
[2026-08-18 01:20:47] [510/5921] 新豐高爾夫球場 (Attraction_376440000A_000007)
[2026-08-18 01:20:50]    ✅ 成功抓到 7 筆時段
[2026-08-18 01:20:50]    💾 存檔！已處理 510/5921 | 成功 365 | 失敗 145
[2026-08-18 01:20:50]       資料庫共 677 筆，其中 508 筆有營業時間
[2026-08-18 01:20:50]       速度 9.0 筆/分鐘 | 預估剩餘 601 分鐘
[2026-08-18 01:20:52] [511/5921] 再興高爾夫球場 (Attraction_376440000A_000008)
[2026-08-18 01:20:56]    ✅ 成功抓到 7 筆時段
[2026-08-18 01:20:58] [512/5921] 湖口老街 (Attraction_376440000A_000009)
[2026-08-18 01:21:01]    ✅ 成功抓到 7 筆時段
[2026-08-18 01:21:03] [513/5921] 雪霸休閒農場 (Attraction_376440000A_000010)
[2026-08-18 01:21:08]    ❌ 三種策略皆失敗
[2026-08-18 01:21:10] [514/5921] 馬武督探索森林(綠光小學) (Attraction_376440000A_000011)
[2026-08-18 01:21:14]    ✅ 成功抓到 7 筆時段
[2026-08-18 01:21:16] [515/5921] 天恩彌勒佛院 (Attraction_376440000A_000012)
[2026-08-18 01:21:19]    ✅ 成功抓到 7 筆時段
[2026-08-18 01:21:21] [516/5921] 潮音禪寺 (Attraction_376440000A_000013)
[2026-08-18 01:21:24]    ✅ 成功抓到 7 筆時段
[2026-08-18 01:21:26] [517/5921] 藤坪古道 (Attraction_376440000A_000014)
[2026-08-18 01:21:30]    ✅ 成功抓到 7 筆時段
[2026-08-18 01:21:32] [518/5921] 赤柯山步道 (Attraction_376440000A_000015)
[2026-08-18 01:21:36]    ❌ 三種策略皆失敗
[2026-08-18 01:21:38] [519/5921] 雲霧步道 (Attraction_376440000A_000016)
[2026-08-18 01:21:41]    ✅ 成功抓到 7 筆時段
[2026-08-18 01:21:43] [520/5921] 新瓦屋客家文化保存區 (Attraction_376440000A_000017)
[2026-08-18 01:21:47]    ✅ 成功抓到 7 筆時段
[2026-08-18 01:21:47]    💾 存檔！已處理 520/5921 | 成功 373 | 失敗 147
[2026-08-18 01:21:47]       資料庫共 687 筆，其中 516 筆有營業時間
[2026-08-18 01:21:47]       速度 9.0 筆/分鐘 | 預估剩餘 598 分鐘
[2026-08-18 01:21:49] [521/5921] 大崎棟步道 (Attraction_376440000A_000018)
[2026-08-18 01:21:53]    ❌ 三種策略皆失敗
[2026-08-18 01:21:55] [522/5921] 水牛學校 (Attraction_376440000A_000021)
[2026-08-18 01:22:00]    ❌ 三種策略皆失敗
[2026-08-18 01:22:02] [523/5921] 木刻夢想王與免費商店 (Attraction_376440000A_000023)
[2026-08-18 01:22:05]    ✅ 成功抓到 7 筆時段
[2026-08-18 01:22:07] [524/5921] 種子星球 (Attraction_376440000A_000028)
[2026-08-18 01:22:10]    ✅ 成功抓到 7 筆時段
[2026-08-18 01:22:12] [525/5921] 墾園生態休閒渡假園區 (Attraction_376440000A_000029)
[2026-08-18 01:22:16]    ✅ 成功抓到 7 筆時段
[2026-08-18 01:22:18] [526/5921] 油點草生態農場 (Attraction_376440000A_000030)
[2026-08-18 01:22:22]    ❌ 三種策略皆失敗
[2026-08-18 01:22:24] [527/5921] 十八兒鳥居步道 (Attraction_376440000A_000031)
[2026-08-18 01:22:28]    ✅ 成功抓到 7 筆時段
[2026-08-18 01:22:30] [528/5921] 那羅青蛙石園區市集 (Attraction_376440000A_000033)
[2026-08-18 01:22:33]    ✅ 成功抓到 7 筆時段
[2026-08-18 01:22:35] [529/5921] 十三好市集 (Attraction_376440000A_000034)
[2026-08-18 01:22:39]    ❌ 三種策略皆失敗
[2026-08-18 01:22:41] [530/5921] 頤禾園 (Attraction_376440000A_000035)
[2026-08-18 01:22:47]    (透過策略2成功)
[2026-08-18 01:22:47]    ✅ 成功抓到 7 筆時段
[2026-08-18 01:22:47]    💾 存檔！已處理 530/5921 | 成功 379 | 失敗 151
[2026-08-18 01:22:47]       資料庫共 697 筆，其中 522 筆有營業時間
[2026-08-18 01:22:47]       速度 9.1 筆/分鐘 | 預估剩餘 596 分鐘
[2026-08-18 01:22:49] [531/5921] 溝貝農莊 (Attraction_376440000A_000036)
[2026-08-18 01:22:52]    ✅ 成功抓到 7 筆時段
[2026-08-18 01:22:54] [532/5921] 六福水樂園 (Attraction_376440000A_000037)
[2026-08-18 01:22:58]    ✅ 成功抓到 7 筆時段
[2026-08-18 01:23:00] [533/5921] 六福村主題遊樂園 (Attraction_376440000A_000038)
[2026-08-18 01:23:04]    ❌ 三種策略皆失敗
[2026-08-18 01:23:06] [534/5921] 力量菜園 (Attraction_376440000A_000039)
[2026-08-18 01:23:09]    ✅ 成功抓到 7 筆時段
[2026-08-18 01:23:11] [535/5921] 悅音阿甲休閒農場 (Attraction_376440000A_000040)
[2026-08-18 01:23:14]    ✅ 成功抓到 7 筆時段
[2026-08-18 01:23:16] [536/5921] 思微藏物生活空間 (Attraction_376440000A_000041)
[2026-08-18 01:23:20]    ✅ 成功抓到 7 筆時段
[2026-08-18 01:23:22] [537/5921] 石店子69有機書店 (Attraction_376440000A_000042)
[2026-08-18 01:23:26]    ❌ 三種策略皆失敗
[2026-08-18 01:23:28] [538/5921] ReWood studio 木酢達人創始店 (Attraction_376440000A_000043)
[2026-08-18 01:23:32]    ✅ 成功抓到 7 筆時段
[2026-08-18 01:23:34] [539/5921] 親親果農場 (Attraction_376440000A_000044)
[2026-08-18 01:23:39]    ❌ 三種策略皆失敗
[2026-08-18 01:23:41] [540/5921] 猿山步道 (Attraction_376440000A_000045)
[2026-08-18 01:23:44]    ✅ 成功抓到 7 筆時段
[2026-08-18 01:23:44]    💾 存檔！已處理 540/5921 | 成功 386 | 失敗 154
[2026-08-18 01:23:44]       資料庫共 707 筆，其中 529 筆有營業時間
[2026-08-18 01:23:44]       速度 9.1 筆/分鐘 | 預估剩餘 593 分鐘
[2026-08-18 01:23:46] [541/5921] 六寮古道 (Attraction_376440000A_000047)
[2026-08-18 01:23:50]    ✅ 成功抓到 7 筆時段
[2026-08-18 01:23:52] [542/5921] 十二寮步道 (Attraction_376440000A_000048)
[2026-08-18 01:23:56]    ❌ 三種策略皆失敗
[2026-08-18 01:23:58] [543/5921] 獅山古道 (Attraction_376440000A_000049)
[2026-08-18 01:24:02]    ❌ 三種策略皆失敗
[2026-08-18 01:24:04] [544/5921] 大分林步道 (Attraction_376440000A_000050)
[2026-08-18 01:24:10]    (透過策略2成功)
[2026-08-18 01:24:10]    ✅ 成功抓到 7 筆時段
[2026-08-18 01:24:12] [545/5921] 李崠山步道 (Attraction_376440000A_000052)
[2026-08-18 01:24:22]    ❌ 三種策略皆失敗
[2026-08-18 01:24:24] [546/5921] 北得拉曼步道 (Attraction_376440000A_000053)
[2026-08-18 01:24:29]    ❌ 三種策略皆失敗
[2026-08-18 01:24:31] [547/5921] 鎮西堡步道 (Attraction_376440000A_000054)
[2026-08-18 01:24:34]    ✅ 成功抓到 7 筆時段
[2026-08-18 01:24:36] [548/5921] 司馬庫斯巨木群步道 (Attraction_376440000A_000055)
[2026-08-18 01:24:45]    ✅ 成功抓到 7 筆時段
[2026-08-18 01:24:47] [549/5921] 霞喀羅古道 (Attraction_376440000A_000056)
[2026-08-18 01:24:52]    (透過策略2成功)
[2026-08-18 01:24:52]    ✅ 成功抓到 7 筆時段
[2026-08-18 01:24:54] [550/5921] 茶亭古道 (Attraction_376440000A_000057)
[2026-08-18 01:24:58]    ✅ 成功抓到 7 筆時段
[2026-08-18 01:24:58]    💾 存檔！已處理 550/5921 | 成功 392 | 失敗 158
[2026-08-18 01:24:58]       資料庫共 717 筆，其中 535 筆有營業時間
[2026-08-18 01:24:58]       速度 9.1 筆/分鐘 | 預估剩餘 593 分鐘
[2026-08-18 01:25:00] [551/5921] 騎龍古道 (Attraction_376440000A_000058)
[2026-08-18 01:25:03]    ✅ 成功抓到 7 筆時段
[2026-08-18 01:25:05] [552/5921] 福沙大崎步道 (Attraction_376440000A_000059)
[2026-08-18 01:25:08]    ✅ 成功抓到 7 筆時段
[2026-08-18 01:25:10] [553/5921] 野馬瞰山森林步道 (Attraction_376440000A_000060)
[2026-08-18 01:25:14]    ✅ 成功抓到 7 筆時段
[2026-08-18 01:25:16] [554/5921] 鵝公髻山步道 (Attraction_376440000A_000061)
[2026-08-18 01:25:23]    ❌ 三種策略皆失敗
[2026-08-18 01:25:25] [555/5921] 鬼澤山步道 (Attraction_376440000A_000062)
[2026-08-18 01:25:36]    (透過策略2成功)
[2026-08-18 01:25:36]    ✅ 成功抓到 7 筆時段
[2026-08-18 01:25:38] [556/5921] 猴洞步道 (Attraction_376440000A_000064)
[2026-08-18 01:25:41]    ✅ 成功抓到 7 筆時段
[2026-08-18 01:25:43] [557/5921] 軟橋千歲步道 (Attraction_376440000A_000065)
[2026-08-18 01:25:47]    ✅ 成功抓到 7 筆時段
[2026-08-18 01:25:49] [558/5921] 上瑞步道 (Attraction_376440000A_000066)
[2026-08-18 01:25:54]    (透過策略2成功)
[2026-08-18 01:25:54]    ✅ 成功抓到 7 筆時段
[2026-08-18 01:25:56] [559/5921] 寶山環湖步道 (Attraction_376440000A_000068)
[2026-08-18 01:26:00]    ✅ 成功抓到 7 筆時段
[2026-08-18 01:26:02] [560/5921] 文林生態古道 (Attraction_376440000A_000069)
[2026-08-18 01:26:05]    ✅ 成功抓到 7 筆時段
[2026-08-18 01:26:05]    💾 存檔！已處理 560/5921 | 成功 401 | 失敗 159
[2026-08-18 01:26:05]       資料庫共 727 筆，其中 544 筆有營業時間
[2026-08-18 01:26:05]       速度 9.1 筆/分鐘 | 預估剩餘 592 分鐘
[2026-08-18 01:26:07] [561/5921] 飛鳳山步道 (Attraction_376440000A_000070)
[2026-08-18 01:26:10]    ✅ 成功抓到 7 筆時段
[2026-08-18 01:26:12] [562/5921] 鹿寮坑桐花步道 (Attraction_376440000A_000071)
[2026-08-18 01:26:17]    ❌ 三種策略皆失敗
[2026-08-18 01:26:19] [563/5921] 石牛山步道 (Attraction_376440000A_000072)
[2026-08-18 01:26:31]    ❌ 三種策略皆失敗
[2026-08-18 01:26:33] [564/5921] 四寮溪生態步道 (Attraction_376440000A_000073)
[2026-08-18 01:26:37]    ✅ 成功抓到 7 筆時段
[2026-08-18 01:26:39] [565/5921] 石光古道 (Attraction_376440000A_000075)
[2026-08-18 01:26:42]    ✅ 成功抓到 7 筆時段
[2026-08-18 01:26:44] [566/5921] 三段崎古道 (Attraction_376440000A_000076)
[2026-08-18 01:26:49]    策略1失敗，嘗試下一個...
[2026-08-18 01:26:52]    ❌ 三種策略皆失敗
[2026-08-18 01:26:54] [567/5921] 照門步道群–九福步道 (Attraction_376440000A_000077)
[2026-08-18 01:26:57]    ✅ 成功抓到 7 筆時段
[2026-08-18 01:26:59] [568/5921] 照門步道群–觀南步道 (Attraction_376440000A_000078)
[2026-08-18 01:27:07]    ✅ 成功抓到 7 筆時段
[2026-08-18 01:27:09] [569/5921] 照門步道群–霽月步道 (Attraction_376440000A_000079)
[2026-08-18 01:27:13]    ✅ 成功抓到 7 筆時段
[2026-08-18 01:27:15] [570/5921] 照門步道群–懷祖步道 (Attraction_376440000A_000080)
[2026-08-18 01:27:19]    ❌ 三種策略皆失敗
[2026-08-18 01:27:19]    💾 存檔！已處理 570/5921 | 成功 407 | 失敗 163
[2026-08-18 01:27:19]       資料庫共 737 筆，其中 550 筆有營業時間
[2026-08-18 01:27:19]       速度 9.0 筆/分鐘 | 預估剩餘 592 分鐘
[2026-08-18 01:27:21] [571/5921] 萬佛庵 (Attraction_376440000A_000083)
[2026-08-18 01:27:36]    ❌ 三種策略皆失敗
[2026-08-18 01:27:38] [572/5921] 元光寺 (Attraction_376440000A_000084)
[2026-08-18 01:27:42]    ❌ 三種策略皆失敗
[2026-08-18 01:27:44] [573/5921] 富興隆聖宮 (Attraction_376440000A_000085)
[2026-08-18 01:27:49]    ❌ 三種策略皆失敗
[2026-08-18 01:27:51] [574/5921] 丹桂宮 (Attraction_376440000A_000086)
[2026-08-18 01:27:55]    ❌ 三種策略皆失敗
[2026-08-18 01:27:57] [575/5921] 北埔慈天宮 (Attraction_376440000A_000087)
[2026-08-18 01:28:01]    ✅ 成功抓到 7 筆時段
[2026-08-18 01:28:03] [576/5921] 北埔金剛寺 (Attraction_376440000A_000088)
[2026-08-18 01:28:08]    ❌ 三種策略皆失敗
[2026-08-18 01:28:10] [577/5921] 廣濟宮 (Attraction_376440000A_000089)
[2026-08-18 01:28:15]    (透過策略2成功)
[2026-08-18 01:28:15]    ✅ 成功抓到 7 筆時段
[2026-08-18 01:28:17] [578/5921] 清泉天主堂 (Attraction_376440000A_000090)
[2026-08-18 01:28:27]    ❌ 三種策略皆失敗
[2026-08-18 01:28:29] [579/5921] 玉泉山普照宮 (Attraction_376440000A_000091)
[2026-08-18 01:28:32]    ✅ 成功抓到 7 筆時段
[2026-08-18 01:28:34] [580/5921] 竹東惠昌宮 (Attraction_376440000A_000092)
[2026-08-18 01:28:38]    ✅ 成功抓到 7 筆時段
[2026-08-18 01:28:38]    💾 存檔！已處理 580/5921 | 成功 411 | 失敗 169
[2026-08-18 01:28:38]       資料庫共 747 筆，其中 554 筆有營業時間
[2026-08-18 01:28:38]       速度 9.0 筆/分鐘 | 預估剩餘 593 分鐘
[2026-08-18 01:28:40] [581/5921] 竹東慈惠堂 (Attraction_376440000A_000093)
[2026-08-18 01:28:43]    ✅ 成功抓到 7 筆時段
[2026-08-18 01:28:45] [582/5921] 甘露寺 (Attraction_376440000A_000094)
[2026-08-18 01:28:55]    ❌ 三種策略皆失敗
[2026-08-18 01:28:57] [583/5921] 雙豐宮 (Attraction_376440000A_000095)
[2026-08-18 01:29:00]    ✅ 成功抓到 7 筆時段
[2026-08-18 01:29:02] [584/5921] 新城新豐宮 (Attraction_376440000A_000096)
[2026-08-18 01:29:05]    ✅ 成功抓到 7 筆時段
[2026-08-18 01:29:07] [585/5921] 玖龍宮 (Attraction_376440000A_000097)
[2026-08-18 01:29:12]    ❌ 三種策略皆失敗
[2026-08-18 01:29:14] [586/5921] 聖女小德蘭教堂 (Attraction_376440000A_000098)
[2026-08-18 01:29:24]    (透過策略2成功)
[2026-08-18 01:29:24]    ✅ 成功抓到 7 筆時段
[2026-08-18 01:29:26] [587/5921] 寶山元聖宮 (Attraction_376440000A_000100)
[2026-08-18 01:29:31]    ❌ 三種策略皆失敗
[2026-08-18 01:29:33] [588/5921] 種福禪寺 (Attraction_376440000A_000102)
[2026-08-18 01:29:37]    ❌ 三種策略皆失敗
[2026-08-18 01:29:39] [589/5921] 芎林文林閣 (Attraction_376440000A_000104)
[2026-08-18 01:29:43]    ✅ 成功抓到 7 筆時段
[2026-08-18 01:29:45] [590/5921] 芎林五和宮 (Attraction_376440000A_000105)
[2026-08-18 01:29:53]    ✅ 成功抓到 7 筆時段
[2026-08-18 01:29:53]    💾 存檔！已處理 590/5921 | 成功 417 | 失敗 173
[2026-08-18 01:29:53]       資料庫共 757 筆，其中 560 筆有營業時間
[2026-08-18 01:29:53]       速度 9.0 筆/分鐘 | 預估剩餘 593 分鐘
[2026-08-18 01:29:55] [591/5921] 飛鳳山代勸堂 (Attraction_376440000A_000106)
[2026-08-18 01:29:59]    ✅ 成功抓到 7 筆時段
[2026-08-18 01:30:01] [592/5921] 石爺亭 (Attraction_376440000A_000107)
[2026-08-18 01:30:04]    ✅ 成功抓到 7 筆時段
[2026-08-18 01:30:06] [593/5921] 關西太和宮 (Attraction_376440000A_000108)
[2026-08-18 01:30:09]    ✅ 成功抓到 7 筆時段
[2026-08-18 01:30:11] [594/5921] 關西天主堂 (Attraction_376440000A_000109)
[2026-08-18 01:30:16]    ❌ 三種策略皆失敗
[2026-08-18 01:30:18] [595/5921] 藥師佛禪寺 (Attraction_376440000A_000110)
[2026-08-18 01:30:27]    ❌ 三種策略皆失敗
[2026-08-18 01:30:29] [596/5921] 金錦山義民廟 (Attraction_376440000A_000112)
[2026-08-18 01:30:34]    ❌ 三種策略皆失敗
[2026-08-18 01:30:36] [597/5921] 元和宮 (Attraction_376440000A_000113)
[2026-08-18 01:30:40]    ❌ 三種策略皆失敗
[2026-08-18 01:30:42] [598/5921] 新埔廣和宮 (Attraction_376440000A_000114)
[2026-08-18 01:30:47]    ❌ 三種策略皆失敗
[2026-08-18 01:30:49] [599/5921] 新埔文昌祠 (Attraction_376440000A_000115)
[2026-08-18 01:30:52]    ✅ 成功抓到 7 筆時段
[2026-08-18 01:30:54] [600/5921] 新埔褒忠亭義民廟 (Attraction_376440000A_000116)
[2026-08-18 01:30:58]    ✅ 成功抓到 7 筆時段
[2026-08-18 01:30:58]    💾 存檔！已處理 600/5921 | 成功 422 | 失敗 178
[2026-08-18 01:30:58]       資料庫共 767 筆，其中 565 筆有營業時間
[2026-08-18 01:30:58]       速度 9.0 筆/分鐘 | 預估剩餘 592 分鐘
[2026-08-18 01:31:00] [601/5921] 蓮華山三聖宮 (Attraction_376440000A_000117)
[2026-08-18 01:31:03]    ✅ 成功抓到 7 筆時段
[2026-08-18 01:31:05] [602/5921] 普元佛道院 (Attraction_376440000A_000118)
[2026-08-18 01:31:08]    ✅ 成功抓到 7 筆時段
[2026-08-18 01:31:10] [603/5921] 新豐三元宮 (Attraction_376440000A_000119)
[2026-08-18 01:31:15]    ❌ 三種策略皆失敗
[2026-08-18 01:31:17] [604/5921] 背影橘舍觀光果園 (Attraction_376440000A_000120)
[2026-08-18 01:31:20]    ✅ 成功抓到 7 筆時段
[2026-08-18 01:31:22] [605/5921] 富興茶葉展售中心 (Attraction_376440000A_000121)
[2026-08-18 01:31:25]    ✅ 成功抓到 7 筆時段
[2026-08-18 01:31:27] [606/5921] 北埔鄉農民直銷站 (Attraction_376440000A_000122)
[2026-08-18 01:31:31]    ✅ 成功抓到 7 筆時段
[2026-08-18 01:31:33] [607/5921] 萬瑞森林樂園 (Attraction_376440000A_000123)
[2026-08-18 01:31:36]    ✅ 成功抓到 7 筆時段
[2026-08-18 01:31:38] [608/5921] 麥客田園 (Attraction_376440000A_000125)
[2026-08-18 01:31:41]    ✅ 成功抓到 7 筆時段
[2026-08-18 01:31:43] [609/5921] 關西東安古橋 (Attraction_376440000A_000128)
[2026-08-18 01:31:47]    ✅ 成功抓到 7 筆時段
[2026-08-18 01:31:49] [610/5921] 梅花山莊 (Attraction_376440000A_000129)
[2026-08-18 01:31:53]    ❌ 三種策略皆失敗
[2026-08-18 01:31:53]    💾 存檔！已處理 610/5921 | 成功 430 | 失敗 180
[2026-08-18 01:31:53]       資料庫共 777 筆，其中 573 筆有營業時間
[2026-08-18 01:31:53]       速度 9.0 筆/分鐘 | 預估剩餘 589 分鐘
[2026-08-18 01:31:55] [611/5921] 山清休閒農園 (Attraction_376440000A_000132)
[2026-08-18 01:31:59]    ✅ 成功抓到 7 筆時段
[2026-08-18 01:32:01] [612/5921] 清水古道 (Attraction_376440000A_000135)
[2026-08-18 01:32:04]    ✅ 成功抓到 7 筆時段
[2026-08-18 01:32:06] [613/5921] 巨埔步道 (Attraction_376440000A_000136)
[2026-08-18 01:32:10]    ❌ 三種策略皆失敗
[2026-08-18 01:32:12] [614/5921] 文山步道 (Attraction_376440000A_000137)
[2026-08-18 01:32:16]    ✅ 成功抓到 7 筆時段
[2026-08-18 01:32:18] [615/5921] 飛龍步道 (Attraction_376440000A_000138)
[2026-08-18 01:32:22]    ❌ 三種策略皆失敗
[2026-08-18 01:32:24] [616/5921] 鳳崎落日步道 (Attraction_376440000A_000139)
[2026-08-18 01:32:27]    ✅ 成功抓到 7 筆時段
[2026-08-18 01:32:29] [617/5921] 仁和步道 (Attraction_376440000A_000140)
[2026-08-18 01:32:33]    ✅ 成功抓到 7 筆時段
[2026-08-18 01:32:35] [618/5921] 漢卿步道 (Attraction_376440000A_000141)
[2026-08-18 01:32:38]    ✅ 成功抓到 7 筆時段
[2026-08-18 01:32:40] [619/5921] 金獅古道 (Attraction_376440000A_000142)
[2026-08-18 01:32:43]    ✅ 成功抓到 7 筆時段
[2026-08-18 01:32:45] [620/5921] 蓮花寺步道 (Attraction_376440000A_000143)
[2026-08-18 01:32:49]    ✅ 成功抓到 7 筆時段
[2026-08-18 01:32:49]    💾 存檔！已處理 620/5921 | 成功 438 | 失敗 182
[2026-08-18 01:32:49]       資料庫共 787 筆，其中 581 筆有營業時間
[2026-08-18 01:32:49]       速度 9.0 筆/分鐘 | 預估剩餘 586 分鐘
[2026-08-18 01:32:51] [621/5921] 綠世界生態農場 (Attraction_376440000A_000144)
[2026-08-18 01:32:54]    ✅ 成功抓到 7 筆時段
[2026-08-18 01:32:56] [622/5921] 天德堂 (Attraction_376440000A_000145)
[2026-08-18 01:33:02]    (透過策略2成功)
[2026-08-18 01:33:02]    ✅ 成功抓到 7 筆時段
[2026-08-18 01:33:04] [623/5921] 新竹溪南永寧宮 (Attraction_376440000A_000147)
[2026-08-18 01:33:07]    ✅ 成功抓到 7 筆時段
[2026-08-18 01:33:09] [624/5921] 鳳蓮宮 (Attraction_376440000A_000148)
[2026-08-18 01:33:13]    ✅ 成功抓到 7 筆時段
[2026-08-18 01:33:15] [625/5921] 湖口三元宮 (Attraction_376440000A_000150)
[2026-08-18 01:33:18]    ✅ 成功抓到 7 筆時段
[2026-08-18 01:33:20] [626/5921] 溪南湖口顯聖宮 (Attraction_376440000A_000151)
[2026-08-18 01:33:23]    ✅ 成功抓到 7 筆時段
[2026-08-18 01:33:25] [627/5921] 竹北天后宮 (Attraction_376440000A_000152)
[2026-08-18 01:33:29]    ✅ 成功抓到 7 筆時段
[2026-08-18 01:33:31] [628/5921] 天人岩屋 (Attraction_376440000A_000153)
[2026-08-18 01:33:35]    ❌ 三種策略皆失敗
[2026-08-18 01:33:37] [629/5921] 老大份休閒農場 (Attraction_376440000A_000154)
[2026-08-18 01:33:42]    ❌ 三種策略皆失敗
[2026-08-18 01:33:44] [630/5921] 大山背休閒農場 (Attraction_376440000A_000156)
[2026-08-18 01:33:48]    ❌ 三種策略皆失敗
[2026-08-18 01:33:48]    💾 存檔！已處理 630/5921 | 成功 445 | 失敗 185
[2026-08-18 01:33:48]       資料庫共 797 筆，其中 588 筆有營業時間
[2026-08-18 01:33:48]       速度 9.1 筆/分鐘 | 預估剩餘 584 分鐘
[2026-08-18 01:33:50] [631/5921] 和平部落休閒農業區 (Attraction_376440000A_000158)
[2026-08-18 01:33:55]    ❌ 三種策略皆失敗
[2026-08-18 01:33:57] [632/5921] 山上人家森林農場 (Attraction_376440000A_000159)
[2026-08-18 01:34:02]    ❌ 三種策略皆失敗
[2026-08-18 01:34:04] [633/5921] 上瑞柑橘觀光果園 (Attraction_376440000A_000161)
[2026-08-18 01:34:07]    ✅ 成功抓到 7 筆時段
[2026-08-18 01:34:09] [634/5921] 木炭的家-永興炭窯 (Attraction_376440000A_000162)
[2026-08-18 01:34:12]    ✅ 成功抓到 7 筆時段
[2026-08-18 01:34:14] [635/5921] 深井村茶花園區 (Attraction_376440000A_000163)
[2026-08-18 01:34:18]    ✅ 成功抓到 7 筆時段
[2026-08-18 01:34:20] [636/5921] 順翌休閒馬場 (Attraction_376440000A_000164)
[2026-08-18 01:34:23]    ✅ 成功抓到 7 筆時段
[2026-08-18 01:34:25] [637/5921] 竹東生態河濱公園 (Attraction_376440000A_000165)
[2026-08-18 01:34:28]    ✅ 成功抓到 7 筆時段
[2026-08-18 01:34:30] [638/5921] 元馨柿餅 (Attraction_376440000A_000166)
[2026-08-18 01:34:34]    ✅ 成功抓到 7 筆時段
[2026-08-18 01:34:36] [639/5921] 大羅草莓園 (Attraction_376440000A_000167)
[2026-08-18 01:34:39]    ✅ 成功抓到 7 筆時段
[2026-08-18 01:34:41] [640/5921] 高品觀光果園 (Attraction_376440000A_000168)
[2026-08-18 01:34:44]    ✅ 成功抓到 7 筆時段
[2026-08-18 01:34:44]    💾 存檔！已處理 640/5921 | 成功 453 | 失敗 187
[2026-08-18 01:34:44]       資料庫共 807 筆，其中 596 筆有營業時間
[2026-08-18 01:34:44]       速度 9.1 筆/分鐘 | 預估剩餘 582 分鐘
[2026-08-18 01:34:46] [641/5921] 福田草莓園 (Attraction_376440000A_000169)
[2026-08-18 01:34:56]    ✅ 成功抓到 7 筆時段
[2026-08-18 01:34:58] [642/5921] 關西鎮農會仙草加工廠 (Attraction_376440000A_000170)
[2026-08-18 01:35:02]    ✅ 成功抓到 7 筆時段
[2026-08-18 01:35:04] [643/5921] 十全草莓農園 (Attraction_376440000A_000173)
[2026-08-18 01:35:07]    ✅ 成功抓到 7 筆時段
[2026-08-18 01:35:09] [644/5921] 埤塘窩生態園區 (Attraction_376440000A_000174)
[2026-08-18 01:35:12]    ✅ 成功抓到 7 筆時段
[2026-08-18 01:35:14] [645/5921] 味衛佳柿餅觀光農場 (Attraction_376440000A_000175)
[2026-08-18 01:35:18]    ✅ 成功抓到 7 筆時段
[2026-08-18 01:35:20] [646/5921] 福祥仙人掌園 (Attraction_376440000A_000176)
[2026-08-18 01:35:24]    ❌ 三種策略皆失敗
[2026-08-18 01:35:26] [647/5921] 新埔梨村農場 (Attraction_376440000A_000177)
[2026-08-18 01:35:31]    ❌ 三種策略皆失敗
[2026-08-18 01:35:33] [648/5921] 巨埔休閒農場 (Attraction_376440000A_000178)
[2026-08-18 01:35:37]    ❌ 三種策略皆失敗
[2026-08-18 01:35:39] [649/5921] 新寶觀光果園 (Attraction_376440000A_000179)
[2026-08-18 01:35:44]    ❌ 三種策略皆失敗
[2026-08-18 01:35:46] [650/5921] 金漢柿餅教育園區 (Attraction_376440000A_000180)
[2026-08-18 01:35:49]    ✅ 成功抓到 7 筆時段
[2026-08-18 01:35:49]    💾 存檔！已處理 650/5921 | 成功 459 | 失敗 191
[2026-08-18 01:35:49]       資料庫共 817 筆，其中 602 筆有營業時間
[2026-08-18 01:35:49]       速度 9.1 筆/分鐘 | 預估剩餘 580 分鐘
[2026-08-18 01:35:51] [651/5921] 周家庄觀光農場 (Attraction_376440000A_000182)
[2026-08-18 01:35:54]    ✅ 成功抓到 7 筆時段
[2026-08-18 01:35:56] [652/5921] 金谷農場 (Attraction_376440000A_000183)
[2026-08-18 01:36:00]    ✅ 成功抓到 7 筆時段
[2026-08-18 01:36:02] [653/5921] 照門休閒農業區 (Attraction_376440000A_000184)
[2026-08-18 01:36:06]    ❌ 三種策略皆失敗
[2026-08-18 01:36:08] [654/5921] 東海有機萊姆園 (Attraction_376440000A_000185)
[2026-08-18 01:36:11]    ✅ 成功抓到 7 筆時段
[2026-08-18 01:36:13] [655/5921] 鼎蜂養蜂場 (Attraction_376440000A_000186)
[2026-08-18 01:36:17]    ✅ 成功抓到 7 筆時段
[2026-08-18 01:36:19] [656/5921] 福樂休閒漁村 (Attraction_376440000A_000187)
[2026-08-18 01:36:22]    ✅ 成功抓到 7 筆時段
[2026-08-18 01:36:24] [657/5921] 雲海休閒茶廠 (Attraction_376440000A_000188)
[2026-08-18 01:36:27]    ✅ 成功抓到 7 筆時段
[2026-08-18 01:36:29] [658/5921] 司馬庫斯 (Attraction_376440000A_000189)
[2026-08-18 01:36:44]    ❌ 三種策略皆失敗
[2026-08-18 01:36:46] [659/5921] 漣漪書屋 (Attraction_376440000A_000190)
[2026-08-18 01:36:49]    ✅ 成功抓到 7 筆時段
[2026-08-18 01:36:51] [660/5921] 金廣成文化館 (Attraction_376440000A_000192)
[2026-08-18 01:36:55]    ✅ 成功抓到 7 筆時段
[2026-08-18 01:36:55]    💾 存檔！已處理 660/5921 | 成功 467 | 失敗 193
[2026-08-18 01:36:55]       資料庫共 827 筆，其中 610 筆有營業時間
[2026-08-18 01:36:55]       速度 9.1 筆/分鐘 | 預估剩餘 579 分鐘
[2026-08-18 01:36:57] [661/5921] 臺紅茶葉文化館 (Attraction_376440000A_000193)
[2026-08-18 01:37:00]    ✅ 成功抓到 7 筆時段
[2026-08-18 01:37:02] [662/5921] 新城風糖休閒園區 (Attraction_376440000A_000194)
[2026-08-18 01:37:05]    ✅ 成功抓到 7 筆時段
[2026-08-18 01:37:07] [663/5921] 高平番茄農場 (Attraction_376440000A_000197)
[2026-08-18 01:37:11]    ✅ 成功抓到 7 筆時段
[2026-08-18 01:37:13] [664/5921] 金勇DIY番茄農場 (Attraction_376440000A_000198)
[2026-08-18 01:37:16]    ✅ 成功抓到 7 筆時段
[2026-08-18 01:37:18] [665/5921] 幻多奇另類博物館 (Attraction_376440000A_000199)
[2026-08-18 01:37:22]    ❌ 三種策略皆失敗
[2026-08-18 01:37:24] [666/5921] 小叮噹科學主題樂園 (Attraction_376440000A_000200)
[2026-08-18 01:37:28]    ✅ 成功抓到 7 筆時段
[2026-08-18 01:37:30] [667/5921] 老湖口天主堂文化館 (Attraction_376440000A_000201)
[2026-08-18 01:37:33]    ✅ 成功抓到 7 筆時段
[2026-08-18 01:37:35] [668/5921] 紙寮窩造紙工坊 (Attraction_376440000A_000202)
[2026-08-18 01:37:39]    ✅ 成功抓到 7 筆時段
[2026-08-18 01:37:41] [669/5921] 鄧雨賢音樂文化公園 (Attraction_376440000A_000203)
[2026-08-18 01:37:44]    ✅ 成功抓到 7 筆時段
[2026-08-18 01:37:46] [670/5921] 竹東火車站 (Attraction_376440000A_000204)
[2026-08-18 01:37:55]    ❌ 三種策略皆失敗
[2026-08-18 01:37:55]    💾 存檔！已處理 670/5921 | 成功 475 | 失敗 195
[2026-08-18 01:37:55]       資料庫共 837 筆，其中 618 筆有營業時間
[2026-08-18 01:37:55]       速度 9.1 筆/分鐘 | 預估剩餘 578 分鐘
[2026-08-18 01:37:57] [671/5921] 蕭如松藝術園區 (Attraction_376440000A_000205)
[2026-08-18 01:38:01]    ✅ 成功抓到 7 筆時段
[2026-08-18 01:38:03] [672/5921] 軟橋彩繪村 (Attraction_376440000A_000206)
[2026-08-18 01:38:06]    ✅ 成功抓到 7 筆時段
[2026-08-18 01:38:08] [673/5921] 名冠藝術館 (Attraction_376440000A_000207)
[2026-08-18 01:38:11]    ✅ 成功抓到 7 筆時段
[2026-08-18 01:38:13] [674/5921] 上坪老街 (Attraction_376440000A_000208)
[2026-08-18 01:38:18]    ❌ 三種策略皆失敗
[2026-08-18 01:38:20] [675/5921] 新竹縣立美術館 (Attraction_376440000A_000209)
[2026-08-18 01:38:23]    ✅ 成功抓到 7 筆時段
[2026-08-18 01:38:25] [676/5921] 張學良文化園區 (Attraction_376440000A_000211)
[2026-08-18 01:38:29]    ✅ 成功抓到 7 筆時段
[2026-08-18 01:38:31] [677/5921] 惠森自然休閒農場 (Attraction_376440000A_000212)
[2026-08-18 01:38:35]    ❌ 三種策略皆失敗
[2026-08-18 01:38:37] [678/5921] 新竹縣縣史館 (Attraction_376440000A_000213)
[2026-08-18 01:38:40]    ✅ 成功抓到 7 筆時段
[2026-08-18 01:38:42] [679/5921] 陳家農場 (Attraction_376440000A_000214)
[2026-08-18 01:38:47]    ❌ 三種策略皆失敗
[2026-08-18 01:38:49] [680/5921] 蓮花寺 (Attraction_376440000A_000216)
[2026-08-18 01:38:57]    ✅ 成功抓到 7 筆時段
[2026-08-18 01:38:57]    💾 存檔！已處理 680/5921 | 成功 482 | 失敗 198
[2026-08-18 01:38:57]       資料庫共 847 筆，其中 625 筆有營業時間
[2026-08-18 01:38:57]       速度 9.1 筆/分鐘 | 預估剩餘 576 分鐘
[2026-08-18 01:38:59] [681/5921] 篁城竹簾文化館 (Attraction_376440000A_000217)
[2026-08-18 01:39:02]    ✅ 成功抓到 7 筆時段
[2026-08-18 01:39:04] [682/5921] 不老居休閒農園 (Attraction_376440000A_000218)
[2026-08-18 01:39:08]    ✅ 成功抓到 7 筆時段
[2026-08-18 01:39:10] [683/5921] 羅屋書院 (Attraction_376440000A_000219)
[2026-08-18 01:39:15]    ❌ 三種策略皆失敗
[2026-08-18 01:39:17] [684/5921] 北埔老街 (Attraction_376440000A_000221)
[2026-08-18 01:39:26]    ❌ 三種策略皆失敗
[2026-08-18 01:39:28] [685/5921] 老鷹溪瀑布（裡埔瀑布） (Attraction_376440000A_000222)
[2026-08-18 01:39:40]    ✅ 成功抓到 7 筆時段
[2026-08-18 01:39:42] [686/5921] 樂竹齋竹雕工作室 (Attraction_376440000A_000224)
[2026-08-18 01:39:46]    ✅ 成功抓到 7 筆時段
[2026-08-18 01:39:48] [687/5921] 古蹟市集 (Attraction_376440000A_000226)
[2026-08-18 01:39:52]    ❌ 三種策略皆失敗
[2026-08-18 01:39:54] [688/5921] 寶山小西湖 (Attraction_376440000A_000228)
[2026-08-18 01:40:08]    ✅ 成功抓到 7 筆時段
[2026-08-18 01:40:10] [689/5921] 峨眉湖遊艇碼頭 (Attraction_376440000A_000230)
[2026-08-18 01:40:14]    ✅ 成功抓到 7 筆時段
[2026-08-18 01:40:16] [690/5921] 峨眉湖環湖步道 (Attraction_376440000A_000231)
[2026-08-18 01:40:24]    ✅ 成功抓到 7 筆時段
[2026-08-18 01:40:24]    💾 存檔！已處理 690/5921 | 成功 489 | 失敗 201
[2026-08-18 01:40:24]       資料庫共 857 筆，其中 632 筆有營業時間
[2026-08-18 01:40:24]       速度 9.1 筆/分鐘 | 預估剩餘 577 分鐘
[2026-08-18 01:40:26] [691/5921] 南埔社區 (Attraction_376440000A_000232)
[2026-08-18 01:40:37]    (透過策略2成功)
[2026-08-18 01:40:37]    ✅ 成功抓到 7 筆時段
[2026-08-18 01:40:39] [692/5921] 李崠山古堡 (Attraction_376440000A_000234)
[2026-08-18 01:40:42]    ✅ 成功抓到 7 筆時段
[2026-08-18 01:40:44] [693/5921] 內灣親水公園 (Attraction_376440000A_000235)
[2026-08-18 01:40:47]    ✅ 成功抓到 7 筆時段
[2026-08-18 01:40:49] [694/5921] 南坪古道 (Attraction_376440000A_000236)
[2026-08-18 01:40:53]    ✅ 成功抓到 7 筆時段
[2026-08-18 01:40:55] [695/5921] 馬胎古道 (Attraction_376440000A_000237)
[2026-08-18 01:40:58]    ✅ 成功抓到 7 筆時段
[2026-08-18 01:41:00] [696/5921] 台灣百合工作室 (Attraction_376440000A_000238)
[2026-08-18 01:41:03]    ✅ 成功抓到 7 筆時段
[2026-08-18 01:41:05] [697/5921] 獅頭山 (Attraction_376440000A_000239)
[2026-08-18 01:41:10]    ❌ 三種策略皆失敗
[2026-08-18 01:41:12] [698/5921] 峰市集 (Attraction_376440000A_000241)
[2026-08-18 01:41:18]    (透過策略2成功)
[2026-08-18 01:41:18]    ✅ 成功抓到 7 筆時段
[2026-08-18 01:41:20] [699/5921] 桔祥農莊 (Attraction_376440000A_000243)
[2026-08-18 01:41:23]    ✅ 成功抓到 7 筆時段
[2026-08-18 01:41:25] [700/5921] 大口吃米 (Attraction_376440000A_000244)
[2026-08-18 01:41:28]    ✅ 成功抓到 7 筆時段
[2026-08-18 01:41:28]    💾 存檔！已處理 700/5921 | 成功 498 | 失敗 202
[2026-08-18 01:41:28]       資料庫共 867 筆，其中 641 筆有營業時間
[2026-08-18 01:41:28]       速度 9.1 筆/分鐘 | 預估剩餘 576 分鐘
[2026-08-18 01:41:30] [701/5921] 那羅農特產產銷合作社 (Attraction_376440000A_000247)
[2026-08-18 01:41:35]    ❌ 三種策略皆失敗
[2026-08-18 01:41:37] [702/5921] 芎林公有零售市場 (Attraction_376440000A_000249)
[2026-08-18 01:41:40]    ✅ 成功抓到 7 筆時段
[2026-08-18 01:41:42] [703/5921] 內立社區-茗香弄草香草園 (Attraction_376440000A_000250)
[2026-08-18 01:41:50]    ✅ 成功抓到 7 筆時段
[2026-08-18 01:41:52] [704/5921] Wah！幾散竹東 (Attraction_376440000A_000251)
[2026-08-18 01:41:56]    ✅ 成功抓到 7 筆時段
[2026-08-18 01:41:58] [705/5921] 尖石鄉原住民文化館 (Attraction_376440000A_000252)
[2026-08-18 01:42:01]    ✅ 成功抓到 7 筆時段
[2026-08-18 01:42:03] [706/5921] 五峰鄉原住民族館 (Attraction_376440000A_000253)
[2026-08-18 01:42:06]    ✅ 成功抓到 7 筆時段
[2026-08-18 01:42:08] [707/5921] YAMAI雅麥部落 (Attraction_376440000A_000254)
[2026-08-18 01:42:12]    ✅ 成功抓到 7 筆時段
[2026-08-18 01:42:14] [708/5921] 打牛崎步道 (Attraction_376440000A_000255)
[2026-08-18 01:42:17]    ✅ 成功抓到 7 筆時段
[2026-08-18 01:42:19] [709/5921] 大山背農民市集 (Attraction_376440000A_000256)
[2026-08-18 01:42:22]    ✅ 成功抓到 7 筆時段
[2026-08-18 01:42:24] [710/5921] 華光照相館 (Attraction_376440000A_000260)
[2026-08-18 01:42:28]    ✅ 成功抓到 7 筆時段
[2026-08-18 01:42:28]    💾 存檔！已處理 710/5921 | 成功 507 | 失敗 203
[2026-08-18 01:42:28]       資料庫共 877 筆，其中 650 筆有營業時間
[2026-08-18 01:42:28]       速度 9.1 筆/分鐘 | 預估剩餘 574 分鐘
[2026-08-18 01:42:30] [711/5921] 竹東台泥親子公園 (Attraction_376440000A_000261)
[2026-08-18 01:42:46]    ✅ 成功抓到 7 筆時段
[2026-08-18 01:42:48] [712/5921] 龍瑛宗文學館 (Attraction_376440000A_000262)
[2026-08-18 01:42:51]    ✅ 成功抓到 7 筆時段
[2026-08-18 01:42:53] [713/5921] 步居草 (Attraction_376440000A_000263)
[2026-08-18 01:42:57]    ❌ 三種策略皆失敗
[2026-08-18 01:42:59] [714/5921] 大地農場 (Attraction_376440000A_000264)
[2026-08-18 01:43:14]    ✅ 成功抓到 7 筆時段
[2026-08-18 01:43:16] [715/5921] 牛欄河親水公園 (Attraction_376440000A_000265)
[2026-08-18 01:43:19]    ✅ 成功抓到 7 筆時段
[2026-08-18 01:43:21] [716/5921] 鳳坑公園 (Attraction_376440000A_000266)
[2026-08-18 01:43:25]    ✅ 成功抓到 7 筆時段
[2026-08-18 01:43:27] [717/5921] 水月休閒農業區 (Attraction_376440000A_000267)
[2026-08-18 01:43:44]    ❌ 三種策略皆失敗
[2026-08-18 01:43:46] [718/5921] 詹志良·陶玩 (Attraction_376440000A_000271)
[2026-08-18 01:43:49]    ✅ 成功抓到 7 筆時段
[2026-08-18 01:43:51] [719/5921] 沽月日光休憩聚落 (Attraction_376440000A_000272)
[2026-08-18 01:43:55]    ✅ 成功抓到 7 筆時段
[2026-08-18 01:43:57] [720/5921] 那羅灣休閒農業區 (Attraction_376440000A_000273)
[2026-08-18 01:44:01]    ❌ 三種策略皆失敗
[2026-08-18 01:44:01]    💾 存檔！已處理 720/5921 | 成功 514 | 失敗 206
[2026-08-18 01:44:01]       資料庫共 887 筆，其中 657 筆有營業時間
[2026-08-18 01:44:01]       速度 9.0 筆/分鐘 | 預估剩餘 576 分鐘
[2026-08-18 01:44:03] [721/5921] 橫山車站 (Attraction_376440000A_000274)
[2026-08-18 01:44:26]    ❌ 三種策略皆失敗
[2026-08-18 01:44:28] [722/5921] 關西老街 (Attraction_376440000A_000276)
[2026-08-18 01:44:31]    ✅ 成功抓到 7 筆時段
[2026-08-18 01:44:33] [723/5921] 琉戀璃品手創工房 (Attraction_376440000A_000277)
[2026-08-18 01:44:36]    ✅ 成功抓到 7 筆時段
[2026-08-18 01:44:38] [724/5921] 綠點子花藝生活館 (Attraction_376440000A_000280)
[2026-08-18 01:44:45]    ❌ 三種策略皆失敗
[2026-08-18 01:44:47] [725/5921] 大自在工作室 (Attraction_376440000A_000283)
[2026-08-18 01:45:00]    ✅ 成功抓到 7 筆時段
[2026-08-18 01:45:02] [726/5921] 竹北東興圳公園 (Attraction_376440000A_000284)
[2026-08-18 01:45:11]    ✅ 成功抓到 7 筆時段
[2026-08-18 01:45:13] [727/5921] 仙境微醺莊園 (Attraction_376440000A_000285)
[2026-08-18 01:45:17]    ❌ 三種策略皆失敗
[2026-08-18 01:45:19] [728/5921] 外鳥嘴山 (Attraction_376440000A_000288)
[2026-08-18 01:45:30]    (透過策略2成功)
[2026-08-18 01:45:30]    ✅ 成功抓到 7 筆時段
[2026-08-18 01:45:32] [729/5921] 高島縱走 (Attraction_376440000A_000289)
[2026-08-18 01:45:49]    ❌ 三種策略皆失敗
[2026-08-18 01:45:51] [730/5921] 旱坑社區 (Attraction_376440000A_000290)
[2026-08-18 01:46:11]    ❌ 三種策略皆失敗
[2026-08-18 01:46:11]    💾 存檔！已處理 730/5921 | 成功 519 | 失敗 211
[2026-08-18 01:46:11]       資料庫共 897 筆，其中 662 筆有營業時間
[2026-08-18 01:46:11]       速度 8.9 筆/分鐘 | 預估剩餘 583 分鐘
[2026-08-18 01:46:13] [731/5921] 無負擔農場 (Attraction_376440000A_000291)
[2026-08-18 01:46:18]    ❌ 三種策略皆失敗
[2026-08-18 01:46:20] [732/5921] 圭窯新彩燒 (Attraction_376440000A_000292)
[2026-08-18 01:46:23]    ✅ 成功抓到 7 筆時段
[2026-08-18 01:46:25] [733/5921] 關新田園自行車道 (Attraction_376440000A_000293)
[2026-08-18 01:46:30]    ❌ 三種策略皆失敗
[2026-08-18 01:46:32] [734/5921] 東山農園 (Attraction_376440000A_000294)
[2026-08-18 01:46:35]    ✅ 成功抓到 7 筆時段
[2026-08-18 01:46:37] [735/5921] 北埔六塘落羽松 (Attraction_376440000A_000296)
[2026-08-18 01:46:41]    ❌ 三種策略皆失敗
[2026-08-18 01:46:43] [736/5921] 新埔鎮農會新農民市場 (Attraction_376440000A_000298)
[2026-08-18 01:46:52]    ✅ 成功抓到 7 筆時段
[2026-08-18 01:46:54] [737/5921] 新豐鄉農會 (Attraction_376440000A_000299)
[2026-08-18 01:47:04]    ✅ 成功抓到 7 筆時段
[2026-08-18 01:47:06] [738/5921] 公四水霧公園 (Attraction_376440000A_000300)
[2026-08-18 01:47:09]    ✅ 成功抓到 7 筆時段
[2026-08-18 01:47:11] [739/5921] 新埔劉家祠 (Attraction_376440000A_000303)
[2026-08-18 01:47:27]    ✅ 成功抓到 7 筆時段
[2026-08-18 01:47:29] [740/5921] 新埔潘屋 (Attraction_376440000A_000304)
[2026-08-18 01:47:33]    ❌ 三種策略皆失敗
[2026-08-18 01:47:33]    💾 存檔！已處理 740/5921 | 成功 525 | 失敗 215
[2026-08-18 01:47:33]       資料庫共 907 筆，其中 668 筆有營業時間
[2026-08-18 01:47:33]       速度 8.9 筆/分鐘 | 預估剩餘 583 分鐘
[2026-08-18 01:47:35] [741/5921] 湖口好客文創園區 (Attraction_376440000A_000305)
[2026-08-18 01:47:39]    ✅ 成功抓到 7 筆時段
[2026-08-18 01:47:41] [742/5921] 新月沙灣 (Attraction_376440000A_000306)
[2026-08-18 01:47:50]    ❌ 三種策略皆失敗
[2026-08-18 01:47:52] [743/5921] 北埔姜氏家廟 (Attraction_376440000A_000308)
[2026-08-18 01:47:57]    ❌ 三種策略皆失敗
[2026-08-18 01:47:59] [744/5921] 姜阿新洋樓 (Attraction_376440000A_000309)
[2026-08-18 01:48:02]    ✅ 成功抓到 7 筆時段
[2026-08-18 01:48:04] [745/5921] 細茅埔吊橋 (Attraction_376440000A_000311)
[2026-08-18 01:48:08]    ✅ 成功抓到 7 筆時段
[2026-08-18 01:48:10] [746/5921] 新豐紅樹林 (Attraction_376440000A_000312)
[2026-08-18 01:48:15]    (透過策略2成功)
[2026-08-18 01:48:15]    ✅ 成功抓到 7 筆時段
[2026-08-18 01:48:17] [747/5921] 宇老觀景台 (Attraction_376440000A_000313)
[2026-08-18 01:48:21]    ✅ 成功抓到 7 筆時段
[2026-08-18 01:48:23] [748/5921] 老鷹溪步道 (Attraction_376440000A_000314)
[2026-08-18 01:48:26]    ✅ 成功抓到 7 筆時段
[2026-08-18 01:48:28] [749/5921] 鎮西堡教會 (Attraction_376440000A_000315)
[2026-08-18 01:48:32]    ❌ 三種策略皆失敗
[2026-08-18 01:48:34] [750/5921] 寶山第二水庫 (Attraction_376440000A_000317)
[2026-08-18 01:48:43]    ✅ 成功抓到 7 筆時段
[2026-08-18 01:48:43]    💾 存檔！已處理 750/5921 | 成功 532 | 失敗 218
[2026-08-18 01:48:43]       資料庫共 917 筆，其中 675 筆有營業時間
[2026-08-18 01:48:43]       速度 8.9 筆/分鐘 | 預估剩餘 582 分鐘
[2026-08-18 01:48:45] [751/5921] 雙胞胎井 (Attraction_376440000A_000318)
[2026-08-18 01:48:48]    ✅ 成功抓到 7 筆時段
[2026-08-18 01:48:50] [752/5921] 新埔柿染坊 (Attraction_376440000A_000320)
[2026-08-18 01:48:53]    ✅ 成功抓到 7 筆時段
[2026-08-18 01:48:55] [753/5921] 竹北原生林保護區 (Attraction_376440000A_000321)
[2026-08-18 01:48:59]    ✅ 成功抓到 7 筆時段
[2026-08-18 01:49:01] [754/5921] 內灣老街 (Attraction_376440000A_000323)
[2026-08-18 01:49:04]    ✅ 成功抓到 7 筆時段
[2026-08-18 01:49:06] [755/5921] 頭前溪南岸經典自行車道 (Attraction_376440000A_000324)
[2026-08-18 01:49:17]    (透過策略2成功)
[2026-08-18 01:49:17]    ✅ 成功抓到 7 筆時段
[2026-08-18 01:49:19] [756/5921] 內山環線(環1-2) (竹縣段) (Attraction_376440000A_000327)
[2026-08-18 01:49:36]    ❌ 三種策略皆失敗
[2026-08-18 01:49:38] [757/5921] 關西牛欄河自行車道（環1-2替代路線） (Attraction_376440000A_000335)
[2026-08-18 01:49:46]    ✅ 成功抓到 7 筆時段
[2026-08-18 01:49:48] [758/5921] 環島1號線(竹縣段) (Attraction_376440000A_000338)
[2026-08-18 01:49:51]    ✅ 成功抓到 7 筆時段
[2026-08-18 01:49:53] [759/5921] 興隆路自行車道 (Attraction_376440000A_000343)
[2026-08-18 01:50:02]    ✅ 成功抓到 7 筆時段
[2026-08-18 01:50:04] [760/5921] 竹北問禮堂 (Attraction_376440000A_000344)
[2026-08-18 01:50:07]    ✅ 成功抓到 7 筆時段
[2026-08-18 01:50:07]    💾 存檔！已處理 760/5921 | 成功 541 | 失敗 219
[2026-08-18 01:50:07]       資料庫共 927 筆，其中 684 筆有營業時間
[2026-08-18 01:50:07]       速度 8.8 筆/分鐘 | 預估剩餘 583 分鐘
[2026-08-18 01:50:09] [761/5921] 竹北泉州厝汾陽堂 (Attraction_376440000A_000345)
[2026-08-18 01:50:12]    ✅ 成功抓到 7 筆時段
[2026-08-18 01:50:14] [762/5921] 竹北光明商圈 (Attraction_376440000A_000346)
[2026-08-18 01:50:23]    ✅ 成功抓到 7 筆時段
[2026-08-18 01:50:25] [763/5921] 竹北東平里問禮堂 (Attraction_376440000A_000347)
[2026-08-18 01:50:29]    ❌ 三種策略皆失敗
[2026-08-18 01:50:31] [764/5921] 文化兒童公園 (Attraction_376440000A_000348)
[2026-08-18 01:50:34]    ✅ 成功抓到 7 筆時段
[2026-08-18 01:50:36] [765/5921] 竹北蓮華寺 (Attraction_376440000A_000350)
[2026-08-18 01:50:40]    ✅ 成功抓到 7 筆時段
[2026-08-18 01:50:42] [766/5921] 縣福園公園 (Attraction_376440000A_000351)
[2026-08-18 01:50:45]    ✅ 成功抓到 7 筆時段
[2026-08-18 01:50:47] [767/5921] 新竹高鐵站 (Attraction_376440000A_000352)
[2026-08-18 01:51:02]    ❌ 三種策略皆失敗
[2026-08-18 01:51:04] [768/5921] 竹北通德堂 (Attraction_376440000A_000353)
[2026-08-18 01:51:08]    ❌ 三種策略皆失敗
[2026-08-18 01:51:10] [769/5921] 竹北采田福地 (Attraction_376440000A_000354)
[2026-08-18 01:51:14]    ✅ 成功抓到 7 筆時段
[2026-08-18 01:51:16] [770/5921] 竹北六張犁大夫第 (Attraction_376440000A_000356)
[2026-08-18 01:51:19]    ✅ 成功抓到 7 筆時段
[2026-08-18 01:51:19]    💾 存檔！已處理 770/5921 | 成功 548 | 失敗 222
[2026-08-18 01:51:19]       資料庫共 937 筆，其中 691 筆有營業時間
[2026-08-18 01:51:19]       速度 8.8 筆/分鐘 | 預估剩餘 583 分鐘
[2026-08-18 01:51:21] [771/5921] 竹北六張犁林家祠 (Attraction_376440000A_000358)
[2026-08-18 01:51:25]    ❌ 三種策略皆失敗
[2026-08-18 01:51:27] [772/5921] 新埔朱氏家廟 (Attraction_376440000A_000360)
[2026-08-18 01:51:32]    ❌ 三種策略皆失敗
[2026-08-18 01:51:34] [773/5921] 新埔若瑟天主堂 (Attraction_376440000A_000361)
[2026-08-18 01:51:38]    ❌ 三種策略皆失敗
[2026-08-18 01:51:40] [774/5921] 竹嵐園 (Attraction_376440000A_000362)
[2026-08-18 01:51:44]    ❌ 三種策略皆失敗
[2026-08-18 01:51:46] [775/5921] 涼井 (Attraction_376440000A_000363)
[2026-08-18 01:51:51]    ❌ 三種策略皆失敗
[2026-08-18 01:51:53] [776/5921] 新埔張氏家廟 (Attraction_376440000A_000364)
[2026-08-18 01:51:56]    ✅ 成功抓到 7 筆時段
[2026-08-18 01:51:58] [777/5921] 新埔陳氏宗祠 (Attraction_376440000A_000365)
[2026-08-18 01:52:01]    ✅ 成功抓到 7 筆時段
[2026-08-18 01:52:03] [778/5921] 新埔宗祠客家文化導覽館 (Attraction_376440000A_000367)
[2026-08-18 01:52:07]    ✅ 成功抓到 7 筆時段
[2026-08-18 01:52:09] [779/5921] 吳濁流故居 (Attraction_376440000A_000371)
[2026-08-18 01:52:12]    ✅ 成功抓到 7 筆時段
[2026-08-18 01:52:14] [780/5921] 竹東中央市場 (Attraction_376440000A_000372)
[2026-08-18 01:52:18]    ✅ 成功抓到 7 筆時段
[2026-08-18 01:52:18]    💾 存檔！已處理 780/5921 | 成功 553 | 失敗 227
[2026-08-18 01:52:18]       資料庫共 947 筆，其中 696 筆有營業時間
[2026-08-18 01:52:18]       速度 8.9 筆/分鐘 | 預估剩餘 580 分鐘
[2026-08-18 01:52:20] [781/5921] 竹東寵物運動公園 (Attraction_376440000A_000373)
[2026-08-18 01:52:28]    ✅ 成功抓到 7 筆時段
[2026-08-18 01:52:30] [782/5921] 竹東頭重並禁、示禁二碑 (Attraction_376440000A_000374)
[2026-08-18 01:52:33]    ✅ 成功抓到 7 筆時段
[2026-08-18 01:52:35] [783/5921] 竹東大圳 (Attraction_376440000A_000376)
[2026-08-18 01:52:59]    ❌ 三種策略皆失敗
[2026-08-18 01:53:01] [784/5921] 關西鄭氏祠堂 (Attraction_376440000A_000379)
[2026-08-18 01:53:05]    ❌ 三種策略皆失敗
[2026-08-18 01:53:07] [785/5921] 關西南陽堂鄧屋 (Attraction_376440000A_000381)
[2026-08-18 01:53:12]    ❌ 三種策略皆失敗
[2026-08-18 01:53:14] [786/5921] 錦山觀光果園 (Attraction_376440000A_000384)
[2026-08-18 01:53:19]    (透過策略2成功)
[2026-08-18 01:53:19]    ✅ 成功抓到 7 筆時段
[2026-08-18 01:53:21] [787/5921] 二寮神木 (Attraction_376440000A_000385)
[2026-08-18 01:53:24]    ✅ 成功抓到 7 筆時段
[2026-08-18 01:53:26] [788/5921] 南埔水圳 (Attraction_376440000A_000386)
[2026-08-18 01:53:30]    ✅ 成功抓到 7 筆時段
[2026-08-18 01:53:32] [789/5921] 五指山橫向步道 (Attraction_376440000A_000387)
[2026-08-18 01:53:35]    ✅ 成功抓到 7 筆時段
[2026-08-18 01:53:37] [790/5921] 陳永斌木工DIY工作室 (Attraction_376440000A_000388)
[2026-08-18 01:53:41]    ❌ 三種策略皆失敗
[2026-08-18 01:53:41]    💾 存檔！已處理 790/5921 | 成功 559 | 失敗 231
[2026-08-18 01:53:41]       資料庫共 957 筆，其中 702 筆有營業時間
[2026-08-18 01:53:41]       速度 8.8 筆/分鐘 | 預估剩餘 581 分鐘
[2026-08-18 01:53:43] [791/5921] 北埔忠恕堂 (Attraction_376440000A_000389)
[2026-08-18 01:54:01]    ✅ 成功抓到 7 筆時段
[2026-08-18 01:54:03] [792/5921] 鄧南光影像紀念館 (Attraction_376440000A_000390)
[2026-08-18 01:54:06]    ✅ 成功抓到 7 筆時段
[2026-08-18 01:54:08] [793/5921] 北埔秀巒公園 (Attraction_376440000A_000391)
[2026-08-18 01:54:12]    ✅ 成功抓到 7 筆時段
[2026-08-18 01:54:14] [794/5921] 芎林鹿寮坑鍾家伙房 (Attraction_376440000A_000392)
[2026-08-18 01:54:31]    ❌ 三種策略皆失敗
[2026-08-18 01:54:33] [795/5921] 濟生Beauty健康文化館 (Attraction_376440000A_000394)
[2026-08-18 01:54:37]    ✅ 成功抓到 7 筆時段
[2026-08-18 01:54:39] [796/5921] 鄭永國陶藝工作室 (Attraction_376440000A_000397)
[2026-08-18 01:54:42]    ✅ 成功抓到 7 筆時段
[2026-08-18 01:54:44] [797/5921] 歇心茶樓 (Attraction_376440000A_000398)
[2026-08-18 01:54:59]    ✅ 成功抓到 7 筆時段
[2026-08-18 01:55:01] [798/5921] 小雨滴藝術空間 (Attraction_376440000A_000400)
[2026-08-18 01:55:05]    ❌ 三種策略皆失敗
[2026-08-18 01:55:07] [799/5921] 峨眉天主堂 (Attraction_376440000A_000401)
[2026-08-18 01:55:12]    ❌ 三種策略皆失敗
[2026-08-18 01:55:14] [800/5921] 大湖口公學校遺跡 (Attraction_376440000A_000403)
[2026-08-18 01:55:17]    ✅ 成功抓到 7 筆時段
[2026-08-18 01:55:17]    💾 存檔！已處理 800/5921 | 成功 566 | 失敗 234
[2026-08-18 01:55:17]       資料庫共 967 筆，其中 709 筆有營業時間
[2026-08-18 01:55:17]       速度 8.8 筆/分鐘 | 預估剩餘 583 分鐘
[2026-08-18 01:55:19] [801/5921] 紅毛港生態遊憩區 (Attraction_376440000A_000404)
[2026-08-18 01:55:22]    ✅ 成功抓到 7 筆時段
[2026-08-18 01:55:24] [802/5921] 新豐觀海大道 (Attraction_376440000A_000405)
[2026-08-18 01:55:33]    ✅ 成功抓到 7 筆時段
[2026-08-18 01:55:35] [803/5921] 田心緣生態園區 (Attraction_376440000A_000407)
[2026-08-18 01:55:38]    ✅ 成功抓到 7 筆時段
[2026-08-18 01:55:40] [804/5921] 寶山蠟藝館 (Attraction_376440000A_000408)
[2026-08-18 01:55:43]    ✅ 成功抓到 7 筆時段
[2026-08-18 01:55:45] [805/5921] 開心田緣 (Attraction_376440000A_000409)
[2026-08-18 01:55:48]    ✅ 成功抓到 7 筆時段
[2026-08-18 01:55:50] [806/5921] 寶湖吊橋．碧湖吊橋 (Attraction_376440000A_000410)
[2026-08-18 01:55:55]    ❌ 三種策略皆失敗
[2026-08-18 01:55:57] [807/5921] 深井生態園 (Attraction_376440000A_000411)
[2026-08-18 01:56:00]    ✅ 成功抓到 7 筆時段
[2026-08-18 01:56:02] [808/5921] 木馬道遺址 (Attraction_376440000A_000412)
[2026-08-18 01:56:06]    ✅ 成功抓到 7 筆時段
[2026-08-18 01:56:08] [809/5921] 內灣天主堂 (Attraction_376440000A_000414)
[2026-08-18 01:56:11]    ✅ 成功抓到 7 筆時段
[2026-08-18 01:56:13] [810/5921] 豐鄉瀑布 (Attraction_376440000A_000415)
[2026-08-18 01:56:16]    ✅ 成功抓到 7 筆時段
[2026-08-18 01:56:16]    💾 存檔！已處理 810/5921 | 成功 575 | 失敗 235
[2026-08-18 01:56:16]       資料庫共 977 筆，其中 718 筆有營業時間
[2026-08-18 01:56:16]       速度 8.8 筆/分鐘 | 預估剩餘 581 分鐘
[2026-08-18 01:56:18] [811/5921] 內灣車站 (Attraction_376440000A_000416)
[2026-08-18 01:56:23]    ❌ 三種策略皆失敗
[2026-08-18 01:56:25] [812/5921] 內灣吊橋 (Attraction_376440000A_000417)
[2026-08-18 01:56:30]    ❌ 三種策略皆失敗
[2026-08-18 01:56:32] [813/5921] 內灣派出所 (Attraction_376440000A_000418)
[2026-08-18 01:56:36]    ❌ 三種策略皆失敗
[2026-08-18 01:56:38] [814/5921] 富貴車站 (Attraction_376440000A_000419)
[2026-08-18 01:56:43]    ❌ 三種策略皆失敗
[2026-08-18 01:56:45] [815/5921] 清泉溫泉 (Attraction_376440000A_000421)
[2026-08-18 01:56:55]    (透過策略2成功)
[2026-08-18 01:56:55]    ✅ 成功抓到 7 筆時段
[2026-08-18 01:56:57] [816/5921] 賽夏族矮人祭場文物館 (Attraction_376440000A_000422)
[2026-08-18 01:57:02]    ❌ 三種策略皆失敗
[2026-08-18 01:57:04] [817/5921] 三毛夢屋 (Attraction_376440000A_000425)
[2026-08-18 01:57:07]    ✅ 成功抓到 7 筆時段
[2026-08-18 01:57:09] [818/5921] 清泉風景特定區 (Attraction_376440000A_000426)
[2026-08-18 01:57:15]    (透過策略2成功)
[2026-08-18 01:57:15]    ✅ 成功抓到 7 筆時段
[2026-08-18 01:57:17] [819/5921] 桃山國小 (Attraction_376440000A_000428)
[2026-08-18 01:57:20]    ✅ 成功抓到 7 筆時段
[2026-08-18 01:57:22] [820/5921] 白蘭部落 (Attraction_376440000A_000430)
[2026-08-18 01:57:25]    ✅ 成功抓到 7 筆時段
[2026-08-18 01:57:25]    💾 存檔！已處理 820/5921 | 成功 580 | 失敗 240
[2026-08-18 01:57:25]       資料庫共 987 筆，其中 723 筆有營業時間
[2026-08-18 01:57:25]       速度 8.8 筆/分鐘 | 預估剩餘 580 分鐘
[2026-08-18 01:57:27] [821/5921] 民都有泰雅雕刻園區 (Attraction_376440000A_000432)
[2026-08-18 01:57:30]    ✅ 成功抓到 7 筆時段
[2026-08-18 01:57:32] [822/5921] 梅后蔓瀑布 (Attraction_376440000A_000435)
[2026-08-18 01:57:36]    ✅ 成功抓到 7 筆時段
[2026-08-18 01:57:38] [823/5921] 尖石岩 (Attraction_376440000A_000436)
[2026-08-18 01:57:41]    ✅ 成功抓到 7 筆時段
[2026-08-18 01:57:43] [824/5921] 大霸尖山 (Attraction_376440000A_000438)
[2026-08-18 01:57:48]    ❌ 三種策略皆失敗
[2026-08-18 01:57:50] [825/5921] 錦屏美人湯 (Attraction_376440000A_000440)
[2026-08-18 01:57:53]    ✅ 成功抓到 7 筆時段
[2026-08-18 01:57:55] [826/5921] 水田部落 (Attraction_376440000A_000441)
[2026-08-18 01:58:04]    ❌ 三種策略皆失敗
[2026-08-18 01:58:06] [827/5921] 鴛鴦谷瀑布群步道 (Attraction_376440000A_000442)
[2026-08-18 01:58:14]    ❌ 三種策略皆失敗
[2026-08-18 01:58:16] [828/5921] 軍艦岩 (Attraction_376440000A_000444)
[2026-08-18 01:58:20]    ❌ 三種策略皆失敗
[2026-08-18 01:58:22] [829/5921] 北得拉曼巨木群 (Attraction_376440000A_000445)
[2026-08-18 01:58:27]    ❌ 三種策略皆失敗
[2026-08-18 01:58:29] [830/5921] 錦屏大橋 (Attraction_376440000A_000446)
[2026-08-18 01:58:32]    ✅ 成功抓到 7 筆時段
[2026-08-18 01:58:32]    💾 存檔！已處理 830/5921 | 成功 585 | 失敗 245
[2026-08-18 01:58:32]       資料庫共 997 筆，其中 728 筆有營業時間
[2026-08-18 01:58:32]       速度 8.8 筆/分鐘 | 預估剩餘 578 分鐘
[2026-08-18 01:58:35] [831/5921] 鎮西堡神木群 (Attraction_376440000A_000447)
[2026-08-18 01:58:39]    ❌ 三種策略皆失敗
[2026-08-18 01:58:41] [832/5921] 北角吊橋 (Attraction_376440000A_000448)
[2026-08-18 01:58:49]    ✅ 成功抓到 7 筆時段
[2026-08-18 01:58:51] [833/5921] 秀巒野溪溫泉 (Attraction_376440000A_000450)
[2026-08-18 01:58:55]    ✅ 成功抓到 7 筆時段
[2026-08-18 01:58:57] [834/5921] 錦屏教會 (Attraction_376440000A_000453)
[2026-08-18 01:59:07]    (透過策略2成功)
[2026-08-18 01:59:07]    ✅ 成功抓到 7 筆時段
[2026-08-18 01:59:09] [835/5921] 獅山遊客中心 (Attraction_376440000A_000454)
[2026-08-18 01:59:13]    ✅ 成功抓到 7 筆時段
[2026-08-18 01:59:15] [836/5921] 湖口公五特色公園 (Attraction_376440000A_000455)
[2026-08-18 01:59:19]    ❌ 三種策略皆失敗
[2026-08-18 01:59:21] [837/5921] 湖口公二公園 (Attraction_376440000A_000456)
[2026-08-18 01:59:27]    (透過策略2成功)
[2026-08-18 01:59:27]    ✅ 成功抓到 7 筆時段
[2026-08-18 01:59:29] [838/5921] 魔王城堡公園 (Attraction_376440000A_000457)
[2026-08-18 01:59:32]    ✅ 成功抓到 7 筆時段
[2026-08-18 01:59:34] [839/5921] 魔豆歷險公園 (Attraction_376440000A_000458)
[2026-08-18 01:59:37]    ✅ 成功抓到 7 筆時段
[2026-08-18 01:59:39] [840/5921] 嘉豐數學公園 (Attraction_376440000A_000459)
[2026-08-18 01:59:43]    ✅ 成功抓到 7 筆時段
[2026-08-18 01:59:43]    💾 存檔！已處理 840/5921 | 成功 593 | 失敗 247
[2026-08-18 01:59:43]       資料庫共 1007 筆，其中 736 筆有營業時間
[2026-08-18 01:59:43]       速度 8.8 筆/分鐘 | 預估剩餘 578 分鐘
[2026-08-18 01:59:45] [841/5921] 蘑菇城堡公園 (Attraction_376440000A_000460)
[2026-08-18 01:59:48]    ✅ 成功抓到 7 筆時段
[2026-08-18 01:59:50] [842/5921] 鳳凰飛翔遊樂場 (Attraction_376440000A_000461)
[2026-08-18 01:59:55]    ❌ 三種策略皆失敗
[2026-08-18 01:59:57] [843/5921] 大王花公園 (Attraction_376440000A_000462)
[2026-08-18 02:00:01]    ❌ 三種策略皆失敗
[2026-08-18 02:00:03] [844/5921] 興隆公園自然森林遊戲場 (Attraction_376440000A_000463)
[2026-08-18 02:00:06]    ✅ 成功抓到 7 筆時段
[2026-08-18 02:00:08] [845/5921] 方口獅公園 (Attraction_376440000A_000465)
[2026-08-18 02:00:13]    ❌ 三種策略皆失敗
[2026-08-18 02:00:15] [846/5921] 埔和公園 (Attraction_376440000A_000467)
[2026-08-18 02:00:18]    ✅ 成功抓到 7 筆時段
[2026-08-18 02:00:20] [847/5921] 清泉藝術之森 (Attraction_376440000A_000468)
[2026-08-18 02:00:25]    ❌ 三種策略皆失敗
[2026-08-18 02:00:27] [848/5921] 財伯觀光果園 (Attraction_376440000A_000469)
[2026-08-18 02:00:31]    ❌ 三種策略皆失敗
[2026-08-18 02:00:33] [849/5921] 仙草一分田 (Attraction_376440000A_000470)
[2026-08-18 02:00:37]    ✅ 成功抓到 7 筆時段
[2026-08-18 02:00:39] [850/5921] 渡南古道 (Attraction_376440000A_000471)
[2026-08-18 02:00:42]    ✅ 成功抓到 7 筆時段
[2026-08-18 02:00:42]    💾 存檔！已處理 850/5921 | 成功 598 | 失敗 252
[2026-08-18 02:00:42]       資料庫共 1017 筆，其中 741 筆有營業時間
[2026-08-18 02:00:42]       速度 8.8 筆/分鐘 | 預估剩餘 576 分鐘
[2026-08-18 02:00:44] [851/5921] 清泉一號吊橋 (Attraction_376440000A_000472)
[2026-08-18 02:00:47]    ✅ 成功抓到 7 筆時段
[2026-08-18 02:00:49] [852/5921] 享平方 (Attraction_376440000A_000473)
[2026-08-18 02:00:58]    ✅ 成功抓到 7 筆時段
[2026-08-18 02:01:00] [853/5921] 金廣福公館 (Attraction_376440000A_000474)
[2026-08-18 02:01:03]    ✅ 成功抓到 7 筆時段
[2026-08-18 02:01:05] [854/5921] 豆腐岩 (Attraction_376440000A_000475)
[2026-08-18 02:01:13]    ✅ 成功抓到 7 筆時段
[2026-08-18 02:01:15] [855/5921] 鳳坑沙灣 (Attraction_376440000A_000476)
[2026-08-18 02:01:25]    ❌ 三種策略皆失敗
[2026-08-18 02:01:27] [856/5921] 坡頭漁港 (Attraction_376440000A_000477)
[2026-08-18 02:01:45]    ❌ 三種策略皆失敗
[2026-08-18 02:01:47] [857/5921] 樂善堂 (Attraction_376440000A_000480)
[2026-08-18 02:01:51]    ✅ 成功抓到 7 筆時段
[2026-08-18 02:01:53] [858/5921] 關西古蹟文化園區（舊關西分駐所 (Attraction_376440000A_000482)
[2026-08-18 02:01:57]    ❌ 三種策略皆失敗
[2026-08-18 02:01:59] [859/5921] 八角樓 (Attraction_376440000A_000483)
[2026-08-18 02:02:09]    ❌ 三種策略皆失敗
[2026-08-18 02:02:11] [860/5921] 劉興欽漫畫教育博物館 (Attraction_376440000A_000484)
[2026-08-18 02:02:14]    ✅ 成功抓到 7 筆時段
[2026-08-18 02:02:14]    💾 存檔！已處理 860/5921 | 成功 604 | 失敗 256
[2026-08-18 02:02:14]       資料庫共 1027 筆，其中 747 筆有營業時間
[2026-08-18 02:02:14]       速度 8.8 筆/分鐘 | 預估剩餘 577 分鐘
[2026-08-18 02:02:16] [861/5921] 6Plaza廣場 (Attraction_376440000A_000485)
[2026-08-18 02:02:20]    ✅ 成功抓到 7 筆時段
[2026-08-18 02:02:22] [862/5921] 或者書店 (Attraction_376440000A_000487)
[2026-08-18 02:02:25]    ✅ 成功抓到 7 筆時段
[2026-08-18 02:02:27] [863/5921] 新埔老街 (Attraction_376440000A_000488)
[2026-08-18 02:02:31]    ✅ 成功抓到 7 筆時段
[2026-08-18 02:02:33] [864/5921] 新豐火車站 (Attraction_376440000A_000489)
[2026-08-18 02:02:37]    ❌ 三種策略皆失敗
[2026-08-18 02:02:39] [865/5921] 新豐池和宮 (Attraction_376440000A_000490)
[2026-08-18 02:02:42]    ✅ 成功抓到 7 筆時段
[2026-08-18 02:02:44] [866/5921] 湖口火車站 (Attraction_376440000A_000491)
[2026-08-18 02:02:59]    ❌ 三種策略皆失敗
[2026-08-18 02:03:01] [867/5921] 茶香步道 (Attraction_376440000A_000492)
[2026-08-18 02:03:05]    ❌ 三種策略皆失敗
[2026-08-18 02:03:07] [868/5921] 九讚頭車站 (Attraction_376440000A_000496)
[2026-08-18 02:03:26]    ❌ 三種策略皆失敗
[2026-08-18 02:03:28] [869/5921] 興隆大橋 (Attraction_376440000A_000498)
[2026-08-18 02:03:33]    ❌ 三種策略皆失敗
[2026-08-18 02:03:35] [870/5921] 內灣林業展示館 (Attraction_376440000A_000500)
[2026-08-18 02:03:38]    ✅ 成功抓到 7 筆時段
[2026-08-18 02:03:38]    💾 存檔！已處理 870/5921 | 成功 609 | 失敗 261
[2026-08-18 02:03:38]       資料庫共 1037 筆，其中 752 筆有營業時間
[2026-08-18 02:03:38]       速度 8.8 筆/分鐘 | 預估剩餘 577 分鐘
[2026-08-18 02:03:40] [871/5921] 客家戲曲公園 (Attraction_376440000A_000501)
[2026-08-18 02:03:50]    ❌ 三種策略皆失敗
[2026-08-18 02:03:52] [872/5921] 水圳森林公園 (Attraction_376440000A_000502)
[2026-08-18 02:04:04]    ✅ 成功抓到 7 筆時段
[2026-08-18 02:04:06] [873/5921] 挑水壢步道 (Attraction_376440000A_000505)
[2026-08-18 02:04:11]    ❌ 三種策略皆失敗
[2026-08-18 02:04:13] [874/5921] 觀音步道 (Attraction_376440000A_000506)
[2026-08-18 02:04:32]    ❌ 三種策略皆失敗
[2026-08-18 02:04:34] [875/5921] 軍艦岩吊橋 (Attraction_376440000A_000507)
[2026-08-18 02:04:52]    ✅ 成功抓到 7 筆時段
[2026-08-18 02:04:54] [876/5921] 芝生毛台山步道 (Attraction_376440000A_000508)
[2026-08-18 02:04:58]    ❌ 三種策略皆失敗
[2026-08-18 02:05:00] [877/5921] 竹北農民直銷站 (Attraction_376440000A_000509)
[2026-08-18 02:05:04]    ✅ 成功抓到 7 筆時段
[2026-08-18 02:05:06] [878/5921] 麥巴來登山步道 (Attraction_376440000A_000510)
[2026-08-18 02:05:10]    ✅ 成功抓到 7 筆時段
[2026-08-18 02:05:12] [879/5921] 竹東地區農會直銷站 (Attraction_376440000A_000511)
[2026-08-18 02:05:15]    ✅ 成功抓到 7 筆時段
[2026-08-18 02:05:17] [880/5921] 湖口鄉農會農民社區小舖 (Attraction_376440000A_000512)
[2026-08-18 02:05:21]    ✅ 成功抓到 7 筆時段
[2026-08-18 02:05:21]    💾 存檔！已處理 880/5921 | 成功 615 | 失敗 265
[2026-08-18 02:05:21]       資料庫共 1047 筆，其中 758 筆有營業時間
[2026-08-18 02:05:21]       速度 8.7 筆/分鐘 | 預估剩餘 579 分鐘
[2026-08-18 02:05:23] [881/5921] 芎林鄉農會農民直銷站 (Attraction_376440000A_000513)
[2026-08-18 02:05:33]    (透過策略2成功)
[2026-08-18 02:05:33]    ✅ 成功抓到 7 筆時段
[2026-08-18 02:05:35] [882/5921] 台灣工藝之家－曾定榆工作室 (Attraction_376440000A_000514)
[2026-08-18 02:06:08]    ❌ 三種策略皆失敗
[2026-08-18 02:06:10] [883/5921] 磐龍石木坊 (Attraction_376440000A_000515)
[2026-08-18 02:06:13]    ✅ 成功抓到 7 筆時段
[2026-08-18 02:06:15] [884/5921] 十二寮休閒農業區 (Attraction_376440000A_000516)
[2026-08-18 02:06:20]    ❌ 三種策略皆失敗
[2026-08-18 02:06:22] [885/5921] 秀巒軍艦岩步道 (Attraction_376440000A_000517)
[2026-08-18 02:06:26]    ❌ 三種策略皆失敗
[2026-08-18 02:06:28] [886/5921] 畚箕窩溪步道 (Attraction_376440000A_000518)
[2026-08-18 02:06:32]    ✅ 成功抓到 7 筆時段
[2026-08-18 02:06:34] [887/5921] 大眾草莓園 (Attraction_376440000A_000519)
[2026-08-18 02:06:37]    ✅ 成功抓到 7 筆時段
[2026-08-18 02:06:39] [888/5921] 允傑農園 (Attraction_376440000A_000520)
[2026-08-18 02:06:42]    ✅ 成功抓到 7 筆時段
[2026-08-18 02:06:44] [889/5921] 好上林無毒草莓園 (Attraction_376440000A_000521)
[2026-08-18 02:06:47]    ✅ 成功抓到 7 筆時段
[2026-08-18 02:06:49] [890/5921] Being Different手工香水實驗室 (Attraction_376440000A_000522)
[2026-08-18 02:06:53]    ✅ 成功抓到 7 筆時段
[2026-08-18 02:06:53]    💾 存檔！已處理 890/5921 | 成功 622 | 失敗 268
[2026-08-18 02:06:53]       資料庫共 1057 筆，其中 765 筆有營業時間
[2026-08-18 02:06:53]       速度 8.7 筆/分鐘 | 預估剩餘 580 分鐘
[2026-08-18 02:06:55] [891/5921] 長鑫莓果農園 (Attraction_376440000A_000524)
[2026-08-18 02:06:58]    ✅ 成功抓到 7 筆時段
[2026-08-18 02:07:00] [892/5921] 春泉草莓園 (Attraction_376440000A_000526)
[2026-08-18 02:07:04]    ❌ 三種策略皆失敗
[2026-08-18 02:07:06] [893/5921] 頭前溪彩虹屋 (Attraction_376440000A_000527)
[2026-08-18 02:07:11]    ❌ 三種策略皆失敗
[2026-08-18 02:07:13] [894/5921] 鹿鳴坑綜合觀光果園 (Attraction_376440000A_000528)
[2026-08-18 02:07:16]    ✅ 成功抓到 7 筆時段
[2026-08-18 02:07:18] [895/5921] 月眉柑園 (Attraction_376440000A_000529)
[2026-08-18 02:07:22]    ❌ 三種策略皆失敗
[2026-08-18 02:07:24] [896/5921] 霞喀羅櫻花谷 (Attraction_376440000A_000533)
[2026-08-18 02:07:29]    ❌ 三種策略皆失敗
[2026-08-18 02:07:31] [897/5921] 飛鳳山觀日坪古道 (Attraction_376440000A_000534)
[2026-08-18 02:07:34]    ✅ 成功抓到 7 筆時段
[2026-08-18 02:07:36] [898/5921] 新埔詹家黃金風鈴木 (Attraction_376440000A_000535)
[2026-08-18 02:07:41]    ❌ 三種策略皆失敗
[2026-08-18 02:07:43] [899/5921] 關西櫻花秘境 (Attraction_376440000A_000536)
[2026-08-18 02:07:46]    ✅ 成功抓到 7 筆時段
[2026-08-18 02:07:48] [900/5921] 松湖園 (Attraction_376440000A_000537)
[2026-08-18 02:07:53]    ❌ 三種策略皆失敗
[2026-08-18 02:07:53]    💾 存檔！已處理 900/5921 | 成功 626 | 失敗 274
[2026-08-18 02:07:53]       資料庫共 1067 筆，其中 769 筆有營業時間
[2026-08-18 02:07:53]       速度 8.7 筆/分鐘 | 預估剩餘 578 分鐘
[2026-08-18 02:07:55] [901/5921] 廣源記圳步道 (Attraction_376440000A_000538)
[2026-08-18 02:07:58]    ✅ 成功抓到 7 筆時段
[2026-08-18 02:08:00] [902/5921] 音符公園 (Attraction_376440000A_000539)
[2026-08-18 02:08:04]    ✅ 成功抓到 7 筆時段
[2026-08-18 02:08:06] [903/5921] 自然谷環境信託基地 (Attraction_376440000A_000542)
[2026-08-18 02:08:10]    ❌ 三種策略皆失敗
[2026-08-18 02:08:12] [904/5921] 凌空廊道 (Attraction_376440000A_000543)
[2026-08-18 02:08:16]    ❌ 三種策略皆失敗
[2026-08-18 02:08:18] [905/5921] 湖口服務區-北站 (Attraction_376440000A_000544)
[2026-08-18 02:08:22]    ✅ 成功抓到 7 筆時段
[2026-08-18 02:08:24] [906/5921] 東窩溪螢火蟲生態區 (Attraction_376440000A_000545)
[2026-08-18 02:08:27]    ✅ 成功抓到 7 筆時段
[2026-08-18 02:08:29] [907/5921] Tsutaya Bookstore蔦屋竹北樹海店 (Attraction_376440000A_000546)
[2026-08-18 02:08:33]    ✅ 成功抓到 7 筆時段
[2026-08-18 02:08:35] [908/5921] 鬍子多肉植物園區 (Attraction_376440000A_000547)
[2026-08-18 02:08:39]    ❌ 三種策略皆失敗
[2026-08-18 02:08:41] [909/5921] 胖哥好多肉 (Attraction_376440000A_000548)
[2026-08-18 02:08:44]    ✅ 成功抓到 7 筆時段
[2026-08-18 02:08:46] [910/5921] 環1-1(關渡-新竹) 新豐濱海串連自行車道-雙新自行車道 (Attraction_376440000A_000549)
[2026-08-18 02:08:50]    ✅ 成功抓到 7 筆時段
[2026-08-18 02:08:50]    💾 存檔！已處理 910/5921 | 成功 633 | 失敗 277
[2026-08-18 02:08:50]       資料庫共 1077 筆，其中 776 筆有營業時間
[2026-08-18 02:08:50]       速度 8.7 筆/分鐘 | 預估剩餘 576 分鐘
[2026-08-18 02:08:52] [911/5921] 照門鳳凰花 (Attraction_376440000A_000550)
[2026-08-18 02:08:57]    ❌ 三種策略皆失敗
[2026-08-18 02:08:59] [912/5921] Oliven花藝工作室 (Attraction_376440000A_000551)
[2026-08-18 02:09:03]    ❌ 三種策略皆失敗
[2026-08-18 02:09:05] [913/5921] 艾可花弄 Acolin S (Attraction_376440000A_000552)
[2026-08-18 02:09:08]    ✅ 成功抓到 7 筆時段
[2026-08-18 02:09:10] [914/5921] 小錦屏瀑布 (Attraction_376440000A_000555)
[2026-08-18 02:09:14]    ✅ 成功抓到 7 筆時段
[2026-08-18 02:09:16] [915/5921] Ciao巧手捏捏 (Attraction_376440000A_000556)
[2026-08-18 02:09:19]    ✅ 成功抓到 7 筆時段
[2026-08-18 02:09:21] [916/5921] 紅葉玩藝工作室 (Attraction_376440000A_000557)
[2026-08-18 02:09:25]    ✅ 成功抓到 7 筆時段
[2026-08-18 02:09:27] [917/5921] 貳二號藝文工作室 (Attraction_376440000A_000558)
[2026-08-18 02:09:30]    ✅ 成功抓到 7 筆時段
[2026-08-18 02:09:32] [918/5921] 錦屏國小 (Attraction_376440000A_000561)
[2026-08-18 02:09:37]    (透過策略2成功)
[2026-08-18 02:09:37]    ✅ 成功抓到 7 筆時段
[2026-08-18 02:09:39] [919/5921] 絜廸畫室 (Attraction_376440000A_000562)
[2026-08-18 02:09:48]    ✅ 成功抓到 7 筆時段
[2026-08-18 02:09:50] [920/5921] 張家橘子園 (Attraction_376440000A_000563)
[2026-08-18 02:09:54]    ❌ 三種策略皆失敗
[2026-08-18 02:09:54]    💾 存檔！已處理 920/5921 | 成功 640 | 失敗 280
[2026-08-18 02:09:54]       資料庫共 1087 筆，其中 783 筆有營業時間
[2026-08-18 02:09:54]       速度 8.7 筆/分鐘 | 預估剩餘 574 分鐘
[2026-08-18 02:09:56] [921/5921] 金柏橘園 (Attraction_376440000A_000564)
[2026-08-18 02:09:59]    ✅ 成功抓到 7 筆時段
[2026-08-18 02:10:01] [922/5921] 石硬子古道 (Attraction_376440000A_000565)
[2026-08-18 02:10:07]    ❌ 三種策略皆失敗
[2026-08-18 02:10:09] [923/5921] 飛鳳古道 (Attraction_376440000A_000567)
[2026-08-18 02:10:12]    ✅ 成功抓到 7 筆時段
[2026-08-18 02:10:15] [924/5921] 大山背麒麟步道 (Attraction_376440000A_000568)
[2026-08-18 02:10:18]    ✅ 成功抓到 7 筆時段
[2026-08-18 02:10:20] [925/5921] 三叉埤古道 (Attraction_376440000A_000569)
[2026-08-18 02:10:23]    ✅ 成功抓到 7 筆時段
[2026-08-18 02:10:25] [926/5921] 日享藝術EnjoyArt (Attraction_376440000A_000573)
[2026-08-18 02:10:28]    ✅ 成功抓到 7 筆時段
[2026-08-18 02:10:30] [927/5921] 大山背櫻花步道 (Attraction_376440000A_000575)
[2026-08-18 02:10:34]    ✅ 成功抓到 7 筆時段
[2026-08-18 02:10:36] [928/5921] 劉氏雙堂屋 (Attraction_376440000A_000576)
[2026-08-18 02:10:39]    ✅ 成功抓到 7 筆時段
[2026-08-18 02:10:41] [929/5921] 水濂洞步道 (Attraction_376440000A_000577)
[2026-08-18 02:10:45]    ❌ 三種策略皆失敗
[2026-08-18 02:10:47] [930/5921] 小錦屏溫泉步道 (Attraction_376440000A_000578)
[2026-08-18 02:10:52]    ❌ 三種策略皆失敗
[2026-08-18 02:10:52]    💾 存檔！已處理 930/5921 | 成功 647 | 失敗 283
[2026-08-18 02:10:52]       資料庫共 1097 筆，其中 790 筆有營業時間
[2026-08-18 02:10:52]       速度 8.7 筆/分鐘 | 預估剩餘 572 分鐘
[2026-08-18 02:10:54] [931/5921] 嶢品藝術街坊(嶢品藝術） (Attraction_376440000A_000580)
[2026-08-18 02:10:57]    ✅ 成功抓到 7 筆時段
[2026-08-18 02:10:59] [932/5921] 萬里山園 (Attraction_376440000A_000581)
[2026-08-18 02:11:02]    ✅ 成功抓到 7 筆時段
[2026-08-18 02:11:04] [933/5921] 芎林姜家天水堂 (Attraction_376440000A_000582)
[2026-08-18 02:11:09]    ❌ 三種策略皆失敗
[2026-08-18 02:11:11] [934/5921] 裕大關西仙草茶 (Attraction_376440000A_000583)
[2026-08-18 02:11:14]    ✅ 成功抓到 7 筆時段
[2026-08-18 02:11:16] [935/5921] 金龜岩步道 (Attraction_376440000A_000586)
[2026-08-18 02:11:19]    ✅ 成功抓到 7 筆時段
[2026-08-18 02:11:21] [936/5921] 鹿寮坑黃屋伙房江夏堂 (Attraction_376440000A_000588)
[2026-08-18 02:11:26]    ❌ 三種策略皆失敗
[2026-08-18 02:11:28] [937/5921] 鹿寮坑花旗木秘境 (Attraction_376440000A_000589)
[2026-08-18 02:11:33]    ❌ 三種策略皆失敗
[2026-08-18 02:11:35] [938/5921] 竹北斜張橋 (Attraction_376440000A_000590)
[2026-08-18 02:11:38]    ✅ 成功抓到 7 筆時段
[2026-08-18 02:11:40] [939/5921] 草是木陶創 (Attraction_376440000A_000593)
[2026-08-18 02:11:43]    ✅ 成功抓到 7 筆時段
[2026-08-18 02:11:45] [940/5921] 檜山巨木群步道 (Attraction_376440000A_000594)
[2026-08-18 02:11:54]    ✅ 成功抓到 7 筆時段
[2026-08-18 02:11:54]    💾 存檔！已處理 940/5921 | 成功 654 | 失敗 286
[2026-08-18 02:11:54]       資料庫共 1107 筆，其中 797 筆有營業時間
[2026-08-18 02:11:54]       速度 8.7 筆/分鐘 | 預估剩餘 570 分鐘
[2026-08-18 02:11:56] [941/5921] 友關西精靈濕地 (Attraction_376440000A_000595)
[2026-08-18 02:11:59]    ✅ 成功抓到 7 筆時段
[2026-08-18 02:12:01] [942/5921] 油羅山步道 (Attraction_376440000A_000599)
[2026-08-18 02:12:05]    ❌ 三種策略皆失敗
[2026-08-18 02:12:07] [943/5921] 白蘭溪古道 (Attraction_376440000A_000600)
[2026-08-18 02:12:11]    ✅ 成功抓到 7 筆時段
[2026-08-18 02:12:13] [944/5921] 正來尞休閒農場 (Attraction_376440000A_000601)
[2026-08-18 02:12:23]    (透過策略2成功)
[2026-08-18 02:12:23]    ✅ 成功抓到 7 筆時段
[2026-08-18 02:12:25] [945/5921] 蓮華山古道群 (Attraction_376440000A_000602)
[2026-08-18 02:12:29]    ✅ 成功抓到 7 筆時段
[2026-08-18 02:12:31] [946/5921] 桃園大溪至新竹新埔自行車道 (Attraction_376440000A_000603)
[2026-08-18 02:12:34]    ✅ 成功抓到 7 筆時段
[2026-08-18 02:12:36] [947/5921] 參山多元路線_獅頭山、峨眉湖(竹縣段) (Attraction_376440000A_000604)
[2026-08-18 02:12:43]    ❌ 三種策略皆失敗
[2026-08-18 02:12:45] [948/5921] 關西稻田彩繪 (Attraction_376440000A_000605)
[2026-08-18 02:12:49]    ✅ 成功抓到 7 筆時段
[2026-08-18 02:12:51] [949/5921] 頭前溪右岸自行車道 (Attraction_376440000A_000606)
[2026-08-18 02:12:56]    ❌ 三種策略皆失敗
[2026-08-18 02:12:58] [950/5921] 尖石原住民文物館 (Attraction_376440000A_000608)
[2026-08-18 02:13:01]    ✅ 成功抓到 7 筆時段
[2026-08-18 02:13:01]    💾 存檔！已處理 950/5921 | 成功 661 | 失敗 289
[2026-08-18 02:13:01]       資料庫共 1117 筆，其中 804 筆有營業時間
[2026-08-18 02:13:01]       速度 8.7 筆/分鐘 | 預估剩餘 569 分鐘
[2026-08-18 02:13:03] [951/5921] 十二寮時光村(借問站) (Attraction_376440000A_000609)
[2026-08-18 02:13:06]    ✅ 成功抓到 7 筆時段
[2026-08-18 02:13:08] [952/5921] 那羅那山月桃工坊 (Attraction_376440000A_000610)
[2026-08-18 02:13:12]    ✅ 成功抓到 7 筆時段
[2026-08-18 02:13:14] [953/5921] 后厝龍鳳宮 (Attraction_376450000A_000017)
[2026-08-18 02:13:17]    ✅ 成功抓到 7 筆時段
[2026-08-18 02:13:19] [954/5921] 中港慈裕宮 (Attraction_376450000A_000019)
[2026-08-18 02:13:23]    ✅ 成功抓到 7 筆時段
[2026-08-18 02:13:25] [955/5921] 永和山自行車觀光園道 (Attraction_376450000A_000020)
[2026-08-18 02:13:35]    (透過策略2成功)
[2026-08-18 02:13:35]    ✅ 成功抓到 7 筆時段
[2026-08-18 02:13:37] [956/5921] 竹南龍鳳漁港 (Attraction_376450000A_000025)
[2026-08-18 02:13:43]    (透過策略2成功)
[2026-08-18 02:13:43]    ✅ 成功抓到 7 筆時段
[2026-08-18 02:13:45] [957/5921] 勝興車站 (Attraction_376450000A_000030)
[2026-08-18 02:13:51]    (透過策略2成功)
[2026-08-18 02:13:51]    ✅ 成功抓到 7 筆時段
[2026-08-18 02:13:53] [958/5921] 三義木雕博物館 (Attraction_376450000A_000032)
[2026-08-18 02:13:56]    ✅ 成功抓到 7 筆時段
[2026-08-18 02:13:58] [959/5921] 西湖渡假村 (Attraction_376450000A_000033)
[2026-08-18 02:14:03]    ❌ 三種策略皆失敗
[2026-08-18 02:14:05] [960/5921] 龍騰斷橋、南斷橋 (Attraction_376450000A_000035)
[2026-08-18 02:14:09]    ❌ 三種策略皆失敗
[2026-08-18 02:14:09]    💾 存檔！已處理 960/5921 | 成功 669 | 失敗 291
[2026-08-18 02:14:09]       資料庫共 1127 筆，其中 812 筆有營業時間
[2026-08-18 02:14:09]       速度 8.7 筆/分鐘 | 預估剩餘 568 分鐘
[2026-08-18 02:14:11] [961/5921] 山板樵文化生活館 (Attraction_376450000A_000037)
[2026-08-18 02:14:16]    ❌ 三種策略皆失敗
[2026-08-18 02:14:18] [962/5921] 挑炭古道 (Attraction_376450000A_000039)
[2026-08-18 02:14:21]    ✅ 成功抓到 7 筆時段
[2026-08-18 02:14:23] [963/5921] 大興善寺 (Attraction_376450000A_000041)
[2026-08-18 02:14:27]    ❌ 三種策略皆失敗
[2026-08-18 02:14:29] [964/5921] 水美木雕街 (Attraction_376450000A_000042)
[2026-08-18 02:14:33]    ✅ 成功抓到 7 筆時段
[2026-08-18 02:14:35] [965/5921] 四方牧場 (Attraction_376450000A_000043)
[2026-08-18 02:14:38]    ✅ 成功抓到 7 筆時段
[2026-08-18 02:14:40] [966/5921] 竹南蛇窯古窯生態博物館 (Attraction_376450000A_000045)
[2026-08-18 02:14:43]    ✅ 成功抓到 7 筆時段
[2026-08-18 02:14:45] [967/5921] 火炎山森林生態教育館 (Attraction_376450000A_000046)
[2026-08-18 02:14:49]    ✅ 成功抓到 7 筆時段
[2026-08-18 02:14:51] [968/5921] 苗北藝文中心 (Attraction_376450000A_000049)
[2026-08-18 02:14:54]    ✅ 成功抓到 7 筆時段
[2026-08-18 02:14:56] [969/5921] 崎頂隧道 (Attraction_376450000A_000050)
[2026-08-18 02:15:01]    ❌ 三種策略皆失敗
[2026-08-18 02:15:03] [970/5921] 關刀山步道 (Attraction_376450000A_000052)
[2026-08-18 02:15:06]    ✅ 成功抓到 7 筆時段
[2026-08-18 02:15:06]    💾 存檔！已處理 970/5921 | 成功 676 | 失敗 294
[2026-08-18 02:15:06]       資料庫共 1137 筆，其中 819 筆有營業時間
[2026-08-18 02:15:06]       速度 8.7 筆/分鐘 | 預估剩餘 566 分鐘
[2026-08-18 02:15:08] [971/5921] 侑橘休閒農園 (Attraction_376450000A_000056)
[2026-08-18 02:15:13]    ❌ 三種策略皆失敗
[2026-08-18 02:15:15] [972/5921] 和豐農園 (Attraction_376450000A_000057)
[2026-08-18 02:15:19]    ❌ 三種策略皆失敗
[2026-08-18 02:15:21] [973/5921] 濱海森林公園 (Attraction_376450000A_000061)
[2026-08-18 02:15:26]    ❌ 三種策略皆失敗
[2026-08-18 02:15:28] [974/5921] 飛牛牧場 (Attraction_376450000A_000062)
[2026-08-18 02:15:37]    ❌ 三種策略皆失敗
[2026-08-18 02:15:39] [975/5921] 白沙屯拱天宮 (Attraction_376450000A_000063)
[2026-08-18 02:15:48]    ✅ 成功抓到 7 筆時段
[2026-08-18 02:15:50] [976/5921] 天仁茶文化館 (Attraction_376450000A_000067)
[2026-08-18 02:15:53]    ✅ 成功抓到 7 筆時段
[2026-08-18 02:15:55] [977/5921] 媽祖石雕 (Attraction_376450000A_000071)
[2026-08-18 02:15:58]    ✅ 成功抓到 7 筆時段
[2026-08-18 02:16:00] [978/5921] 大湖草莓文化館 (Attraction_376450000A_000074)
[2026-08-18 02:16:04]    ✅ 成功抓到 7 筆時段
[2026-08-18 02:16:06] [979/5921] 十分崠步道 (Attraction_376450000A_000075)
[2026-08-18 02:16:29]    ❌ 三種策略皆失敗
[2026-08-18 02:16:31] [980/5921] 法雲寺古道 (Attraction_376450000A_000077)
[2026-08-18 02:16:42]    (透過策略2成功)
[2026-08-18 02:16:42]    ✅ 成功抓到 7 筆時段
[2026-08-18 02:16:42]    💾 存檔！已處理 980/5921 | 成功 681 | 失敗 299
[2026-08-18 02:16:42]       資料庫共 1147 筆，其中 824 筆有營業時間
[2026-08-18 02:16:42]       速度 8.7 筆/分鐘 | 預估剩餘 567 分鐘
[2026-08-18 02:16:44] [981/5921] 馬那邦山登山步道 (Attraction_376450000A_000078)
[2026-08-18 02:16:48]    ❌ 三種策略皆失敗
[2026-08-18 02:16:50] [982/5921] 雪霸國家公園 (Attraction_376450000A_000079)
[2026-08-18 02:16:54]    ✅ 成功抓到 7 筆時段
[2026-08-18 02:16:56] [983/5921] 聖衡宮 (Attraction_376450000A_000080)
[2026-08-18 02:16:59]    ✅ 成功抓到 7 筆時段
[2026-08-18 02:17:01] [984/5921] 薑麻園休閒園區 (Attraction_376450000A_000081)
[2026-08-18 02:17:26]    ❌ 三種策略皆失敗
[2026-08-18 02:17:28] [985/5921] 鷂婆山觀光農業區 (Attraction_376450000A_000082)
[2026-08-18 02:17:33]    ❌ 三種策略皆失敗
[2026-08-18 02:17:35] [986/5921] 羅福星紀念館 (Attraction_376450000A_000083)
[2026-08-18 02:17:38]    ✅ 成功抓到 7 筆時段
[2026-08-18 02:17:40] [987/5921] 苗栗特色館 (Attraction_376450000A_000090)
[2026-08-18 02:18:04]    (透過策略2成功)
[2026-08-18 02:18:04]    ✅ 成功抓到 7 筆時段
[2026-08-18 02:18:06] [988/5921] 福村養生農場 (Attraction_376450000A_000094)
[2026-08-18 02:18:11]    ❌ 三種策略皆失敗
[2026-08-18 02:18:13] [989/5921] 五榖文化村 (Attraction_376450000A_000095)
[2026-08-18 02:18:16]    ✅ 成功抓到 7 筆時段
[2026-08-18 02:18:18] [990/5921] 出礦坑礦場 (Attraction_376450000A_000099)
[2026-08-18 02:18:22]    ✅ 成功抓到 7 筆時段
[2026-08-18 02:18:22]    💾 存檔！已處理 990/5921 | 成功 687 | 失敗 303
[2026-08-18 02:18:22]       資料庫共 1157 筆，其中 830 筆有營業時間
[2026-08-18 02:18:22]       速度 8.7 筆/分鐘 | 預估剩餘 568 分鐘
[2026-08-18 02:18:24] [991/5921] 苑港觀光漁港 (Attraction_376450000A_000104)
[2026-08-18 02:18:28]    ❌ 三種策略皆失敗
[2026-08-18 02:18:30] [992/5921] 慈和宮 (Attraction_376450000A_000105)
[2026-08-18 02:18:33]    ✅ 成功抓到 7 筆時段
[2026-08-18 02:18:35] [993/5921] 心雕居 (Attraction_376450000A_000107)
[2026-08-18 02:18:40]    ❌ 三種策略皆失敗
[2026-08-18 02:18:42] [994/5921] 山水米有機稻場 (Attraction_376450000A_000108)
[2026-08-18 02:18:46]    ❌ 三種策略皆失敗
[2026-08-18 02:18:48] [995/5921] 荒木藝術中心 (Attraction_376450000A_000109)
[2026-08-18 02:18:51]    ✅ 成功抓到 7 筆時段
[2026-08-18 02:18:53] [996/5921] 馬家庄 (Attraction_376450000A_000111)
[2026-08-18 02:19:03]    ❌ 三種策略皆失敗
[2026-08-18 02:19:05] [997/5921] 大山車站 (Attraction_376450000A_000113)
[2026-08-18 02:19:19]    ❌ 三種策略皆失敗
[2026-08-18 02:19:21] [998/5921] 外埔漁港 (Attraction_376450000A_000114)
[2026-08-18 02:19:32]    (透過策略2成功)
[2026-08-18 02:19:32]    ✅ 成功抓到 7 筆時段
[2026-08-18 02:19:34] [999/5921] 汶水老街 (Attraction_376450000A_000115)
[2026-08-18 02:19:37]    ✅ 成功抓到 7 筆時段
[2026-08-18 02:19:39] [1000/5921] 向天湖 (Attraction_376450000A_000116)
[2026-08-18 02:19:44]    ❌ 三種策略皆失敗
[2026-08-18 02:19:44]    💾 存檔！已處理 1000/5921 | 成功 691 | 失敗 309
[2026-08-18 02:19:44]       資料庫共 1167 筆，其中 834 筆有營業時間
[2026-08-18 02:19:44]       速度 8.7 筆/分鐘 | 預估剩餘 568 分鐘
[2026-08-18 02:19:46] [1001/5921] 明德水庫風景區 (Attraction_376450000A_000118)
[2026-08-18 02:19:49]    ✅ 成功抓到 7 筆時段
[2026-08-18 02:19:51] [1002/5921] 象山孔廟 (Attraction_376450000A_000120)
[2026-08-18 02:20:00]    ✅ 成功抓到 7 筆時段
[2026-08-18 02:20:02] [1003/5921] 徐府竹仔閣 (Attraction_376450000A_000121)
[2026-08-18 02:20:26]    ❌ 三種策略皆失敗
[2026-08-18 02:20:28] [1004/5921] 仙山靈洞宮 (Attraction_376450000A_000123)
[2026-08-18 02:20:48]    ✅ 成功抓到 7 筆時段
[2026-08-18 02:20:50] [1005/5921] 銅鑼天空自行車道 (Attraction_376450000A_000132)
[2026-08-18 02:20:55]    ❌ 三種策略皆失敗
[2026-08-18 02:20:57] [1006/5921] 蓬萊溪護魚步道 (Attraction_376450000A_000146)
[2026-08-18 02:21:01]    ❌ 三種策略皆失敗
[2026-08-18 02:21:03] [1007/5921] 永貞宮 (Attraction_376450000A_000155)
[2026-08-18 02:21:06]    ✅ 成功抓到 7 筆時段
[2026-08-18 02:21:08] [1008/5921] 頭份後花園 (Attraction_376450000A_000162)
[2026-08-18 02:21:13]    ❌ 三種策略皆失敗
[2026-08-18 02:21:15] [1009/5921] 清安豆腐街 (Attraction_376450000A_000212)
[2026-08-18 02:21:19]    ❌ 三種策略皆失敗
[2026-08-18 02:21:21] [1010/5921] 藺草文化館 (Attraction_376450000A_000214)
[2026-08-18 02:21:25]    ✅ 成功抓到 7 筆時段
[2026-08-18 02:21:25]    💾 存檔！已處理 1010/5921 | 成功 696 | 失敗 314
[2026-08-18 02:21:25]       資料庫共 1177 筆，其中 839 筆有營業時間
[2026-08-18 02:21:25]       速度 8.6 筆/分鐘 | 預估剩餘 570 分鐘
[2026-08-18 02:21:27] [1011/5921] 泉明生態教育蠶業農場 (Attraction_376450000A_000221)
[2026-08-18 02:21:30]    ✅ 成功抓到 7 筆時段
[2026-08-18 02:21:32] [1012/5921] 獅頭山勸化堂 (Attraction_376450000A_000225)
[2026-08-18 02:21:35]    ✅ 成功抓到 7 筆時段
[2026-08-18 02:21:37] [1013/5921] 神仙谷 (Attraction_376450000A_000227)
[2026-08-18 02:21:42]    ❌ 三種策略皆失敗
[2026-08-18 02:21:44] [1014/5921] 房裡古城 (Attraction_376450000A_000261)
[2026-08-18 02:22:06]    ✅ 成功抓到 7 筆時段
[2026-08-18 02:22:08] [1015/5921] 泰安溫泉區 (Attraction_376450000A_000272)
[2026-08-18 02:22:31]    ❌ 三種策略皆失敗
[2026-08-18 02:22:33] [1016/5921] 濟世宮 (Attraction_376450000A_000334)
[2026-08-18 02:22:37]    ❌ 三種策略皆失敗
[2026-08-18 02:22:39] [1017/5921] 洛雷托聖母之家 (Attraction_376450000A_000335)
[2026-08-18 02:22:43]    ✅ 成功抓到 7 筆時段
[2026-08-18 02:22:45] [1018/5921] 大化宮 (Attraction_376450000A_000366)
[2026-08-18 02:22:49]    ❌ 三種策略皆失敗
[2026-08-18 02:22:51] [1019/5921] 大補內彈珠汽水觀光工廠 (Attraction_376450000A_000377)
[2026-08-18 02:22:55]    ✅ 成功抓到 7 筆時段
[2026-08-18 02:22:57] [1020/5921] 挑鹽古道 (Attraction_376450000A_000379)
[2026-08-18 02:23:19]    ❌ 三種策略皆失敗
[2026-08-18 02:23:19]    💾 存檔！已處理 1020/5921 | 成功 701 | 失敗 319
[2026-08-18 02:23:19]       資料庫共 1187 筆，其中 844 筆有營業時間
[2026-08-18 02:23:19]       速度 8.6 筆/分鐘 | 預估剩餘 572 分鐘
[2026-08-18 02:23:21] [1021/5921] 仙山登山步道 (Attraction_376450000A_000388)
[2026-08-18 02:23:32]    (透過策略2成功)
[2026-08-18 02:23:32]    ✅ 成功抓到 7 筆時段
[2026-08-18 02:23:34] [1022/5921] 臺灣客家文化館 (Attraction_376450000A_000391)
[2026-08-18 02:23:37]    ✅ 成功抓到 7 筆時段
[2026-08-18 02:23:39] [1023/5921] 鳴鳳古道 (Attraction_376450000A_000433)
[2026-08-18 02:23:50]    (透過策略2成功)
[2026-08-18 02:23:50]    ✅ 成功抓到 7 筆時段
[2026-08-18 02:23:52] [1024/5921] 觀魚步道 (Attraction_376450000A_000442)
[2026-08-18 02:24:08]    ❌ 三種策略皆失敗
[2026-08-18 02:24:10] [1025/5921] 冠軍綠概念館 (Attraction_376450000A_000444)
[2026-08-18 02:24:13]    ✅ 成功抓到 7 筆時段
[2026-08-18 02:24:15] [1026/5921] 木頭窯 (Attraction_376450000A_000445)
[2026-08-18 02:24:18]    ✅ 成功抓到 7 筆時段
[2026-08-18 02:24:20] [1027/5921] 龍昇湖 (Attraction_376450000A_000461)
[2026-08-18 02:24:43]    ❌ 三種策略皆失敗
[2026-08-18 02:24:45] [1028/5921] 劍潭水庫 (Attraction_376450000A_000462)
[2026-08-18 02:24:50]    ❌ 三種策略皆失敗
[2026-08-18 02:24:52] [1029/5921] 鄭漢步道 (Attraction_376450000A_000481)
[2026-08-18 02:24:56]    ❌ 三種策略皆失敗
[2026-08-18 02:24:58] [1030/5921] 力馬生活工坊 (Attraction_376450000A_000492)
[2026-08-18 02:25:01]    ✅ 成功抓到 7 筆時段
[2026-08-18 02:25:01]    💾 存檔！已處理 1030/5921 | 成功 707 | 失敗 323
[2026-08-18 02:25:01]       資料庫共 1197 筆，其中 850 筆有營業時間
[2026-08-18 02:25:01]       速度 8.5 筆/分鐘 | 預估剩餘 574 分鐘
[2026-08-18 02:25:03] [1031/5921] 虎頭山 (Attraction_376450000A_000495)
[2026-08-18 02:25:13]    ❌ 三種策略皆失敗
[2026-08-18 02:25:15] [1032/5921] 通霄神社 (Attraction_376450000A_000499)
[2026-08-18 02:25:18]    ✅ 成功抓到 7 筆時段
[2026-08-18 02:25:20] [1033/5921] 雪見遊憩區 (Attraction_376450000A_000574)
[2026-08-18 02:25:29]    ✅ 成功抓到 7 筆時段
[2026-08-18 02:25:31] [1034/5921] 橫龍古道 (Attraction_376450000A_000581)
[2026-08-18 02:25:54]    (透過策略2成功)
[2026-08-18 02:25:54]    ✅ 成功抓到 7 筆時段
[2026-08-18 02:25:57] [1035/5921] 房裡溪義渡亭 (Attraction_376450000A_000591)
[2026-08-18 02:26:05]    ✅ 成功抓到 7 筆時段
[2026-08-18 02:26:07] [1036/5921] 峨崙廟 (Attraction_376450000A_000596)
[2026-08-18 02:26:29]    ✅ 成功抓到 7 筆時段
[2026-08-18 02:26:31] [1037/5921] 罩蘭藝文中心 (Attraction_376450000A_000599)
[2026-08-18 02:26:40]    ✅ 成功抓到 7 筆時段
[2026-08-18 02:26:42] [1038/5921] 花露花卉休閒農場 (Attraction_376450000A_000600)
[2026-08-18 02:26:59]    ❌ 三種策略皆失敗
[2026-08-18 02:27:01] [1039/5921] 松原農庄 (Attraction_376450000A_000603)
[2026-08-18 02:27:04]    ✅ 成功抓到 7 筆時段
[2026-08-18 02:27:06] [1040/5921] 金龍窯 (Attraction_376450000A_000605)
[2026-08-18 02:27:10]    ✅ 成功抓到 7 筆時段
[2026-08-18 02:27:10]    💾 存檔！已處理 1040/5921 | 成功 715 | 失敗 325
[2026-08-18 02:27:10]       資料庫共 1207 筆，其中 858 筆有營業時間
[2026-08-18 02:27:10]       速度 8.5 筆/分鐘 | 預估剩餘 577 分鐘
[2026-08-18 02:27:12] [1041/5921] 茅仔埔青錢第 (Attraction_376450000A_000608)
[2026-08-18 02:27:20]    ✅ 成功抓到 7 筆時段
[2026-08-18 02:27:22] [1042/5921] 彭城劉氏宗祠 (Attraction_376450000A_000609)
[2026-08-18 02:28:09]    ❌ 三種策略皆失敗
[2026-08-18 02:28:11] [1043/5921] 鄉野傳奇休閒農園 (Attraction_376450000A_000613)
[2026-08-18 02:28:34]    ❌ 三種策略皆失敗
[2026-08-18 02:28:36] [1044/5921] 賽夏族民俗文物館 (Attraction_376450000A_000619)
[2026-08-18 02:28:40]    ✅ 成功抓到 7 筆時段
[2026-08-18 02:28:42] [1045/5921] 鬍鬚梅園文物館 (Attraction_376450000A_000620)
[2026-08-18 02:28:57]    (透過策略2成功)
[2026-08-18 02:28:57]    ✅ 成功抓到 7 筆時段
[2026-08-18 02:28:59] [1046/5921] 夏威夷紅芭樂觀光農園 (Attraction_376450000A_000621)
[2026-08-18 02:29:03]    ✅ 成功抓到 7 筆時段
[2026-08-18 02:29:05] [1047/5921] 東里家風-百年古厝 (Attraction_376450000A_000623)
[2026-08-18 02:29:10]    ❌ 三種策略皆失敗
[2026-08-18 02:29:12] [1048/5921] 獅潭鄉文化會館 (Attraction_376450000A_000626)
[2026-08-18 02:29:15]    ✅ 成功抓到 7 筆時段
[2026-08-18 02:29:17] [1049/5921] 中山堂&中正館 (Attraction_376450000A_000628)
[2026-08-18 02:29:41]    ✅ 成功抓到 7 筆時段
[2026-08-18 02:29:43] [1050/5921] 勝興陶坊(原十六份文化館) (Attraction_376450000A_000629)
[2026-08-18 02:30:11]    (透過策略3成功)
[2026-08-18 02:30:11]    ✅ 成功抓到 7 筆時段
[2026-08-18 02:30:11]    💾 存檔！已處理 1050/5921 | 成功 722 | 失敗 328
[2026-08-18 02:30:11]       資料庫共 1217 筆，其中 865 筆有營業時間
[2026-08-18 02:30:11]       速度 8.3 筆/分鐘 | 預估剩餘 584 分鐘
[2026-08-18 02:30:13] [1051/5921] 黃金小鎮 (Attraction_376450000A_000631)
[2026-08-18 02:30:18]    ❌ 三種策略皆失敗
[2026-08-18 02:30:20] [1052/5921] 山腳國小 (Attraction_376450000A_000632)
[2026-08-18 02:30:23]    ✅ 成功抓到 7 筆時段
[2026-08-18 02:30:25] [1053/5921] 嘎嘎歐岸部落文化園區(八卦力部落) (Attraction_376450000A_000633)
[2026-08-18 02:30:28]    ✅ 成功抓到 7 筆時段
[2026-08-18 02:30:30] [1054/5921] 光天高山步道 (Attraction_376450000A_000634)
[2026-08-18 02:30:34]    ✅ 成功抓到 7 筆時段
[2026-08-18 02:30:36] [1055/5921] 哈堪尼山登山步道 (Attraction_376450000A_000636)
[2026-08-18 02:30:50]    ❌ 三種策略皆失敗
[2026-08-18 02:30:52] [1056/5921] 南庄老街(桂花巷) (Attraction_376450000A_000637)
[2026-08-18 02:31:28]    (透過策略3成功)
[2026-08-18 02:31:28]    ✅ 成功抓到 7 筆時段
[2026-08-18 02:31:30] [1057/5921] 鹿場 (Attraction_376450000A_000639)
[2026-08-18 02:31:49]    ✅ 成功抓到 7 筆時段
[2026-08-18 02:31:51] [1058/5921] 獅頭山古道 (Attraction_376450000A_000640)
[2026-08-18 02:32:21]    (透過策略2成功)
[2026-08-18 02:32:21]    ✅ 成功抓到 7 筆時段
[2026-08-18 02:32:23] [1059/5921] 半天寮好望角 (Attraction_376450000A_000647)
[2026-08-18 02:32:27]    ❌ 三種策略皆失敗
[2026-08-18 02:32:29] [1060/5921] 台灣水牛城 (Attraction_376450000A_000648)
[2026-08-18 02:32:34]    ❌ 三種策略皆失敗
[2026-08-18 02:32:34]    💾 存檔！已處理 1060/5921 | 成功 728 | 失敗 332
[2026-08-18 02:32:34]       資料庫共 1227 筆，其中 871 筆有營業時間
[2026-08-18 02:32:34]       速度 8.3 筆/分鐘 | 預估剩餘 589 分鐘
[2026-08-18 02:32:36] [1061/5921] 慈雲宮 (Attraction_376450000A_000650)
[2026-08-18 02:32:40]    ❌ 三種策略皆失敗
[2026-08-18 02:32:42] [1062/5921] 滿燭DIY蠟燭故事館 (Attraction_376450000A_000653)
[2026-08-18 02:32:46]    ✅ 成功抓到 7 筆時段
[2026-08-18 02:32:48] [1063/5921] 銅鏡山林步道 (Attraction_376450000A_000689)
[2026-08-18 02:32:52]    ❌ 三種策略皆失敗
[2026-08-18 02:32:54] [1064/5921] 蔡家古厝 (Attraction_376450000A_000690)
[2026-08-18 02:32:59]    (透過策略2成功)
[2026-08-18 02:32:59]    ✅ 成功抓到 7 筆時段
[2026-08-18 02:33:01] [1065/5921] 苗栗工藝園區 (Attraction_376450000A_000691)
[2026-08-18 02:33:27]    ✅ 成功抓到 7 筆時段
[2026-08-18 02:33:29] [1066/5921] 玉清宮 (Attraction_376450000A_000692)
[2026-08-18 02:33:37]    ✅ 成功抓到 7 筆時段
[2026-08-18 02:33:39] [1067/5921] 壢西坪休閒農業區 (Attraction_376450000A_000693)
[2026-08-18 02:33:48]    ✅ 成功抓到 7 筆時段
[2026-08-18 02:33:50] [1068/5921] 泰安出火部落廣場 (Attraction_376450000A_000730)
[2026-08-18 02:33:53]    ✅ 成功抓到 7 筆時段
[2026-08-18 02:33:55] [1069/5921] 苗栗縣泰雅原住民文化產業區 (Attraction_376450000A_000835)
[2026-08-18 02:33:59]    ✅ 成功抓到 7 筆時段
[2026-08-18 02:34:01] [1070/5921] 苗栗客家圓樓 (Attraction_376450000A_000840)
[2026-08-18 02:34:24]    ❌ 三種策略皆失敗
[2026-08-18 02:34:24]    💾 存檔！已處理 1070/5921 | 成功 735 | 失敗 335
[2026-08-18 02:34:24]       資料庫共 1237 筆，其中 878 筆有營業時間
[2026-08-18 02:34:24]       速度 8.2 筆/分鐘 | 預估剩餘 590 分鐘
[2026-08-18 02:34:26] [1071/5921] 過港貝化石層 (Attraction_376450000A_000874)
[2026-08-18 02:34:30]    ❌ 三種策略皆失敗
[2026-08-18 02:34:32] [1072/5921] 同興老街 (Attraction_376450000A_000875)
[2026-08-18 02:34:36]    ✅ 成功抓到 7 筆時段
[2026-08-18 02:34:38] [1073/5921] 幸褔農場 (Attraction_376450000A_000878)
[2026-08-18 02:35:26]    (透過策略2成功)
[2026-08-18 02:35:26]    ✅ 成功抓到 7 筆時段
[2026-08-18 02:35:28] [1074/5921] 立康健康養生觀光工廠 (Attraction_376450000A_000889)
[2026-08-18 02:35:31]    ✅ 成功抓到 7 筆時段
[2026-08-18 02:35:33] [1075/5921] 英才書院 (Attraction_376450000A_000891)
[2026-08-18 02:35:37]    ✅ 成功抓到 7 筆時段
[2026-08-18 02:35:39] [1076/5921] 桐海秘境步道 (Attraction_376450000A_000893)
[2026-08-18 02:35:43]    ❌ 三種策略皆失敗
[2026-08-18 02:35:45] [1077/5921] 鹿廚坑步道 (Attraction_376450000A_000913)
[2026-08-18 02:35:49]    ✅ 成功抓到 7 筆時段
[2026-08-18 02:35:51] [1078/5921] 尚順育樂世界 (Attraction_376450000A_000915)
[2026-08-18 02:35:54]    ✅ 成功抓到 7 筆時段
[2026-08-18 02:35:56] [1079/5921] 大窩生態園區 (Attraction_376450000A_000923)
[2026-08-18 02:35:59]    ✅ 成功抓到 7 筆時段
[2026-08-18 02:36:01] [1080/5921] 老家藝文空間 (Attraction_376450000A_000926)
[2026-08-18 02:36:06]    ❌ 三種策略皆失敗
[2026-08-18 02:36:06]    💾 存檔！已處理 1080/5921 | 成功 742 | 失敗 338
[2026-08-18 02:36:06]       資料庫共 1247 筆，其中 885 筆有營業時間
[2026-08-18 02:36:06]       速度 8.2 筆/分鐘 | 預估剩餘 591 分鐘
[2026-08-18 02:36:08] [1081/5921] 夢幻桐花步道 (Attraction_376450000A_000928)
[2026-08-18 02:36:16]    ✅ 成功抓到 7 筆時段
[2026-08-18 02:36:18] [1082/5921] 二本松解說站 (Attraction_376450000A_000929)
[2026-08-18 02:36:27]    ✅ 成功抓到 7 筆時段
[2026-08-18 02:36:29] [1083/5921] 東華樟腦廠 (Attraction_376450000A_000930)
[2026-08-18 02:36:46]    ✅ 成功抓到 7 筆時段
[2026-08-18 02:36:48] [1084/5921] 九湖休閒農場 (Attraction_376450000A_000931)
[2026-08-18 02:36:51]    ✅ 成功抓到 7 筆時段
[2026-08-18 02:36:53] [1085/5921] 卓也小屋手工坊 (Attraction_376450000A_000934)
[2026-08-18 02:36:58]    ❌ 三種策略皆失敗
[2026-08-18 02:37:00] [1086/5921] 巧克力雲莊 (Attraction_376450000A_000935)
[2026-08-18 02:37:29]    ❌ 三種策略皆失敗
[2026-08-18 02:37:31] [1087/5921] 功維敘隧道 (Attraction_376450000A_000937)
[2026-08-18 02:37:34]    ✅ 成功抓到 7 筆時段
[2026-08-18 02:37:36] [1088/5921] 新東大橋 (Attraction_376450000A_000938)
[2026-08-18 02:37:40]    ✅ 成功抓到 7 筆時段
[2026-08-18 02:37:42] [1089/5921] 舊山線鐵道自行車 (Attraction_376450000A_000939)
[2026-08-18 02:37:47]    (透過策略2成功)
[2026-08-18 02:37:47]    ✅ 成功抓到 7 筆時段
[2026-08-18 02:37:49] [1090/5921] 銅鑼茶廠 (Attraction_376450000A_000940)
[2026-08-18 02:37:53]    ✅ 成功抓到 7 筆時段
[2026-08-18 02:37:53]    💾 存檔！已處理 1090/5921 | 成功 750 | 失敗 340
[2026-08-18 02:37:53]       資料庫共 1257 筆，其中 893 筆有營業時間
[2026-08-18 02:37:53]       速度 8.2 筆/分鐘 | 預估剩餘 592 分鐘
[2026-08-18 02:37:55] [1091/5921] 雲洞山莊 (Attraction_376450000A_000941)
[2026-08-18 02:37:59]    ❌ 三種策略皆失敗
[2026-08-18 02:38:01] [1092/5921] 桐遊柿界 (Attraction_376450000A_000943)
[2026-08-18 02:38:05]    ✅ 成功抓到 7 筆時段
[2026-08-18 02:38:07] [1093/5921] 白沙屯海邊 (Attraction_376450000A_000944)
[2026-08-18 02:38:10]    ✅ 成功抓到 7 筆時段
[2026-08-18 02:38:12] [1094/5921] 愛心公路 (Attraction_376450000A_000945)
[2026-08-18 02:38:15]    ✅ 成功抓到 7 筆時段
[2026-08-18 02:38:17] [1095/5921] 黃金一路-苗栗伯朗大道 (Attraction_376450000A_000946)
[2026-08-18 02:38:22]    ❌ 三種策略皆失敗
[2026-08-18 02:38:24] [1096/5921] 銅鑼炮仗花海公園 (Attraction_376450000A_000947)
[2026-08-18 02:38:28]    ❌ 三種策略皆失敗
[2026-08-18 02:38:30] [1097/5921] 水雲吊橋 (Attraction_376450000A_000948)
[2026-08-18 02:38:33]    ✅ 成功抓到 7 筆時段
[2026-08-18 02:38:35] [1098/5921] 烏嘎彥竹林 (Attraction_376450000A_000949)
[2026-08-18 02:38:39]    ✅ 成功抓到 7 筆時段
[2026-08-18 02:38:41] [1099/5921] 荳媽媽休閒果園 (Attraction_376450000A_000950)
[2026-08-18 02:38:44]    ✅ 成功抓到 7 筆時段
[2026-08-18 02:38:46] [1100/5921] 苗栗7-11龍躍門市-七彩貨櫃 (Attraction_376450000A_000951)
[2026-08-18 02:38:50]    ✅ 成功抓到 7 筆時段
[2026-08-18 02:38:50]    💾 存檔！已處理 1100/5921 | 成功 757 | 失敗 343
[2026-08-18 02:38:50]       資料庫共 1267 筆，其中 900 筆有營業時間
[2026-08-18 02:38:50]       速度 8.2 筆/分鐘 | 預估剩餘 590 分鐘
[2026-08-18 02:38:52] [1101/5921] 狗狗水世界 (Attraction_376450000A_000968)
[2026-08-18 02:38:55]    ✅ 成功抓到 7 筆時段
[2026-08-18 02:38:57] [1102/5921] 新埔車站 (Attraction_376450000A_000969)
[2026-08-18 02:39:01]    ❌ 三種策略皆失敗
[2026-08-18 02:39:03] [1103/5921] 福興南和自行車道 (Attraction_376450000A_000970)
[2026-08-18 02:39:09]    (透過策略2成功)
[2026-08-18 02:39:09]    ✅ 成功抓到 7 筆時段
[2026-08-18 02:39:11] [1104/5921] 斯瓦細格部落 (Attraction_376450000A_000971)
[2026-08-18 02:39:15]    ❌ 三種策略皆失敗
[2026-08-18 02:39:17] [1105/5921] 橫屏背賞魚步道 (Attraction_376450000A_000972)
[2026-08-18 02:39:27]    ❌ 三種策略皆失敗
[2026-08-18 02:39:29] [1106/5921] 四十二份坪步道 (Attraction_376450000A_000973)
[2026-08-18 02:39:37]    ✅ 成功抓到 7 筆時段
[2026-08-18 02:39:39] [1107/5921] 三灣梨鄉休閒農業區 (Attraction_376450000A_000974)
[2026-08-18 02:39:44]    ❌ 三種策略皆失敗
[2026-08-18 02:39:46] [1108/5921] 月眉吊橋 (Attraction_376450000A_000975)
[2026-08-18 02:39:50]    ❌ 三種策略皆失敗
[2026-08-18 02:39:52] [1109/5921] 老銃櫃步道 (Attraction_376450000A_000976)
[2026-08-18 02:39:56]    ✅ 成功抓到 7 筆時段
[2026-08-18 02:39:58] [1110/5921] 百年埤塘 (Attraction_376450000A_000977)
[2026-08-18 02:40:01]    ✅ 成功抓到 7 筆時段
[2026-08-18 02:40:01]    💾 存檔！已處理 1110/5921 | 成功 762 | 失敗 348
[2026-08-18 02:40:01]       資料庫共 1277 筆，其中 905 筆有營業時間
[2026-08-18 02:40:01]       速度 8.2 筆/分鐘 | 預估剩餘 589 分鐘
[2026-08-18 02:40:03] [1111/5921] 藺子工作室 (Attraction_376450000A_000979)
[2026-08-18 02:40:06]    ✅ 成功抓到 7 筆時段
[2026-08-18 02:40:08] [1112/5921] 瓦祿產業文化館 (Attraction_376450000A_000980)
[2026-08-18 02:40:18]    ✅ 成功抓到 7 筆時段
[2026-08-18 02:40:20] [1113/5921] 石壁染織工藝園區 (Attraction_376450000A_000981)
[2026-08-18 02:40:23]    ✅ 成功抓到 7 筆時段
[2026-08-18 02:40:25] [1114/5921] 南江休閒農業區 (Attraction_376450000A_000982)
[2026-08-18 02:40:36]    (透過策略2成功)
[2026-08-18 02:40:36]    ✅ 成功抓到 7 筆時段
[2026-08-18 02:40:38] [1115/5921] 康濟吊橋 (Attraction_376450000A_000983)
[2026-08-18 02:40:41]    ✅ 成功抓到 7 筆時段
[2026-08-18 02:40:43] [1116/5921] 十三間老街 (Attraction_376450000A_000984)
[2026-08-18 02:40:47]    ✅ 成功抓到 7 筆時段
[2026-08-18 02:40:49] [1117/5921] 鯉魚潭水庫 (Attraction_376450000A_000985)
[2026-08-18 02:40:59]    (透過策略2成功)
[2026-08-18 02:40:59]    ✅ 成功抓到 7 筆時段
[2026-08-18 02:41:01] [1118/5921] 蘆竹湳古厝 (Attraction_376450000A_000986)
[2026-08-18 02:41:05]    ✅ 成功抓到 7 筆時段
[2026-08-18 02:41:07] [1119/5921] 車之道體驗中心 (Attraction_376450000A_000988)
[2026-08-18 02:41:11]    ❌ 三種策略皆失敗
[2026-08-18 02:41:13] [1120/5921] 銅鑼窯 (Attraction_376450000A_000989)
[2026-08-18 02:41:17]    ✅ 成功抓到 7 筆時段
[2026-08-18 02:41:17]    💾 存檔！已處理 1120/5921 | 成功 771 | 失敗 349
[2026-08-18 02:41:17]       資料庫共 1287 筆，其中 914 筆有營業時間
[2026-08-18 02:41:17]       速度 8.2 筆/分鐘 | 預估剩餘 587 分鐘
[2026-08-18 02:41:19] [1121/5921] 葛瑞絲香草田 (Attraction_376450000A_000990)
[2026-08-18 02:41:22]    ✅ 成功抓到 7 筆時段
[2026-08-18 02:41:24] [1122/5921] 愛情果園(苑裡鎮農會) (Attraction_376450000A_000991)
[2026-08-18 02:41:34]    (透過策略2成功)
[2026-08-18 02:41:34]    ✅ 成功抓到 7 筆時段
[2026-08-18 02:41:36] [1123/5921] 獅山多功能運動公園 (Attraction_376450000A_000994)
[2026-08-18 02:41:40]    ✅ 成功抓到 7 筆時段
[2026-08-18 02:41:42] [1124/5921] 雅聞七里香玫瑰森林 (Attraction_376450000A_000996)
[2026-08-18 02:41:45]    ✅ 成功抓到 7 筆時段
[2026-08-18 02:41:47] [1125/5921] 南庄雲水度假森林 (Attraction_376450000A_000997)
[2026-08-18 02:41:53]    ❌ 三種策略皆失敗
[2026-08-18 02:41:55] [1126/5921] 貓裏喵親子公園 (Attraction_376450000A_000998)
[2026-08-18 02:41:58]    ✅ 成功抓到 7 筆時段
[2026-08-18 02:42:00] [1127/5921] 竹南啤酒廠 (Attraction_376450000A_001000)
[2026-08-18 02:42:09]    ✅ 成功抓到 7 筆時段
[2026-08-18 02:42:11] [1128/5921] 清海宮 (Attraction_376450000A_001001)
[2026-08-18 02:42:16]    (透過策略2成功)
[2026-08-18 02:42:16]    ✅ 成功抓到 7 筆時段
[2026-08-18 02:42:18] [1129/5921] 自然風情景觀民宿 (Attraction_376450000A_001002)
[2026-08-18 02:42:23]    ❌ 三種策略皆失敗
[2026-08-18 02:42:25] [1130/5921] 濱海藝文中心水泥管造景 (Attraction_376450000A_001003)
[2026-08-18 02:42:28]    ✅ 成功抓到 7 筆時段
[2026-08-18 02:42:28]    💾 存檔！已處理 1130/5921 | 成功 779 | 失敗 351
[2026-08-18 02:42:28]       資料庫共 1297 筆，其中 922 筆有營業時間
[2026-08-18 02:42:28]       速度 8.2 筆/分鐘 | 預估剩餘 586 分鐘
[2026-08-18 02:42:30] [1131/5921] 火炎山南鞍古道O走 (Attraction_376450000A_001004)
[2026-08-18 02:42:35]    ❌ 三種策略皆失敗
[2026-08-18 02:42:37] [1132/5921] 田尾公路花園 (Attraction_376470000A_000001)
[2026-08-18 02:42:40]    ✅ 成功抓到 7 筆時段
[2026-08-18 02:42:42] [1133/5921] 八卦山大佛風景區 (Attraction_376470000A_000004)
[2026-08-18 02:42:46]    ✅ 成功抓到 7 筆時段
[2026-08-18 02:42:48] [1134/5921] 田中森林公園 (Attraction_376470000A_000006)
[2026-08-18 02:42:56]    ✅ 成功抓到 7 筆時段
[2026-08-18 02:42:58] [1135/5921] 綠色環境學習營地 (Attraction_376470000A_000009)
[2026-08-18 02:43:03]    ❌ 三種策略皆失敗
[2026-08-18 02:43:05] [1136/5921] 孔子廟 (Attraction_376470000A_000010)
[2026-08-18 02:43:10]    (透過策略2成功)
[2026-08-18 02:43:10]    ✅ 成功抓到 7 筆時段
[2026-08-18 02:43:12] [1137/5921] 道東書院 (Attraction_376470000A_000011)
[2026-08-18 02:43:16]    ✅ 成功抓到 7 筆時段
[2026-08-18 02:43:18] [1138/5921] 台明將台灣玻璃館 (Attraction_376470000A_000012)
[2026-08-18 02:43:26]    ✅ 成功抓到 7 筆時段
[2026-08-18 02:43:28] [1139/5921] 白蘭氏健康博物館 (Attraction_376470000A_000013)
[2026-08-18 02:43:31]    ✅ 成功抓到 7 筆時段
[2026-08-18 02:43:33] [1140/5921] 彰濱秀傳人文藝術館 (Attraction_376470000A_000014)
[2026-08-18 02:43:37]    ✅ 成功抓到 7 筆時段
[2026-08-18 02:43:37]    💾 存檔！已處理 1140/5921 | 成功 787 | 失敗 353
[2026-08-18 02:43:37]       資料庫共 1307 筆，其中 930 筆有營業時間
[2026-08-18 02:43:37]       速度 8.2 筆/分鐘 | 預估剩餘 585 分鐘
[2026-08-18 02:43:39] [1141/5921] 台灣穀堡 (Attraction_376470000A_000016)
[2026-08-18 02:43:42]    ✅ 成功抓到 7 筆時段
[2026-08-18 02:43:44] [1142/5921] 扇形車庫 (Attraction_376470000A_000017)
[2026-08-18 02:43:49]    ❌ 三種策略皆失敗
[2026-08-18 02:43:51] [1143/5921] 溪湖糖廠 (Attraction_376470000A_000018)
[2026-08-18 02:43:56]    (透過策略2成功)
[2026-08-18 02:43:56]    ✅ 成功抓到 7 筆時段
[2026-08-18 02:43:58] [1144/5921] 奈米休閒農場 (Attraction_376470000A_000031)
[2026-08-18 02:44:02]    ✅ 成功抓到 7 筆時段
[2026-08-18 02:44:04] [1145/5921] 魔菇部落生態休閒農場 (Attraction_376470000A_000032)
[2026-08-18 02:44:07]    ✅ 成功抓到 7 筆時段
[2026-08-18 02:44:09] [1146/5921] 展壯台大蘭園 (Attraction_376470000A_000033)
[2026-08-18 02:44:13]    ❌ 三種策略皆失敗
[2026-08-18 02:44:15] [1147/5921] 大丘園休閒農場 (Attraction_376470000A_000034)
[2026-08-18 02:44:20]    ❌ 三種策略皆失敗
[2026-08-18 02:44:22] [1148/5921] 稻香休閒農場 (Attraction_376470000A_000036)
[2026-08-18 02:44:26]    ✅ 成功抓到 7 筆時段
[2026-08-18 02:44:28] [1149/5921] 古早雞休閒農場 (Attraction_376470000A_000037)
[2026-08-18 02:44:31]    ✅ 成功抓到 7 筆時段
[2026-08-18 02:44:33] [1150/5921] 東螺溪休閒農場 (Attraction_376470000A_000041)
[2026-08-18 02:44:36]    ✅ 成功抓到 7 筆時段
[2026-08-18 02:44:36]    💾 存檔！已處理 1150/5921 | 成功 794 | 失敗 356
[2026-08-18 02:44:36]       資料庫共 1317 筆，其中 937 筆有營業時間
[2026-08-18 02:44:36]       速度 8.2 筆/分鐘 | 預估剩餘 582 分鐘
[2026-08-18 02:44:38] [1151/5921] 劍門生態花果園 (Attraction_376470000A_000042)
[2026-08-18 02:44:42]    ✅ 成功抓到 7 筆時段
[2026-08-18 02:44:44] [1152/5921] 埔茂花市 (Attraction_376470000A_000045)
[2026-08-18 02:44:47]    ✅ 成功抓到 7 筆時段
[2026-08-18 02:44:49] [1153/5921] 牧羊女親子主題園區 (Attraction_376470000A_000050)
[2026-08-18 02:44:52]    ✅ 成功抓到 7 筆時段
[2026-08-18 02:44:54] [1154/5921] 梅庄花卉生產休憩園區 (Attraction_376470000A_000054)
[2026-08-18 02:45:00]    (透過策略2成功)
[2026-08-18 02:45:00]    ✅ 成功抓到 7 筆時段
[2026-08-18 02:45:02] [1155/5921] 鹿世界觀光牧場 (Attraction_376470000A_000060)
[2026-08-18 02:45:05]    ✅ 成功抓到 7 筆時段
[2026-08-18 02:45:07] [1156/5921] 茉莉花故鄉 (Attraction_376470000A_000061)
[2026-08-18 02:45:11]    ✅ 成功抓到 7 筆時段
[2026-08-18 02:45:13] [1157/5921] 路葡萄酒莊-路葡萄隧道 (Attraction_376470000A_000065)
[2026-08-18 02:45:22]    ✅ 成功抓到 7 筆時段
[2026-08-18 02:45:24] [1158/5921] 伸港蚵仔寮觀夕親水趣 (Attraction_376470000A_000067)
[2026-08-18 02:45:28]    ✅ 成功抓到 7 筆時段
[2026-08-18 02:45:30] [1159/5921] 王功漁港 (Attraction_376470000A_000068)
[2026-08-18 02:45:34]    ❌ 三種策略皆失敗
[2026-08-18 02:45:36] [1160/5921] 鷹揚八卦 (Attraction_376470000A_000071)
[2026-08-18 02:45:40]    ✅ 成功抓到 7 筆時段
[2026-08-18 02:45:40]    💾 存檔！已處理 1160/5921 | 成功 803 | 失敗 357
[2026-08-18 02:45:40]       資料庫共 1327 筆，其中 946 筆有營業時間
[2026-08-18 02:45:40]       速度 8.2 筆/分鐘 | 預估剩餘 580 分鐘
[2026-08-18 02:45:42] [1161/5921] 王功蚵藝文化館 (Attraction_376470000A_000072)
[2026-08-18 02:45:46]    ❌ 三種策略皆失敗
[2026-08-18 02:45:48] [1162/5921] 彰化縣南北管館 (Attraction_376470000A_000073)
[2026-08-18 02:45:52]    ✅ 成功抓到 7 筆時段
[2026-08-18 02:45:54] [1163/5921] 賴和詩牆 (Attraction_376470000A_000074)
[2026-08-18 02:45:57]    ✅ 成功抓到 7 筆時段
[2026-08-18 02:45:59] [1164/5921] 古月民俗館 (Attraction_376470000A_000075)
[2026-08-18 02:46:02]    ✅ 成功抓到 7 筆時段
[2026-08-18 02:46:04] [1165/5921] 聖王廟 (Attraction_376470000A_000076)
[2026-08-18 02:46:10]    (透過策略2成功)
[2026-08-18 02:46:10]    ✅ 成功抓到 7 筆時段
[2026-08-18 02:46:12] [1166/5921] 彰化元清觀 天公壇 (Attraction_376470000A_000077)
[2026-08-18 02:46:16]    ✅ 成功抓到 7 筆時段
[2026-08-18 02:46:18] [1167/5921] 益源古厝 (Attraction_376470000A_000078)
[2026-08-18 02:46:22]    ❌ 三種策略皆失敗
[2026-08-18 02:46:24] [1168/5921] 鹿港龍山寺 (Attraction_376470000A_000079)
[2026-08-18 02:46:27]    ✅ 成功抓到 7 筆時段
[2026-08-18 02:46:29] [1169/5921] 彰化慶安宮-大道公廟 (Attraction_376470000A_000080)
[2026-08-18 02:46:33]    ✅ 成功抓到 7 筆時段
[2026-08-18 02:46:35] [1170/5921] 芬園寶藏寺 (Attraction_376470000A_000081)
[2026-08-18 02:46:38]    ✅ 成功抓到 7 筆時段
[2026-08-18 02:46:38]    💾 存檔！已處理 1170/5921 | 成功 811 | 失敗 359
[2026-08-18 02:46:38]       資料庫共 1337 筆，其中 954 筆有營業時間
[2026-08-18 02:46:38]       速度 8.2 筆/分鐘 | 預估剩餘 578 分鐘
[2026-08-18 02:46:40] [1171/5921] 定光佛廟 (Attraction_376470000A_000082)
[2026-08-18 02:46:45]    ❌ 三種策略皆失敗
[2026-08-18 02:46:47] [1172/5921] 南瑤宮 (Attraction_376470000A_000083)
[2026-08-18 02:46:50]    ✅ 成功抓到 7 筆時段
[2026-08-18 02:46:52] [1173/5921] 節孝祠 (Attraction_376470000A_000084)
[2026-08-18 02:46:57]    ❌ 三種策略皆失敗
[2026-08-18 02:46:59] [1174/5921] 鹿港公會堂 (Attraction_376470000A_000085)
[2026-08-18 02:47:02]    ✅ 成功抓到 7 筆時段
[2026-08-18 02:47:04] [1175/5921] 彰邑關帝廟 (Attraction_376470000A_000086)
[2026-08-18 02:47:07]    ✅ 成功抓到 7 筆時段
[2026-08-18 02:47:09] [1176/5921] 彰邑開化寺-觀音亭 (Attraction_376470000A_000088)
[2026-08-18 02:47:13]    ✅ 成功抓到 7 筆時段
[2026-08-18 02:47:15] [1177/5921] 懷忠祠 (Attraction_376470000A_000089)
[2026-08-18 02:47:18]    ✅ 成功抓到 7 筆時段
[2026-08-18 02:47:20] [1178/5921] 鹿港城隍廟 (Attraction_376470000A_000090)
[2026-08-18 02:47:23]    ✅ 成功抓到 7 筆時段
[2026-08-18 02:47:25] [1179/5921] 鹿港天后宮 (Attraction_376470000A_000091)
[2026-08-18 02:47:29]    ✅ 成功抓到 7 筆時段
[2026-08-18 02:47:31] [1180/5921] 鹿港文武廟 (Attraction_376470000A_000092)
[2026-08-18 02:47:34]    ✅ 成功抓到 7 筆時段
[2026-08-18 02:47:34]    💾 存檔！已處理 1180/5921 | 成功 819 | 失敗 361
[2026-08-18 02:47:34]       資料庫共 1347 筆，其中 962 筆有營業時間
[2026-08-18 02:47:34]       速度 8.2 筆/分鐘 | 預估剩餘 576 分鐘
[2026-08-18 02:47:36] [1181/5921] 鹿港地藏王廟 (Attraction_376470000A_000093)
[2026-08-18 02:47:40]    ✅ 成功抓到 7 筆時段
[2026-08-18 02:47:42] [1182/5921] 興安宮 (Attraction_376470000A_000094)
[2026-08-18 02:47:47]    (透過策略2成功)
[2026-08-18 02:47:47]    ✅ 成功抓到 7 筆時段
[2026-08-18 02:47:49] [1183/5921] 花壇虎山巖 (Attraction_376470000A_000095)
[2026-08-18 02:47:54]    ❌ 三種策略皆失敗
[2026-08-18 02:47:56] [1184/5921] 二林仁和宮 (Attraction_376470000A_000096)
[2026-08-18 02:47:59]    ✅ 成功抓到 7 筆時段
[2026-08-18 02:48:01] [1185/5921] 鹿港金門館 (Attraction_376470000A_000097)
[2026-08-18 02:48:05]    ❌ 三種策略皆失敗
[2026-08-18 02:48:07] [1186/5921] 鹿港日茂行 (Attraction_376470000A_000098)
[2026-08-18 02:48:11]    ✅ 成功抓到 7 筆時段
[2026-08-18 02:48:13] [1187/5921] 鹿港隘門 (Attraction_376470000A_000099)
[2026-08-18 02:48:16]    ✅ 成功抓到 7 筆時段
[2026-08-18 02:48:18] [1188/5921] 鹿港鳳山寺 (Attraction_376470000A_000101)
[2026-08-18 02:48:21]    ✅ 成功抓到 7 筆時段
[2026-08-18 02:48:23] [1189/5921] 鹿港南靖宮 (Attraction_376470000A_000102)
[2026-08-18 02:48:27]    ✅ 成功抓到 7 筆時段
[2026-08-18 02:48:29] [1190/5921] 鹿港三山國王廟 (Attraction_376470000A_000103)
[2026-08-18 02:48:32]    ✅ 成功抓到 7 筆時段
[2026-08-18 02:48:32]    💾 存檔！已處理 1190/5921 | 成功 827 | 失敗 363
[2026-08-18 02:48:32]       資料庫共 1357 筆，其中 970 筆有營業時間
[2026-08-18 02:48:32]       速度 8.2 筆/分鐘 | 預估剩餘 574 分鐘
[2026-08-18 02:48:34] [1191/5921] 彰化市武德殿 (Attraction_376470000A_000104)
[2026-08-18 02:48:37]    ✅ 成功抓到 7 筆時段
[2026-08-18 02:48:39] [1192/5921] 員林興賢書院 (Attraction_376470000A_000105)
[2026-08-18 02:48:43]    ✅ 成功抓到 7 筆時段
[2026-08-18 02:48:45] [1193/5921] 員林神社遺跡 (Attraction_376470000A_000106)
[2026-08-18 02:48:48]    ✅ 成功抓到 7 筆時段
[2026-08-18 02:48:50] [1194/5921] 羅厝天主堂 (Attraction_376470000A_000107)
[2026-08-18 02:48:53]    ✅ 成功抓到 7 筆時段
[2026-08-18 02:48:55] [1195/5921] 意和行 (Attraction_376470000A_000108)
[2026-08-18 02:49:00]    ❌ 三種策略皆失敗
[2026-08-18 02:49:02] [1196/5921] 劉宅月眉池 (Attraction_376470000A_000109)
[2026-08-18 02:49:06]    ❌ 三種策略皆失敗
[2026-08-18 02:49:08] [1197/5921] 紅毛井 (Attraction_376470000A_000110)
[2026-08-18 02:49:17]    ✅ 成功抓到 7 筆時段
[2026-08-18 02:49:19] [1198/5921] 鹿港十宜樓 (Attraction_376470000A_000111)
[2026-08-18 02:49:47]    ❌ 三種策略皆失敗
[2026-08-18 02:49:49] [1199/5921] 福興穀倉 (Attraction_376470000A_000113)
[2026-08-18 02:50:44]    ❌ 三種策略皆失敗
[2026-08-18 02:50:46] [1200/5921] 街長宿舍 (Attraction_376470000A_000114)
[2026-08-18 02:50:49]    ✅ 成功抓到 7 筆時段
[2026-08-18 02:50:49]    💾 存檔！已處理 1200/5921 | 成功 833 | 失敗 367
[2026-08-18 02:50:49]       資料庫共 1367 筆，其中 976 筆有營業時間
[2026-08-18 02:50:49]       速度 8.2 筆/分鐘 | 預估剩餘 577 分鐘
[2026-08-18 02:50:51] [1201/5921] 原海埔厝警察官吏派出所 (Attraction_376470000A_000116)
[2026-08-18 02:50:56]    ❌ 三種策略皆失敗
[2026-08-18 02:50:58] [1202/5921] 溪湖庄役場 (Attraction_376470000A_000117)
[2026-08-18 02:51:02]    ❌ 三種策略皆失敗
[2026-08-18 02:51:04] [1203/5921] 花壇中庄李宅正身 (Attraction_376470000A_000118)
[2026-08-18 02:51:33]    ❌ 三種策略皆失敗
[2026-08-18 02:51:35] [1204/5921] 彰化女中紅樓 (Attraction_376470000A_000120)
[2026-08-18 02:51:38]    ✅ 成功抓到 7 筆時段
[2026-08-18 02:51:40] [1205/5921] 友鹿軒 (Attraction_376470000A_000121)
[2026-08-18 02:51:44]    ❌ 三種策略皆失敗
[2026-08-18 02:51:46] [1206/5921] 員林市江九合濟陽堂 (Attraction_376470000A_000122)
[2026-08-18 02:51:50]    ✅ 成功抓到 7 筆時段
[2026-08-18 02:51:52] [1207/5921] 社頭斗山祠 (Attraction_376470000A_000125)
[2026-08-18 02:51:55]    ✅ 成功抓到 7 筆時段
[2026-08-18 02:51:57] [1208/5921] 乙未保台和平紀念公園 (Attraction_376470000A_000126)
[2026-08-18 02:52:00]    ✅ 成功抓到 7 筆時段
[2026-08-18 02:52:02] [1209/5921] 1895八卦山抗日保台史蹟館 (Attraction_376470000A_000127)
[2026-08-18 02:52:06]    ✅ 成功抓到 7 筆時段
[2026-08-18 02:52:08] [1210/5921] 白馬峯普天宮 (Attraction_376470000A_000128)
[2026-08-18 02:52:11]    ✅ 成功抓到 7 筆時段
[2026-08-18 02:52:11]    💾 存檔！已處理 1210/5921 | 成功 839 | 失敗 371
[2026-08-18 02:52:11]       資料庫共 1377 筆，其中 982 筆有營業時間
[2026-08-18 02:52:11]       速度 8.2 筆/分鐘 | 預估剩餘 576 分鐘
[2026-08-18 02:52:13] [1211/5921] 彰化城與八卦山砲台 (Attraction_376470000A_000129)
[2026-08-18 02:52:17]    ❌ 三種策略皆失敗
[2026-08-18 02:52:19] [1212/5921] 九曲巷 (Attraction_376470000A_000130)
[2026-08-18 02:52:23]    ✅ 成功抓到 7 筆時段
[2026-08-18 02:52:25] [1213/5921] 半邊井 (Attraction_376470000A_000131)
[2026-08-18 02:52:28]    ✅ 成功抓到 7 筆時段
[2026-08-18 02:52:30] [1214/5921] 意樓 (Attraction_376470000A_000132)
[2026-08-18 02:52:35]    ❌ 三種策略皆失敗
[2026-08-18 02:52:37] [1215/5921] 楊橋公園/護安宮 (Attraction_376470000A_000133)
[2026-08-18 02:53:03]    ✅ 成功抓到 7 筆時段
[2026-08-18 02:53:05] [1216/5921] 摸乳巷 (Attraction_376470000A_000134)
[2026-08-18 02:53:16]    (透過策略2成功)
[2026-08-18 02:53:16]    ✅ 成功抓到 7 筆時段
[2026-08-18 02:53:18] [1217/5921] 甕牆 (Attraction_376470000A_000135)
[2026-08-18 02:53:21]    ✅ 成功抓到 7 筆時段
[2026-08-18 02:53:23] [1218/5921] 彰化藝術館 (Attraction_376470000A_000136)
[2026-08-18 02:53:34]    (透過策略2成功)
[2026-08-18 02:53:34]    ✅ 成功抓到 7 筆時段
[2026-08-18 02:53:36] [1219/5921] 鹿港民俗文物館 (Attraction_376470000A_000137)
[2026-08-18 02:54:05]    ✅ 成功抓到 7 筆時段
[2026-08-18 02:54:07] [1220/5921] 彰化肉粽角風車 (Attraction_376470000A_000138)
[2026-08-18 02:54:11]    ❌ 三種策略皆失敗
[2026-08-18 02:54:11]    💾 存檔！已處理 1220/5921 | 成功 846 | 失敗 374
[2026-08-18 02:54:11]       資料庫共 1387 筆，其中 989 筆有營業時間
[2026-08-18 02:54:11]       速度 8.1 筆/分鐘 | 預估剩餘 578 分鐘
[2026-08-18 02:54:13] [1221/5921] 鹿港老街 (Attraction_376470000A_000139)
[2026-08-18 02:54:17]    ✅ 成功抓到 7 筆時段
[2026-08-18 02:54:19] [1222/5921] 銀河鐵道景觀餐廳 (Attraction_376470000A_000140)
[2026-08-18 02:54:22]    ✅ 成功抓到 7 筆時段
[2026-08-18 02:54:24] [1223/5921] 華陽公園 (Attraction_376470000A_000141)
[2026-08-18 02:54:28]    ✅ 成功抓到 7 筆時段
[2026-08-18 02:54:30] [1224/5921] 歡喜生態園 (Attraction_376470000A_000142)
[2026-08-18 02:54:33]    ✅ 成功抓到 7 筆時段
[2026-08-18 02:54:35] [1225/5921] C-119軍機公園 (Attraction_376470000A_000143)
[2026-08-18 02:54:38]    ✅ 成功抓到 7 筆時段
[2026-08-18 02:54:40] [1226/5921] 彰化縣原住民生活館 (Attraction_376470000A_000144)
[2026-08-18 02:54:44]    ✅ 成功抓到 7 筆時段
[2026-08-18 02:54:46] [1227/5921] 北斗奠安宮 (Attraction_376470000A_000145)
[2026-08-18 02:54:49]    ✅ 成功抓到 7 筆時段
[2026-08-18 02:54:51] [1228/5921] 彰化縣立體育場 (Attraction_376470000A_000146)
[2026-08-18 02:55:01]    ❌ 三種策略皆失敗
[2026-08-18 02:55:03] [1229/5921] 田中車站 │日式氛圍 鎮風光 (Attraction_376470000A_000147)
[2026-08-18 02:55:07]    ❌ 三種策略皆失敗
[2026-08-18 02:55:09] [1230/5921] 鹿港丁家大宅 (Attraction_376470000A_000150)
[2026-08-18 02:55:13]    ✅ 成功抓到 7 筆時段
[2026-08-18 02:55:13]    💾 存檔！已處理 1230/5921 | 成功 854 | 失敗 376
[2026-08-18 02:55:13]       資料庫共 1397 筆，其中 997 筆有營業時間
[2026-08-18 02:55:13]       速度 8.1 筆/分鐘 | 預估剩餘 576 分鐘
[2026-08-18 02:55:15] [1231/5921] 鄭應諧藝術金雕 (Attraction_376470000A_000154)
[2026-08-18 02:55:25]    ✅ 成功抓到 7 筆時段
[2026-08-18 02:55:27] [1232/5921] 北頭奉天宮 (Attraction_376470000A_000155)
[2026-08-18 02:55:33]    (透過策略2成功)
[2026-08-18 02:55:33]    ✅ 成功抓到 7 筆時段
[2026-08-18 02:55:35] [1233/5921] 新祖宮 (Attraction_376470000A_000156)
[2026-08-18 02:55:38]    ✅ 成功抓到 7 筆時段
[2026-08-18 02:55:40] [1234/5921] 田頭水文史館 (Attraction_376470000A_000158)
[2026-08-18 02:55:45]    ❌ 三種策略皆失敗
[2026-08-18 02:55:47] [1235/5921] 鹿港燒陶藝館 (Attraction_376470000A_000166)
[2026-08-18 02:55:50]    ✅ 成功抓到 7 筆時段
[2026-08-18 02:55:52] [1236/5921] 鹿港春仔花 (Attraction_376470000A_000167)
[2026-08-18 02:55:55]    ✅ 成功抓到 7 筆時段
[2026-08-18 02:55:57] [1237/5921] 台灣工藝之家-施鎮洋華泰雕刻藝術中心 (Attraction_376470000A_000169)
[2026-08-18 02:56:02]    ❌ 三種策略皆失敗
[2026-08-18 02:56:04] [1238/5921] 萬能錫藝館 (Attraction_376470000A_000170)
[2026-08-18 02:56:18]    ❌ 三種策略皆失敗
[2026-08-18 02:56:20] [1239/5921] 台灣工藝之家-松林藝術雕刻中心 (Attraction_376470000A_000173)
[2026-08-18 02:56:31]    (透過策略2成功)
[2026-08-18 02:56:31]    ✅ 成功抓到 7 筆時段
[2026-08-18 02:56:33] [1240/5921] 郁文齋燈藝工作室 (Attraction_376470000A_000176)
[2026-08-18 02:56:36]    ✅ 成功抓到 7 筆時段
[2026-08-18 02:56:36]    💾 存檔！已處理 1240/5921 | 成功 861 | 失敗 379
[2026-08-18 02:56:36]       資料庫共 1407 筆，其中 1004 筆有營業時間
[2026-08-18 02:56:36]       速度 8.1 筆/分鐘 | 預估剩餘 575 分鐘
[2026-08-18 02:56:38] [1241/5921] 鹿港第一市場 (Attraction_376470000A_000187)
[2026-08-18 02:56:42]    ✅ 成功抓到 7 筆時段
[2026-08-18 02:56:44] [1242/5921] 永安宮 (Attraction_376470000A_000189)
[2026-08-18 02:56:49]    (透過策略2成功)
[2026-08-18 02:56:49]    ✅ 成功抓到 7 筆時段
[2026-08-18 02:56:51] [1243/5921] 忠義廟 (Attraction_376470000A_000192)
[2026-08-18 02:56:56]    ❌ 三種策略皆失敗
[2026-08-18 02:56:58] [1244/5921] 社頭清水岩寺 (Attraction_376470000A_000196)
[2026-08-18 02:57:01]    ✅ 成功抓到 7 筆時段
[2026-08-18 02:57:03] [1245/5921] 緞帶王觀光工廠 (Attraction_376470000A_000200)
[2026-08-18 02:57:07]    ✅ 成功抓到 7 筆時段
[2026-08-18 02:57:09] [1246/5921] 台灣工藝之家-董坐石硯藝術館 (Attraction_376470000A_000201)
[2026-08-18 02:57:12]    ✅ 成功抓到 7 筆時段
[2026-08-18 02:57:14] [1247/5921] 桂花巷藝術村 (Attraction_376470000A_000202)
[2026-08-18 02:57:17]    ✅ 成功抓到 7 筆時段
[2026-08-18 02:57:19] [1248/5921] 彰化桐花季 (Attraction_376470000A_000211)
[2026-08-18 02:57:24]    ❌ 三種策略皆失敗
[2026-08-18 02:57:26] [1249/5921] 許木農村文物館 (Attraction_376470000A_000228)
[2026-08-18 02:57:29]    ✅ 成功抓到 7 筆時段
[2026-08-18 02:57:31] [1250/5921] 西門福德祠 (Attraction_376470000A_000229)
[2026-08-18 02:57:34]    ✅ 成功抓到 7 筆時段
[2026-08-18 02:57:34]    💾 存檔！已處理 1250/5921 | 成功 869 | 失敗 381
[2026-08-18 02:57:34]       資料庫共 1417 筆，其中 1012 筆有營業時間
[2026-08-18 02:57:34]       速度 8.2 筆/分鐘 | 預估剩餘 573 分鐘
[2026-08-18 02:57:36] [1251/5921] 清水岩遊憩區 (Attraction_376470000A_000230)
[2026-08-18 02:57:40]    ✅ 成功抓到 7 筆時段
[2026-08-18 02:57:42] [1252/5921] 永樂形象商圈 (Attraction_376470000A_000235)
[2026-08-18 02:57:46]    ❌ 三種策略皆失敗
[2026-08-18 02:57:48] [1253/5921] 福海宮 (Attraction_376470000A_000247)
[2026-08-18 02:57:54]    (透過策略2成功)
[2026-08-18 02:57:54]    ✅ 成功抓到 7 筆時段
[2026-08-18 02:57:56] [1254/5921] 興山公園 (Attraction_376470000A_000248)
[2026-08-18 02:57:59]    ✅ 成功抓到 7 筆時段
[2026-08-18 02:58:01] [1255/5921] 咸安宮 (Attraction_376470000A_000249)
[2026-08-18 02:58:05]    ✅ 成功抓到 7 筆時段
[2026-08-18 02:58:07] [1256/5921] 張玉姑廟 (Attraction_376470000A_000251)
[2026-08-18 02:58:11]    ❌ 三種策略皆失敗
[2026-08-18 02:58:13] [1257/5921] 田尾怡心園 (Attraction_376470000A_000253)
[2026-08-18 02:58:18]    ❌ 三種策略皆失敗
[2026-08-18 02:58:20] [1258/5921] 赤水崎公園 (Attraction_376470000A_000255)
[2026-08-18 02:58:24]    ❌ 三種策略皆失敗
[2026-08-18 02:58:26] [1259/5921] 北斗老街 (Attraction_376470000A_000256)
[2026-08-18 02:58:34]    ✅ 成功抓到 7 筆時段
[2026-08-18 02:58:36] [1260/5921] 溪湖軍機公園 (Attraction_376470000A_000257)
[2026-08-18 02:58:40]    ✅ 成功抓到 7 筆時段
[2026-08-18 02:58:40]    💾 存檔！已處理 1260/5921 | 成功 875 | 失敗 385
[2026-08-18 02:58:40]       資料庫共 1427 筆，其中 1018 筆有營業時間
[2026-08-18 02:58:40]       速度 8.2 筆/分鐘 | 預估剩餘 571 分鐘
[2026-08-18 02:58:42] [1261/5921] 福安宮 (Attraction_376470000A_000258)
[2026-08-18 02:58:47]    (透過策略2成功)
[2026-08-18 02:58:47]    ✅ 成功抓到 7 筆時段
[2026-08-18 02:58:49] [1262/5921] 二水八堡圳公園 (Attraction_376470000A_000259)
[2026-08-18 02:58:53]    ✅ 成功抓到 7 筆時段
[2026-08-18 02:58:55] [1263/5921] 日月山景休閒農場 (Attraction_376470000A_000261)
[2026-08-18 02:58:58]    ✅ 成功抓到 7 筆時段
[2026-08-18 02:59:00] [1264/5921] 大山休閒農場 (Attraction_376470000A_000262)
[2026-08-18 02:59:04]    ✅ 成功抓到 7 筆時段
[2026-08-18 02:59:06] [1265/5921] 楊桃園休閒農場 (Attraction_376470000A_000263)
[2026-08-18 02:59:16]    (透過策略2成功)
[2026-08-18 02:59:16]    ✅ 成功抓到 7 筆時段
[2026-08-18 02:59:18] [1266/5921] 菁芩休閒農場 (Attraction_376470000A_000264)
[2026-08-18 02:59:21]    ✅ 成功抓到 7 筆時段
[2026-08-18 02:59:23] [1267/5921] 雅育休閒農場 (Attraction_376470000A_000266)
[2026-08-18 02:59:27]    ✅ 成功抓到 7 筆時段
[2026-08-18 02:59:29] [1268/5921] 寶芝林 (Attraction_376470000A_000275)
[2026-08-18 02:59:37]    ✅ 成功抓到 7 筆時段
[2026-08-18 02:59:39] [1269/5921] 臻時舘 (Attraction_376470000A_000277)
[2026-08-18 02:59:44]    ❌ 三種策略皆失敗
[2026-08-18 02:59:46] [1270/5921] 東昇行 (Attraction_376470000A_000278)
[2026-08-18 02:59:50]    ❌ 三種策略皆失敗
[2026-08-18 02:59:50]    💾 存檔！已處理 1270/5921 | 成功 883 | 失敗 387
[2026-08-18 02:59:50]       資料庫共 1437 筆，其中 1026 筆有營業時間
[2026-08-18 02:59:50]       速度 8.2 筆/分鐘 | 預估剩餘 570 分鐘
[2026-08-18 02:59:52] [1271/5921] 鹿港童年の店 (Attraction_376470000A_000279)
[2026-08-18 02:59:55]    ✅ 成功抓到 7 筆時段
[2026-08-18 02:59:57] [1272/5921] 襪仔王觀光工廠 (Attraction_376470000A_000281)
[2026-08-18 03:00:01]    ✅ 成功抓到 7 筆時段
[2026-08-18 03:00:03] [1273/5921] 錫安祠樹包廟 (Attraction_376470000A_000282)
[2026-08-18 03:00:06]    ✅ 成功抓到 7 筆時段
[2026-08-18 03:00:08] [1274/5921] 過溝村葡萄王老樹 (Attraction_376470000A_000283)
[2026-08-18 03:00:12]    ❌ 三種策略皆失敗
[2026-08-18 03:00:14] [1275/5921] 林先生廟 (Attraction_376470000A_000286)
[2026-08-18 03:00:19]    ❌ 三種策略皆失敗
[2026-08-18 03:00:21] [1276/5921] 白馬的家 (Attraction_376470000A_000288)
[2026-08-18 03:00:24]    ✅ 成功抓到 7 筆時段
[2026-08-18 03:00:26] [1277/5921] 蘭輝酒莊 (Attraction_376470000A_000289)
[2026-08-18 03:00:42]    ✅ 成功抓到 7 筆時段
[2026-08-18 03:00:44] [1278/5921] 織足藏樂館 (Attraction_376470000A_000290)
[2026-08-18 03:00:47]    ✅ 成功抓到 7 筆時段
[2026-08-18 03:00:49] [1279/5921] 彰化溪州公園 (Attraction_376470000A_000291)
[2026-08-18 03:00:52]    ✅ 成功抓到 7 筆時段
[2026-08-18 03:00:54] [1280/5921] 彰化黃花風鈴木 (Attraction_376470000A_000292)
[2026-08-18 03:00:59]    ❌ 三種策略皆失敗
[2026-08-18 03:00:59]    💾 存檔！已處理 1280/5921 | 成功 890 | 失敗 390
[2026-08-18 03:00:59]       資料庫共 1447 筆，其中 1033 筆有營業時間
[2026-08-18 03:00:59]       速度 8.2 筆/分鐘 | 預估剩餘 568 分鐘
[2026-08-18 03:01:01] [1281/5921] 順達窯業 (Attraction_376470000A_000294)
[2026-08-18 03:01:04]    ✅ 成功抓到 7 筆時段
[2026-08-18 03:01:06] [1282/5921] 陳其生西施柚觀光果園 (Attraction_376470000A_000295)
[2026-08-18 03:01:16]    ❌ 三種策略皆失敗
[2026-08-18 03:01:18] [1283/5921] 新穎藝術坊 (Attraction_376470000A_000296)
[2026-08-18 03:01:22]    ❌ 三種策略皆失敗
[2026-08-18 03:01:24] [1284/5921] 顏氏牧場 (Attraction_376470000A_000297)
[2026-08-18 03:01:29]    ❌ 三種策略皆失敗
[2026-08-18 03:01:31] [1285/5921] 彰化大埔商圈 (Attraction_376470000A_000298)
[2026-08-18 03:01:36]    ❌ 三種策略皆失敗
[2026-08-18 03:01:38] [1286/5921] 彰化縣立美術館 (Attraction_376470000A_000299)
[2026-08-18 03:01:41]    ✅ 成功抓到 7 筆時段
[2026-08-18 03:01:43] [1287/5921] 萬景藝苑 (Attraction_376470000A_000302)
[2026-08-18 03:01:46]    ✅ 成功抓到 7 筆時段
[2026-08-18 03:01:48] [1288/5921] 餅乾學院School of cookie (Attraction_376470000A_000303)
[2026-08-18 03:01:52]    ✅ 成功抓到 7 筆時段
[2026-08-18 03:01:54] [1289/5921] 巫家捏麵館 (Attraction_376470000A_000304)
[2026-08-18 03:01:57]    ✅ 成功抓到 7 筆時段
[2026-08-18 03:01:59] [1290/5921] 怪獸百寶村-彰化百寶村 (Attraction_376470000A_000307)
[2026-08-18 03:02:02]    ✅ 成功抓到 7 筆時段
[2026-08-18 03:02:02]    💾 存檔！已處理 1290/5921 | 成功 896 | 失敗 394
[2026-08-18 03:02:02]       資料庫共 1457 筆，其中 1039 筆有營業時間
[2026-08-18 03:02:02]       速度 8.2 筆/分鐘 | 預估剩餘 567 分鐘
[2026-08-18 03:02:04] [1291/5921] 二水鄉泰山體驗營 (Attraction_376470000A_000308)
[2026-08-18 03:02:08]    ✅ 成功抓到 7 筆時段
[2026-08-18 03:02:10] [1292/5921] 愛玩色創意館 (Attraction_376470000A_000309)
[2026-08-18 03:02:13]    ✅ 成功抓到 7 筆時段
[2026-08-18 03:02:15] [1293/5921] 華新MASK創意生活館 (Attraction_376470000A_000311)
[2026-08-18 03:02:19]    ✅ 成功抓到 7 筆時段
[2026-08-18 03:02:21] [1294/5921] 台灣水五金創新精品館 (Attraction_376470000A_000313)
[2026-08-18 03:02:24]    ✅ 成功抓到 7 筆時段
[2026-08-18 03:02:26] [1295/5921] 台灣酒窖 (Attraction_376470000A_000316)
[2026-08-18 03:02:29]    ✅ 成功抓到 7 筆時段
[2026-08-18 03:02:31] [1296/5921] 新和春醬油漬物工廠 (Attraction_376470000A_000360)
[2026-08-18 03:02:35]    ✅ 成功抓到 7 筆時段
[2026-08-18 03:02:37] [1297/5921] 警察故事館 (Attraction_376470000A_000361)
[2026-08-18 03:02:40]    ✅ 成功抓到 7 筆時段
[2026-08-18 03:02:42] [1298/5921] 員林衡文宮 (Attraction_376470000A_000363)
[2026-08-18 03:02:45]    ✅ 成功抓到 7 筆時段
[2026-08-18 03:02:47] [1299/5921] 台塑生醫健康悠活館 (Attraction_376470000A_000364)
[2026-08-18 03:02:51]    ✅ 成功抓到 7 筆時段
[2026-08-18 03:02:53] [1300/5921] 二八水水公園 (Attraction_376470000A_000392)
[2026-08-18 03:02:56]    ✅ 成功抓到 7 筆時段
[2026-08-18 03:02:56]    💾 存檔！已處理 1300/5921 | 成功 906 | 失敗 394
[2026-08-18 03:02:56]       資料庫共 1467 筆，其中 1049 筆有營業時間
[2026-08-18 03:02:56]       速度 8.2 筆/分鐘 | 預估剩餘 564 分鐘
[2026-08-18 03:02:58] [1301/5921] 茉莉花壇夢想館 (Attraction_376470000A_000395)
[2026-08-18 03:03:02]    ✅ 成功抓到 7 筆時段
[2026-08-18 03:03:04] [1302/5921] 高鐵彰化站 (Attraction_376470000A_000396)
[2026-08-18 03:03:13]    ❌ 三種策略皆失敗
[2026-08-18 03:03:15] [1303/5921] 清水岩生態展示中心 (Attraction_376470000A_000397)
[2026-08-18 03:03:19]    ✅ 成功抓到 7 筆時段
[2026-08-18 03:03:21] [1304/5921] 卡里善之樹 (Attraction_376470000A_000398)
[2026-08-18 03:03:24]    ✅ 成功抓到 7 筆時段
[2026-08-18 03:03:26] [1305/5921] 白沙坑文德宮 (Attraction_376470000A_000399)
[2026-08-18 03:03:29]    ✅ 成功抓到 7 筆時段
[2026-08-18 03:03:31] [1306/5921] 樂活襪之鄉博物館 (Attraction_376470000A_000400)
[2026-08-18 03:03:35]    ✅ 成功抓到 7 筆時段
[2026-08-18 03:03:37] [1307/5921] 卷木森活館 (Attraction_376470000A_000401)
[2026-08-18 03:03:40]    ✅ 成功抓到 7 筆時段
[2026-08-18 03:03:42] [1308/5921] 台灣手套博物館 (Attraction_376470000A_000404)
[2026-08-18 03:03:45]    ✅ 成功抓到 7 筆時段
[2026-08-18 03:03:47] [1309/5921] 水銡利廚衛生活村 (Attraction_376470000A_000405)
[2026-08-18 03:03:51]    ✅ 成功抓到 7 筆時段
[2026-08-18 03:03:53] [1310/5921] 福井鐵道文物館 (Attraction_376470000A_000406)
[2026-08-18 03:03:58]    (透過策略2成功)
[2026-08-18 03:03:58]    ✅ 成功抓到 7 筆時段
[2026-08-18 03:03:58]    💾 存檔！已處理 1310/5921 | 成功 915 | 失敗 395
[2026-08-18 03:03:58]       資料庫共 1477 筆，其中 1058 筆有營業時間
[2026-08-18 03:03:58]       速度 8.2 筆/分鐘 | 預估剩餘 562 分鐘
[2026-08-18 03:04:00] [1311/5921] 興麥蛋捲烘焙王國觀光工廠 (Attraction_376470000A_000407)
[2026-08-18 03:04:04]    ✅ 成功抓到 7 筆時段
[2026-08-18 03:04:06] [1312/5921] 台灣工藝之家-田中窯創藝園區 (Attraction_376470000A_000408)
[2026-08-18 03:04:10]    ❌ 三種策略皆失敗
[2026-08-18 03:04:12] [1313/5921] 埔鹽順澤宮 (Attraction_376470000A_000409)
[2026-08-18 03:04:16]    ✅ 成功抓到 7 筆時段
[2026-08-18 03:04:18] [1314/5921] 成美文化園 (Attraction_376470000A_000412)
[2026-08-18 03:04:21]    ✅ 成功抓到 7 筆時段
[2026-08-18 03:04:23] [1315/5921] 台語文創意園區 (Attraction_376470000A_000413)
[2026-08-18 03:04:29]    (透過策略2成功)
[2026-08-18 03:04:29]    ✅ 成功抓到 7 筆時段
[2026-08-18 03:04:31] [1316/5921] 桂園自然生態農場 (Attraction_376470000A_000414)
[2026-08-18 03:04:34]    ✅ 成功抓到 7 筆時段
[2026-08-18 03:04:36] [1317/5921] 彰化縣自然生態教育中心 (白色海豚屋) (Attraction_376470000A_000415)
[2026-08-18 03:04:40]    ✅ 成功抓到 7 筆時段
[2026-08-18 03:04:42] [1318/5921] 台灣工藝之家-施自和藝術工作坊 (Attraction_376470000A_000420)
[2026-08-18 03:04:46]    ❌ 三種策略皆失敗
[2026-08-18 03:04:48] [1319/5921] 彰化基督教醫院院史發展館 (Attraction_376470000A_000421)
[2026-08-18 03:04:51]    ✅ 成功抓到 7 筆時段
[2026-08-18 03:04:53] [1320/5921] 南郭郡守官舍 (Attraction_376470000A_000422)
[2026-08-18 03:04:58]    ❌ 三種策略皆失敗
[2026-08-18 03:04:58]    💾 存檔！已處理 1320/5921 | 成功 922 | 失敗 398
[2026-08-18 03:04:58]       資料庫共 1487 筆，其中 1065 筆有營業時間
[2026-08-18 03:04:58]       速度 8.2 筆/分鐘 | 預估剩餘 560 分鐘
[2026-08-18 03:05:00] [1321/5921] 賴和紀念館 (Attraction_376470000A_000423)
[2026-08-18 03:05:29]    ✅ 成功抓到 7 筆時段
[2026-08-18 03:05:31] [1322/5921] 台西村影像館 (Attraction_376470000A_000424)
[2026-08-18 03:05:36]    ❌ 三種策略皆失敗
[2026-08-18 03:05:38] [1323/5921] 二林蔗農事件紀念館 (Attraction_376470000A_000425)
[2026-08-18 03:05:41]    ✅ 成功抓到 7 筆時段
[2026-08-18 03:05:43] [1324/5921] 卦山村 -美學生活聚落 (Attraction_376470000A_000426)
[2026-08-18 03:05:52]    ✅ 成功抓到 7 筆時段
[2026-08-18 03:05:54] [1325/5921] 台灣工藝之家-黃紗榮木雕坊 (Attraction_376470000A_000427)
[2026-08-18 03:05:57]    ✅ 成功抓到 7 筆時段
[2026-08-18 03:05:59] [1326/5921] 台灣工藝之家-巧昕立體繡 (Attraction_376470000A_000428)
[2026-08-18 03:06:30]    (透過策略2成功)
[2026-08-18 03:06:30]    ✅ 成功抓到 7 筆時段
[2026-08-18 03:06:32] [1327/5921] 台灣工藝之家-施金福工作坊 (Attraction_376470000A_000429)
[2026-08-18 03:06:36]    ❌ 三種策略皆失敗
[2026-08-18 03:06:38] [1328/5921] 台灣工藝之家-黃媽慶木雕工作室 (Attraction_376470000A_000430)
[2026-08-18 03:06:42]    ✅ 成功抓到 7 筆時段
[2026-08-18 03:06:44] [1329/5921] 台灣工藝之家-柯錦中(聖興西佛國) (Attraction_376470000A_000431)
[2026-08-18 03:06:47]    ✅ 成功抓到 7 筆時段
[2026-08-18 03:06:49] [1330/5921] 台灣工藝之家-陶園工作坊 (Attraction_376470000A_000433)
[2026-08-18 03:06:53]    ❌ 三種策略皆失敗
[2026-08-18 03:06:53]    💾 存檔！已處理 1330/5921 | 成功 929 | 失敗 401
[2026-08-18 03:06:53]       資料庫共 1497 筆，其中 1072 筆有營業時間
[2026-08-18 03:06:53]       速度 8.2 筆/分鐘 | 預估剩餘 561 分鐘
[2026-08-18 03:06:55] [1331/5921] 台灣工藝之家-精瓶美工藝創作工坊 (Attraction_376470000A_000434)
[2026-08-18 03:07:05]    ❌ 三種策略皆失敗
[2026-08-18 03:07:07] [1332/5921] 芳苑海牛採蚵生態旅遊 (Attraction_376470000A_000438)
[2026-08-18 03:07:12]    ❌ 三種策略皆失敗
[2026-08-18 03:07:14] [1333/5921] 和興青創基地 (Attraction_376470000A_000439)
[2026-08-18 03:07:17]    ✅ 成功抓到 7 筆時段
[2026-08-18 03:07:19] [1334/5921] 源泉文具行-源泉故事屋 (Attraction_376470000A_000440)
[2026-08-18 03:07:23]    ✅ 成功抓到 7 筆時段
[2026-08-18 03:07:25] [1335/5921] 琉璃仙境 (Attraction_376470000A_000449)
[2026-08-18 03:07:30]    ❌ 三種策略皆失敗
[2026-08-18 03:07:32] [1336/5921] 芳苑海空步道 (Attraction_376470000A_000450)
[2026-08-18 03:07:37]    (透過策略2成功)
[2026-08-18 03:07:37]    ✅ 成功抓到 7 筆時段
[2026-08-18 03:07:39] [1337/5921] 廣源良體驗工廠 (Attraction_376470000A_000453)
[2026-08-18 03:07:43]    ✅ 成功抓到 7 筆時段
[2026-08-18 03:07:45] [1338/5921] 九龍大榕公 (Attraction_376470000A_000454)
[2026-08-18 03:07:48]    ✅ 成功抓到 7 筆時段
[2026-08-18 03:07:50] [1339/5921] 吳肇勳書法館 (Attraction_376470000A_000455)
[2026-08-18 03:07:53]    ✅ 成功抓到 7 筆時段
[2026-08-18 03:07:55] [1340/5921] 鹿港古井 (Attraction_376470000A_000515)
[2026-08-18 03:07:59]    ✅ 成功抓到 7 筆時段
[2026-08-18 03:07:59]    💾 存檔！已處理 1340/5921 | 成功 936 | 失敗 404
[2026-08-18 03:07:59]       資料庫共 1507 筆，其中 1079 筆有營業時間
[2026-08-18 03:07:59]       速度 8.2 筆/分鐘 | 預估剩餘 560 分鐘
[2026-08-18 03:08:01] [1341/5921] 陳忠露雞毛撢子 (Attraction_376470000A_000519)
[2026-08-18 03:08:30]    ❌ 三種策略皆失敗
[2026-08-18 03:08:32] [1342/5921] 小西特色街巷 (Attraction_376470000A_000520)
[2026-08-18 03:09:04]    ❌ 三種策略皆失敗
[2026-08-18 03:09:06] [1343/5921] 彰化車站│順著鐵軌 覓歷史 (Attraction_376470000A_000521)
[2026-08-18 03:09:37]    ❌ 三種策略皆失敗
[2026-08-18 03:09:39] [1344/5921] 林家手工麵線(阿義手工麵線) (Attraction_376470000A_000522)
[2026-08-18 03:09:46]    ❌ 三種策略皆失敗
[2026-08-18 03:09:48] [1345/5921] 花壇車站│地方列車 產業旅 (Attraction_376470000A_000523)
[2026-08-18 03:10:47]    ❌ 三種策略皆失敗
[2026-08-18 03:10:49] [1346/5921] 大村車站│田園穿梭 輕旅行 (Attraction_376470000A_000524)
[2026-08-18 03:10:53]    ❌ 三種策略皆失敗
[2026-08-18 03:10:55] [1347/5921] 員林車站│單車環市 樂活騎 (Attraction_376470000A_000525)
[2026-08-18 03:11:30]    ❌ 三種策略皆失敗
[2026-08-18 03:11:32] [1348/5921] 永靖車站 │新舊交織 遊趣間 (Attraction_376470000A_000526)
[2026-08-18 03:11:37]    ❌ 三種策略皆失敗
[2026-08-18 03:11:39] [1349/5921] 社頭車站 │產業交織 新脈絡 (Attraction_376470000A_000527)
[2026-08-18 03:12:14]    ❌ 三種策略皆失敗
[2026-08-18 03:12:16] [1350/5921] 二水車站 │山腳追風 尋稻海 (Attraction_376470000A_000528)
[2026-08-18 03:12:47]    ❌ 三種策略皆失敗
[2026-08-18 03:12:47]    💾 存檔！已處理 1350/5921 | 成功 936 | 失敗 414
[2026-08-18 03:12:47]       資料庫共 1517 筆，其中 1079 筆有營業時間
[2026-08-18 03:12:47]       速度 8.0 筆/分鐘 | 預估剩餘 571 分鐘
[2026-08-18 03:12:49] [1351/5921] 鹿港車站 (Attraction_376470000A_000529)
[2026-08-18 03:12:53]    ✅ 成功抓到 7 筆時段
[2026-08-18 03:12:55] [1352/5921] 源泉車站 (Attraction_376470000A_000530)
[2026-08-18 03:12:59]    ❌ 三種策略皆失敗
[2026-08-18 03:13:01] [1353/5921] 三義泉和德醬油 (Attraction_376470000A_000533)
[2026-08-18 03:13:06]    ❌ 三種策略皆失敗
[2026-08-18 03:13:08] [1354/5921] 彰化鐵路醫院(原高賓閣) (Attraction_376470000A_000534)
[2026-08-18 03:13:11]    ✅ 成功抓到 7 筆時段
[2026-08-18 03:13:13] [1355/5921] 廣善園藝-神秘果的家 (Attraction_376470000A_000535)
[2026-08-18 03:13:16]    ✅ 成功抓到 7 筆時段
[2026-08-18 03:13:18] [1356/5921] 綠果庭院 (Attraction_376470000A_000536)
[2026-08-18 03:13:25]    ❌ 三種策略皆失敗
[2026-08-18 03:13:27] [1357/5921] 虎山巖金針花 (Attraction_376470000A_000538)
[2026-08-18 03:13:30]    ✅ 成功抓到 7 筆時段
[2026-08-18 03:13:32] [1358/5921] 蜀葵花海 (Attraction_376470000A_000539)
[2026-08-18 03:13:37]    ❌ 三種策略皆失敗
[2026-08-18 03:13:39] [1359/5921] 二水花旗木 (Attraction_376470000A_000540)
[2026-08-18 03:13:43]    ❌ 三種策略皆失敗
[2026-08-18 03:13:45] [1360/5921] 洪易美術館 (Attraction_376470000A_000541)
[2026-08-18 03:13:50]    ❌ 三種策略皆失敗
[2026-08-18 03:13:50]    💾 存檔！已處理 1360/5921 | 成功 940 | 失敗 420
[2026-08-18 03:13:50]       資料庫共 1527 筆，其中 1083 筆有營業時間
[2026-08-18 03:13:50]       速度 8.0 筆/分鐘 | 預估剩餘 569 分鐘
[2026-08-18 03:13:52] [1361/5921] 鹿港溪 (Attraction_376470000A_000542)
[2026-08-18 03:14:01]    ❌ 三種策略皆失敗
[2026-08-18 03:14:03] [1362/5921] 彰化鳳凰花季 (Attraction_376470000A_000543)
[2026-08-18 03:14:08]    ❌ 三種策略皆失敗
[2026-08-18 03:14:10] [1363/5921] 阿勃勒花道 (Attraction_376470000A_000544)
[2026-08-18 03:14:14]    ❌ 三種策略皆失敗
[2026-08-18 03:14:16] [1364/5921] 漢寶濕地 (Attraction_376470000A_000545)
[2026-08-18 03:14:21]    ❌ 三種策略皆失敗
[2026-08-18 03:14:23] [1365/5921] 禾家牧場 (Attraction_376470000A_000546)
[2026-08-18 03:14:27]    ❌ 三種策略皆失敗
[2026-08-18 03:14:29] [1366/5921] 泳霖牧場 (Attraction_376470000A_000547)
[2026-08-18 03:14:34]    ❌ 三種策略皆失敗
[2026-08-18 03:14:36] [1367/5921] 彰化中興莊 (Attraction_376470000A_000548)
[2026-08-18 03:14:39]    ✅ 成功抓到 7 筆時段
[2026-08-18 03:14:41] [1368/5921] 慈恩休閒農場 (Attraction_376470000A_000549)
[2026-08-18 03:15:14]    ✅ 成功抓到 7 筆時段
[2026-08-18 03:15:16] [1369/5921] 彰化縣全民國防教育景點 (Attraction_376470000A_000550)
[2026-08-18 03:15:20]    ❌ 三種策略皆失敗
[2026-08-18 03:15:22] [1370/5921] 美人樹 (Attraction_376470000A_000553)
[2026-08-18 03:15:28]    策略1失敗，嘗試下一個...
[2026-08-18 03:15:31]    ❌ 三種策略皆失敗
[2026-08-18 03:15:31]    💾 存檔！已處理 1370/5921 | 成功 942 | 失敗 428
[2026-08-18 03:15:31]       資料庫共 1537 筆，其中 1085 筆有營業時間
[2026-08-18 03:15:31]       速度 8.0 筆/分鐘 | 預估剩餘 569 分鐘
[2026-08-18 03:15:33] [1371/5921] 台灣欒樹綠色隧道 (Attraction_376470000A_000555)
[2026-08-18 03:15:36]    ✅ 成功抓到 7 筆時段
[2026-08-18 03:15:38] [1372/5921] 彰化木棉花季 (Attraction_376470000A_000556)
[2026-08-18 03:15:49]    (透過策略2成功)
[2026-08-18 03:15:49]    ✅ 成功抓到 7 筆時段
[2026-08-18 03:15:51] [1373/5921] 彰化苦楝花季 (Attraction_376470000A_000557)
[2026-08-18 03:16:43]    ❌ 三種策略皆失敗
[2026-08-18 03:16:45] [1374/5921] 社頭杜鵑花大道 (Attraction_376470000A_000558)
[2026-08-18 03:16:49]    ✅ 成功抓到 7 筆時段
[2026-08-18 03:16:51] [1375/5921] 八卦山自然生態園區 (Attraction_376470000A_000559)
[2026-08-18 03:16:54]    ✅ 成功抓到 7 筆時段
[2026-08-18 03:16:56] [1376/5921] 忠權3D彩繪社區 (Attraction_376470000A_000560)
[2026-08-18 03:17:01]    ❌ 三種策略皆失敗
[2026-08-18 03:17:03] [1377/5921] 隆盛木化石博物館 (Attraction_376470000A_000561)
[2026-08-18 03:17:06]    ✅ 成功抓到 7 筆時段
[2026-08-18 03:17:08] [1378/5921] 冰粽發明館 (Attraction_376470000A_000562)
[2026-08-18 03:17:11]    ✅ 成功抓到 7 筆時段
[2026-08-18 03:17:13] [1379/5921] 八卦山天空遊戲場 (Attraction_376470000A_000563)
[2026-08-18 03:17:18]    ❌ 三種策略皆失敗
[2026-08-18 03:17:20] [1380/5921] 福寶乳牛彩繪村 (Attraction_376470000A_000624)
[2026-08-18 03:17:23]    ✅ 成功抓到 7 筆時段
[2026-08-18 03:17:23]    💾 存檔！已處理 1380/5921 | 成功 949 | 失敗 431
[2026-08-18 03:17:23]       資料庫共 1547 筆，其中 1092 筆有營業時間
[2026-08-18 03:17:23]       速度 8.0 筆/分鐘 | 預估剩餘 570 分鐘
[2026-08-18 03:17:25] [1381/5921] 蛤蜊兵營 (Attraction_376470000A_000625)
[2026-08-18 03:17:29]    ✅ 成功抓到 7 筆時段
[2026-08-18 03:17:31] [1382/5921] 龍騰公園 (Attraction_376470000A_000626)
[2026-08-18 03:17:34]    ✅ 成功抓到 7 筆時段
[2026-08-18 03:17:36] [1383/5921] 永安製鼓工藝社 (Attraction_376470000A_000637)
[2026-08-18 03:17:43]    ❌ 三種策略皆失敗
[2026-08-18 03:17:45] [1384/5921] 今夜星辰休閒農場 (Attraction_376470000A_000639)
[2026-08-18 03:18:23]    (透過策略2成功)
[2026-08-18 03:18:23]    ✅ 成功抓到 7 筆時段
[2026-08-18 03:18:25] [1385/5921] 平和社區雙心池塘 (Attraction_376470000A_000640)
[2026-08-18 03:18:35]    (透過策略2成功)
[2026-08-18 03:18:35]    ✅ 成功抓到 7 筆時段
[2026-08-18 03:18:37] [1386/5921] 瑞龍瀑布園區 (Attraction_376480000A_000379)
[2026-08-18 03:18:46]    ✅ 成功抓到 7 筆時段
[2026-08-18 03:18:48] [1387/5921] 雲林布袋戲館(開放日期請見粉絲專頁) (Attraction_376490000A_000001)
[2026-08-18 03:19:16]    ✅ 成功抓到 7 筆時段
[2026-08-18 03:19:18] [1388/5921] 北港朝天宮 (Attraction_376490000A_000002)
[2026-08-18 03:19:22]    ✅ 成功抓到 7 筆時段
[2026-08-18 03:19:24] [1389/5921] 成龍濕地 (Attraction_376490000A_000003)
[2026-08-18 03:19:29]    ❌ 三種策略皆失敗
[2026-08-18 03:19:31] [1390/5921] 褒忠鄉馬鳴山鎮安宮 (Attraction_376490000A_000004)
[2026-08-18 03:20:03]    ✅ 成功抓到 7 筆時段
[2026-08-18 03:20:03]    💾 存檔！已處理 1390/5921 | 成功 957 | 失敗 433
[2026-08-18 03:20:03]       資料庫共 1557 筆，其中 1100 筆有營業時間
[2026-08-18 03:20:03]       速度 7.9 筆/分鐘 | 預估剩餘 573 分鐘
[2026-08-18 03:20:05] [1391/5921] 偶的家-戲偶文創園區 (Attraction_376490000A_000005)
[2026-08-18 03:20:09]    ✅ 成功抓到 7 筆時段
[2026-08-18 03:20:11] [1392/5921] 太平老街 (Attraction_376490000A_000006)
[2026-08-18 03:20:16]    (透過策略2成功)
[2026-08-18 03:20:16]    ✅ 成功抓到 7 筆時段
[2026-08-18 03:20:18] [1393/5921] 行啟記念館 (Attraction_376490000A_000007)
[2026-08-18 03:20:23]    ❌ 三種策略皆失敗
[2026-08-18 03:20:25] [1394/5921] 北港水道頭文化園區 (Attraction_376490000A_000008)
[2026-08-18 03:20:29]    ✅ 成功抓到 7 筆時段
[2026-08-18 03:20:31] [1395/5921] 西螺大橋 (Attraction_376490000A_000009)
[2026-08-18 03:20:41]    ❌ 三種策略皆失敗
[2026-08-18 03:20:43] [1396/5921] 屋頂上的貓 (Attraction_376490000A_000010)
[2026-08-18 03:20:47]    ❌ 三種策略皆失敗
[2026-08-18 03:20:49] [1397/5921] 黃金蝙蝠生態館 (Attraction_376490000A_000011)
[2026-08-18 03:20:53]    ✅ 成功抓到 7 筆時段
[2026-08-18 03:20:55] [1398/5921] 農田水利環境教育園區 (Attraction_376490000A_000012)
[2026-08-18 03:20:58]    ✅ 成功抓到 7 筆時段
[2026-08-18 03:21:00] [1399/5921] 六輕阿媽公園 (Attraction_376490000A_000013)
[2026-08-18 03:21:04]    ✅ 成功抓到 7 筆時段
[2026-08-18 03:21:06] [1400/5921] 雲中街文創聚落 (Attraction_376490000A_000014)
[2026-08-18 03:21:15]    ❌ 三種策略皆失敗
[2026-08-18 03:21:15]    💾 存檔！已處理 1400/5921 | 成功 963 | 失敗 437
[2026-08-18 03:21:15]       資料庫共 1567 筆，其中 1106 筆有營業時間
[2026-08-18 03:21:15]       速度 7.9 筆/分鐘 | 預估剩餘 572 分鐘
[2026-08-18 03:21:17] [1401/5921] 古坑綠色隧道 (Attraction_376490000A_000015)
[2026-08-18 03:21:26]    ✅ 成功抓到 7 筆時段
[2026-08-18 03:21:28] [1402/5921] 福祿壽觀光酒廠 (Attraction_376490000A_000016)
[2026-08-18 03:21:31]    ✅ 成功抓到 7 筆時段
[2026-08-18 03:21:33] [1403/5921] 古坑情人橋 (Attraction_376490000A_000017)
[2026-08-18 03:21:44]    (透過策略2成功)
[2026-08-18 03:21:44]    ✅ 成功抓到 7 筆時段
[2026-08-18 03:21:46] [1404/5921] 蜜蜂故事館 (Attraction_376490000A_000018)
[2026-08-18 03:21:49]    ✅ 成功抓到 7 筆時段
[2026-08-18 03:21:51] [1405/5921] 丸莊醬油觀光工廠 (Attraction_376490000A_000019)
[2026-08-18 03:21:55]    ✅ 成功抓到 7 筆時段
[2026-08-18 03:21:57] [1406/5921] 興隆毛巾觀光工廠 (Attraction_376490000A_000020)
[2026-08-18 03:22:00]    ✅ 成功抓到 7 筆時段
[2026-08-18 03:22:02] [1407/5921] 虎尾鐵橋 (Attraction_376490000A_000021)
[2026-08-18 03:22:07]    ❌ 三種策略皆失敗
[2026-08-18 03:22:09] [1408/5921] 虎尾驛 (Attraction_376490000A_000022)
[2026-08-18 03:22:12]    ✅ 成功抓到 7 筆時段
[2026-08-18 03:22:14] [1409/5921] 雲林故事館 (Attraction_376490000A_000023)
[2026-08-18 03:22:18]    ✅ 成功抓到 7 筆時段
[2026-08-18 03:22:20] [1410/5921] 合同廳舍 (Attraction_376490000A_000024)
[2026-08-18 03:22:23]    ✅ 成功抓到 7 筆時段
[2026-08-18 03:22:23]    💾 存檔！已處理 1410/5921 | 成功 972 | 失敗 438
[2026-08-18 03:22:23]       資料庫共 1577 筆，其中 1115 筆有營業時間
[2026-08-18 03:22:23]       速度 7.9 筆/分鐘 | 預估剩餘 570 分鐘
[2026-08-18 03:22:25] [1411/5921] 麥寮拱範宮 (Attraction_376490000A_000025)
[2026-08-18 03:22:28]    ✅ 成功抓到 7 筆時段
[2026-08-18 03:22:30] [1412/5921] 荷苞山桐花公園 (Attraction_376490000A_000026)
[2026-08-18 03:22:35]    ❌ 三種策略皆失敗
[2026-08-18 03:22:37] [1413/5921] 北溪好厝米_雲林縣虎尾鎮北溪社區發展協會 (Attraction_376490000A_000027)
[2026-08-18 03:22:45]    ✅ 成功抓到 7 筆時段
[2026-08-18 03:22:47] [1414/5921] 冠弦吉他樂器行 (Attraction_376490000A_000028)
[2026-08-18 03:22:52]    ❌ 三種策略皆失敗
[2026-08-18 03:22:54] [1415/5921] 虎尾厝沙龍 (Attraction_376490000A_000029)
[2026-08-18 03:22:57]    ✅ 成功抓到 7 筆時段
[2026-08-18 03:22:59] [1416/5921] 魔羯魚祈福館 (Attraction_376490000A_000030)
[2026-08-18 03:23:03]    ✅ 成功抓到 7 筆時段
[2026-08-18 03:23:05] [1417/5921] 雅聞峇里海岸觀光工廠 (Attraction_376490000A_000031)
[2026-08-18 03:23:08]    ✅ 成功抓到 7 筆時段
[2026-08-18 03:23:10] [1418/5921] 佛美神仙故事館 (Attraction_376490000A_000032)
[2026-08-18 03:23:13]    ✅ 成功抓到 7 筆時段
[2026-08-18 03:23:15] [1419/5921] 澄霖味道森林館 (Attraction_376490000A_000033)
[2026-08-18 03:23:19]    ✅ 成功抓到 7 筆時段
[2026-08-18 03:23:21] [1420/5921] 台灣鯛生態創意園區 (Attraction_376490000A_000034)
[2026-08-18 03:23:24]    ✅ 成功抓到 7 筆時段
[2026-08-18 03:23:24]    💾 存檔！已處理 1420/5921 | 成功 980 | 失敗 440
[2026-08-18 03:23:24]       資料庫共 1587 筆，其中 1123 筆有營業時間
[2026-08-18 03:23:24]       速度 7.9 筆/分鐘 | 預估剩餘 568 分鐘
[2026-08-18 03:23:26] [1421/5921] 良作工場農業文創館 (Attraction_376490000A_000035)
[2026-08-18 03:23:31]    ❌ 三種策略皆失敗
[2026-08-18 03:23:33] [1422/5921] 北港春生活園區 (Attraction_376490000A_000036)
[2026-08-18 03:23:36]    ✅ 成功抓到 7 筆時段
[2026-08-18 03:23:38] [1423/5921] Gem Shop真金店 (Attraction_376490000A_000037)
[2026-08-18 03:23:44]    ❌ 三種策略皆失敗
[2026-08-18 03:23:46] [1424/5921] 炎卿木偶雕刻社 (Attraction_376490000A_000038)
[2026-08-18 03:23:49]    ✅ 成功抓到 7 筆時段
[2026-08-18 03:23:51] [1425/5921] 北港工藝坊 (Attraction_376490000A_000039)
[2026-08-18 03:23:55]    ✅ 成功抓到 7 筆時段
[2026-08-18 03:23:57] [1426/5921] 北港-武德宮樂咖啡 (Attraction_376490000A_000040)
[2026-08-18 03:24:00]    ✅ 成功抓到 7 筆時段
[2026-08-18 03:24:02] [1427/5921] 蔦松客棧 (Attraction_376490000A_000041)
[2026-08-18 03:24:06]    ✅ 成功抓到 7 筆時段
[2026-08-18 03:24:08] [1428/5921] 幽情谷 (Attraction_376490000A_000042)
[2026-08-18 03:24:18]    (透過策略2成功)
[2026-08-18 03:24:18]    ✅ 成功抓到 7 筆時段
[2026-08-18 03:24:20] [1429/5921] 木馬古道 (Attraction_376490000A_000043)
[2026-08-18 03:24:25]    ❌ 三種策略皆失敗
[2026-08-18 03:24:27] [1430/5921] 北港「甕牆」 (Attraction_376490000A_000044)
[2026-08-18 03:24:30]    ✅ 成功抓到 7 筆時段
[2026-08-18 03:24:30]    💾 存檔！已處理 1430/5921 | 成功 987 | 失敗 443
[2026-08-18 03:24:30]       資料庫共 1597 筆，其中 1130 筆有營業時間
[2026-08-18 03:24:30]       速度 7.9 筆/分鐘 | 預估剩餘 566 分鐘
[2026-08-18 03:24:32] [1431/5921] 李萬居故居(李萬居精神啟蒙館) (Attraction_376490000A_000045)
[2026-08-18 03:24:35]    ✅ 成功抓到 7 筆時段
[2026-08-18 03:24:37] [1432/5921] 奇香老沉(香茶藝術) (Attraction_376490000A_000046)
[2026-08-18 03:24:41]    ✅ 成功抓到 7 筆時段
[2026-08-18 03:24:43] [1433/5921] 持法媽祖宮 (Attraction_376490000A_000047)
[2026-08-18 03:24:46]    ✅ 成功抓到 7 筆時段
[2026-08-18 03:24:48] [1434/5921] 北港故事館 (Attraction_376490000A_000048)
[2026-08-18 03:24:52]    ✅ 成功抓到 7 筆時段
[2026-08-18 03:24:54] [1435/5921] 北港牛墟 (Attraction_376490000A_000049)
[2026-08-18 03:24:57]    ✅ 成功抓到 7 筆時段
[2026-08-18 03:24:59] [1436/5921] 青山坪咖啡農場 (Attraction_376490000A_000050)
[2026-08-18 03:25:02]    ✅ 成功抓到 7 筆時段
[2026-08-18 03:25:04] [1437/5921] 大同醬油黑金釀造館 (Attraction_376490000A_000051)
[2026-08-18 03:25:08]    ✅ 成功抓到 7 筆時段
[2026-08-18 03:25:10] [1438/5921] 二崙新虎溪 (Attraction_376490000A_000052)
[2026-08-18 03:25:25]    ❌ 三種策略皆失敗
[2026-08-18 03:25:27] [1439/5921] 二崙濁水夕照 (Attraction_376490000A_000053)
[2026-08-18 03:25:33]    (透過策略2成功)
[2026-08-18 03:25:33]    ✅ 成功抓到 7 筆時段
[2026-08-18 03:25:35] [1440/5921] 二崙運動公園 (Attraction_376490000A_000054)
[2026-08-18 03:25:38]    ✅ 成功抓到 7 筆時段
[2026-08-18 03:25:38]    💾 存檔！已處理 1440/5921 | 成功 996 | 失敗 444
[2026-08-18 03:25:38]       資料庫共 1607 筆，其中 1139 筆有營業時間
[2026-08-18 03:25:38]       速度 7.9 筆/分鐘 | 預估剩餘 564 分鐘
[2026-08-18 03:25:40] [1441/5921] 孩沙里社區 (Attraction_376490000A_000055)
[2026-08-18 03:25:48]    ❌ 三種策略皆失敗
[2026-08-18 03:25:50] [1442/5921] 鄭豐喜紀念圖書館 (Attraction_376490000A_000056)
[2026-08-18 03:25:53]    ✅ 成功抓到 7 筆時段
[2026-08-18 03:25:55] [1443/5921] 湖口溼地 (Attraction_376490000A_000057)
[2026-08-18 03:25:58]    ✅ 成功抓到 7 筆時段
[2026-08-18 03:26:00] [1444/5921] 四湖三條崙海清宮包公祖廟 (Attraction_376490000A_000058)
[2026-08-18 03:26:04]    ✅ 成功抓到 7 筆時段
[2026-08-18 03:26:06] [1445/5921] 糖業文物館 (Attraction_376490000A_000059)
[2026-08-18 03:26:10]    ❌ 三種策略皆失敗
[2026-08-18 03:26:12] [1446/5921] 塭底賞鳥區 (Attraction_376490000A_000060)
[2026-08-18 03:26:21]    ✅ 成功抓到 7 筆時段
[2026-08-18 03:26:23] [1447/5921] 水林鄉蕃薯厝順天宮 (Attraction_376490000A_000061)
[2026-08-18 03:26:26]    ✅ 成功抓到 7 筆時段
[2026-08-18 03:26:28] [1448/5921] 七角井 (Attraction_376490000A_000062)
[2026-08-18 03:26:31]    ✅ 成功抓到 7 筆時段
[2026-08-18 03:26:33] [1449/5921] 綠色一線天自行車道 (Attraction_376490000A_000063)
[2026-08-18 03:26:38]    ❌ 三種策略皆失敗
[2026-08-18 03:26:40] [1450/5921] 北港武德宮 (Attraction_376490000A_000064)
[2026-08-18 03:26:43]    ✅ 成功抓到 7 筆時段
[2026-08-18 03:26:43]    💾 存檔！已處理 1450/5921 | 成功 1003 | 失敗 447
[2026-08-18 03:26:43]       資料庫共 1617 筆，其中 1146 筆有營業時間
[2026-08-18 03:26:43]       速度 7.9 筆/分鐘 | 預估剩餘 563 分鐘
[2026-08-18 03:26:45] [1451/5921] 雲科生態休閒農場 (Attraction_376490000A_000065)
[2026-08-18 03:26:49]    ✅ 成功抓到 7 筆時段
[2026-08-18 03:26:51] [1452/5921] 湖山岩大佛寺／佛教藝術園區 (Attraction_376490000A_000066)
[2026-08-18 03:26:54]    ✅ 成功抓到 7 筆時段
[2026-08-18 03:26:56] [1453/5921] 日興被帳行 (Attraction_376490000A_000067)
[2026-08-18 03:26:59]    ✅ 成功抓到 7 筆時段
[2026-08-18 03:27:01] [1454/5921] 斗六棒球場 (Attraction_376490000A_000068)
[2026-08-18 03:27:05]    ✅ 成功抓到 7 筆時段
[2026-08-18 03:27:07] [1455/5921] 張廖宗祠（崇遠堂） (Attraction_376490000A_000069)
[2026-08-18 03:27:14]    ❌ 三種策略皆失敗
[2026-08-18 03:27:16] [1456/5921] 西螺振興宮 (Attraction_376490000A_000070)
[2026-08-18 03:27:20]    ❌ 三種策略皆失敗
[2026-08-18 03:27:22] [1457/5921] 圓明禪寺 (Attraction_376490000A_000071)
[2026-08-18 03:27:27]    ❌ 三種策略皆失敗
[2026-08-18 03:27:29] [1458/5921] 林內天聖宮 (Attraction_376490000A_000072)
[2026-08-18 03:27:32]    ✅ 成功抓到 7 筆時段
[2026-08-18 03:27:34] [1459/5921] 林內公園 (Attraction_376490000A_000073)
[2026-08-18 03:27:37]    ✅ 成功抓到 7 筆時段
[2026-08-18 03:27:39] [1460/5921] 白馬山菩提講堂 (Attraction_376490000A_000074)
[2026-08-18 03:27:43]    ✅ 成功抓到 7 筆時段
[2026-08-18 03:27:43]    💾 存檔！已處理 1460/5921 | 成功 1010 | 失敗 450
[2026-08-18 03:27:43]       資料庫共 1627 筆，其中 1153 筆有營業時間
[2026-08-18 03:27:43]       速度 8.0 筆/分鐘 | 預估剩餘 561 分鐘
[2026-08-18 03:27:45] [1461/5921] 石敢當 (Attraction_376490000A_000075)
[2026-08-18 03:27:49]    ❌ 三種策略皆失敗
[2026-08-18 03:27:51] [1462/5921] 孩沙里福天宮 (Attraction_376490000A_000076)
[2026-08-18 03:27:54]    ✅ 成功抓到 7 筆時段
[2026-08-18 03:27:56] [1463/5921] 樹仔腳天主堂 (Attraction_376490000A_000077)
[2026-08-18 03:28:01]    ❌ 三種策略皆失敗
[2026-08-18 03:28:03] [1464/5921] 麥寮風力發電站 (Attraction_376490000A_000078)
[2026-08-18 03:28:06]    ✅ 成功抓到 7 筆時段
[2026-08-18 03:28:08] [1465/5921] 蕃薯窯文化創意園區 (Attraction_376490000A_000079)
[2026-08-18 03:28:13]    ❌ 三種策略皆失敗
[2026-08-18 03:28:15] [1466/5921] 同心家園 (Attraction_376490000A_000080)
[2026-08-18 03:28:31]    (透過策略2成功)
[2026-08-18 03:28:31]    ✅ 成功抓到 7 筆時段
[2026-08-18 03:28:33] [1467/5921] 坪頂觀光茶園(茶葉推廣中心) (Attraction_376490000A_000081)
[2026-08-18 03:28:40]    ❌ 三種策略皆失敗
[2026-08-18 03:28:42] [1468/5921] 湖本生態村 (Attraction_376490000A_000082)
[2026-08-18 03:29:05]    ❌ 三種策略皆失敗
[2026-08-18 03:29:07] [1469/5921] 西螺廣福宮 (Attraction_376490000A_000083)
[2026-08-18 03:29:11]    ✅ 成功抓到 7 筆時段
[2026-08-18 03:29:13] [1470/5921] 西螺福興宮 (Attraction_376490000A_000084)
[2026-08-18 03:29:16]    ✅ 成功抓到 7 筆時段
[2026-08-18 03:29:16]    💾 存檔！已處理 1470/5921 | 成功 1015 | 失敗 455
[2026-08-18 03:29:16]       資料庫共 1637 筆，其中 1158 筆有營業時間
[2026-08-18 03:29:16]       速度 7.9 筆/分鐘 | 預估剩餘 560 分鐘
[2026-08-18 03:29:19] [1471/5921] 振文書院(文祠廟) (Attraction_376490000A_000085)
[2026-08-18 03:29:25]    ❌ 三種策略皆失敗
[2026-08-18 03:29:27] [1472/5921] 西螺戲院 (Attraction_376490000A_000086)
[2026-08-18 03:29:32]    ❌ 三種策略皆失敗
[2026-08-18 03:29:34] [1473/5921] 七崁雕塑公園 (Attraction_376490000A_000087)
[2026-08-18 03:29:37]    ✅ 成功抓到 7 筆時段
[2026-08-18 03:29:39] [1474/5921] 三條崙漁港 (Attraction_376490000A_000088)
[2026-08-18 03:29:44]    ❌ 三種策略皆失敗
[2026-08-18 03:29:46] [1475/5921] 台西海螺 (Attraction_376490000A_000089)
[2026-08-18 03:29:49]    ✅ 成功抓到 7 筆時段
[2026-08-18 03:29:51] [1476/5921] 台西漁港 (Attraction_376490000A_000090)
[2026-08-18 03:30:06]    ❌ 三種策略皆失敗
[2026-08-18 03:30:08] [1477/5921] 石壁生態休憩區 (Attraction_376490000A_000091)
[2026-08-18 03:30:14]    (透過策略2成功)
[2026-08-18 03:30:14]    ✅ 成功抓到 7 筆時段
[2026-08-18 03:30:16] [1478/5921] 劍湖慈光寺 (Attraction_376490000A_000092)
[2026-08-18 03:30:19]    ✅ 成功抓到 7 筆時段
[2026-08-18 03:30:21] [1479/5921] 荷苞山咖啡園區 (Attraction_376490000A_000093)
[2026-08-18 03:30:26]    ❌ 三種策略皆失敗
[2026-08-18 03:30:28] [1480/5921] 華山步道群 (Attraction_376490000A_000094)
[2026-08-18 03:30:33]    ❌ 三種策略皆失敗
[2026-08-18 03:30:33]    💾 存檔！已處理 1480/5921 | 成功 1019 | 失敗 461
[2026-08-18 03:30:33]       資料庫共 1647 筆，其中 1162 筆有營業時間
[2026-08-18 03:30:33]       速度 7.9 筆/分鐘 | 預估剩餘 559 分鐘
[2026-08-18 03:30:35] [1481/5921] 華山休閒農業區 (Attraction_376490000A_000095)
[2026-08-18 03:30:39]    ❌ 三種策略皆失敗
[2026-08-18 03:30:41] [1482/5921] 荷苞山地母廟 (Attraction_376490000A_000096)
[2026-08-18 03:30:44]    ✅ 成功抓到 7 筆時段
[2026-08-18 03:30:46] [1483/5921] 北港義民廟 (Attraction_376490000A_000097)
[2026-08-18 03:30:50]    ✅ 成功抓到 7 筆時段
[2026-08-18 03:30:52] [1484/5921] 北港觀光大橋 (Attraction_376490000A_000098)
[2026-08-18 03:30:55]    ✅ 成功抓到 7 筆時段
[2026-08-18 03:30:57] [1485/5921] 振興戲院 (Attraction_376490000A_000099)
[2026-08-18 03:31:31]    ✅ 成功抓到 7 筆時段
[2026-08-18 03:31:33] [1486/5921] 斗南順安宮 (Attraction_376490000A_000100)
[2026-08-18 03:31:37]    ✅ 成功抓到 7 筆時段
[2026-08-18 03:31:39] [1487/5921] 斗南車站 (Attraction_376490000A_000101)
[2026-08-18 03:32:23]    ❌ 三種策略皆失敗
[2026-08-18 03:32:25] [1488/5921] 斗六車站 (Attraction_376490000A_000102)
[2026-08-18 03:33:01]    ❌ 三種策略皆失敗
[2026-08-18 03:33:03] [1489/5921] 斗六圓環 (Attraction_376490000A_000103)
[2026-08-18 03:33:06]    ✅ 成功抓到 7 筆時段
[2026-08-18 03:33:08] [1490/5921] 大埤酸菜文化館 (Attraction_376490000A_000104)
[2026-08-18 03:33:11]    ✅ 成功抓到 7 筆時段
[2026-08-18 03:33:11]    💾 存檔！已處理 1490/5921 | 成功 1026 | 失敗 464
[2026-08-18 03:33:11]       資料庫共 1657 筆，其中 1169 筆有營業時間
[2026-08-18 03:33:11]       速度 7.9 筆/分鐘 | 預估剩餘 562 分鐘
[2026-08-18 03:33:13] [1491/5921] 大埤三山國王廟 (Attraction_376490000A_000105)
[2026-08-18 03:33:17]    ✅ 成功抓到 7 筆時段
[2026-08-18 03:33:19] [1492/5921] 口湖下寮萬善同歸塚 (Attraction_376490000A_000106)
[2026-08-18 03:33:23]    ❌ 三種策略皆失敗
[2026-08-18 03:33:25] [1493/5921] 日落蚵田 (Attraction_376490000A_000107)
[2026-08-18 03:33:34]    ✅ 成功抓到 7 筆時段
[2026-08-18 03:33:36] [1494/5921] 馬蹄蛤主題館 (Attraction_376490000A_000108)
[2026-08-18 03:33:39]    ✅ 成功抓到 7 筆時段
[2026-08-18 03:33:41] [1495/5921] 雲嶺之丘 (Attraction_376490000A_000109)
[2026-08-18 03:33:45]    ✅ 成功抓到 7 筆時段
[2026-08-18 03:33:47] [1496/5921] 椬梧滯洪池 (Attraction_376490000A_000110)
[2026-08-18 03:34:21]    ❌ 三種策略皆失敗
[2026-08-18 03:34:23] [1497/5921] 二崙故事屋 (Attraction_376490000A_000111)
[2026-08-18 03:34:26]    ✅ 成功抓到 7 筆時段
[2026-08-18 03:34:28] [1498/5921] 他里霧文化園區 (Attraction_376490000A_000112)
[2026-08-18 03:34:32]    ✅ 成功抓到 7 筆時段
[2026-08-18 03:34:34] [1499/5921] 龍過脈步道 (Attraction_376490000A_000113)
[2026-08-18 03:34:41]    ❌ 三種策略皆失敗
[2026-08-18 03:34:43] [1500/5921] 湖山水庫環境教育園區 (Attraction_376490000A_000114)
[2026-08-18 03:35:46]    ❌ 三種策略皆失敗
[2026-08-18 03:35:46]    💾 存檔！已處理 1500/5921 | 成功 1032 | 失敗 468
[2026-08-18 03:35:46]       資料庫共 1667 筆，其中 1175 筆有營業時間
[2026-08-18 03:35:46]       速度 7.8 筆/分鐘 | 預估剩餘 565 分鐘
[2026-08-18 03:35:48] [1501/5921] 北港女兒橋 (Attraction_376490000A_000115)
[2026-08-18 03:35:52]    ✅ 成功抓到 7 筆時段
[2026-08-18 03:35:54] [1502/5921] 五元兩角 (Attraction_376490000A_000116)
[2026-08-18 03:35:57]    ✅ 成功抓到 7 筆時段
[2026-08-18 03:35:59] [1503/5921] 雲林記憶Cool (Attraction_376490000A_000117)
[2026-08-18 03:36:03]    ✅ 成功抓到 7 筆時段
[2026-08-18 03:36:05] [1504/5921] 涌翠閣 (Attraction_376490000A_000118)
[2026-08-18 03:36:08]    ✅ 成功抓到 7 筆時段
[2026-08-18 03:36:10] [1505/5921] 三小市集食育基地 (Attraction_376490000A_000119)
[2026-08-18 03:36:13]    ✅ 成功抓到 7 筆時段
[2026-08-18 03:36:15] [1506/5921] Mr. Lobby Coffee Project (Attraction_376490000A_000120)
[2026-08-18 03:36:19]    ✅ 成功抓到 7 筆時段
[2026-08-18 03:36:21] [1507/5921] 詔安客家文化館 (Attraction_376490000A_000121)
[2026-08-18 03:36:24]    ✅ 成功抓到 7 筆時段
[2026-08-18 03:36:26] [1508/5921] 石榴火車站 (Attraction_376490000A_000122)
[2026-08-18 03:36:31]    ❌ 三種策略皆失敗
[2026-08-18 03:36:33] [1509/5921] 萡子寮漁港 (Attraction_376490000A_000123)
[2026-08-18 03:36:37]    ❌ 三種策略皆失敗
[2026-08-18 03:36:39] [1510/5921] 西螺延平老街(西螺東市場) (Attraction_376490000A_000124)
[2026-08-18 03:36:43]    ✅ 成功抓到 7 筆時段
[2026-08-18 03:36:43]    💾 存檔！已處理 1510/5921 | 成功 1040 | 失敗 470
[2026-08-18 03:36:43]       資料庫共 1677 筆，其中 1183 筆有營業時間
[2026-08-18 03:36:43]       速度 7.8 筆/分鐘 | 預估剩餘 562 分鐘
[2026-08-18 03:36:45] [1511/5921] 北溪里剪紙藝術村 (Attraction_376490000A_000125)
[2026-08-18 03:36:48]    ✅ 成功抓到 7 筆時段
[2026-08-18 03:36:50] [1512/5921] 晁陽綠能休閒農場 (Attraction_376490000A_000126)
[2026-08-18 03:36:54]    ❌ 三種策略皆失敗
[2026-08-18 03:36:56] [1513/5921] 湳仔社區鐵道文化3D彩繪 (Attraction_376490000A_000127)
[2026-08-18 03:37:05]    ✅ 成功抓到 7 筆時段
[2026-08-18 03:37:07] [1514/5921] 土庫老街(第一市場、庄役場、故事館及順天宮) (Attraction_376490000A_000128)
[2026-08-18 03:37:14]    ❌ 三種策略皆失敗
[2026-08-18 03:37:16] [1515/5921] 樟湖地區 (Attraction_376490000A_000129)
[2026-08-18 03:37:54]    ❌ 三種策略皆失敗
[2026-08-18 03:37:56] [1516/5921] 農博生態園區 (Attraction_376490000A_000130)
[2026-08-18 03:37:59]    ✅ 成功抓到 7 筆時段
[2026-08-18 03:38:01] [1517/5921] 育成水耕教育農場 (Attraction_376490000A_000131)
[2026-08-18 03:38:33]    ✅ 成功抓到 7 筆時段
[2026-08-18 03:38:35] [1518/5921] 林北卡好數位生活館 (Attraction_376490000A_000132)
[2026-08-18 03:38:44]    ✅ 成功抓到 7 筆時段
[2026-08-18 03:38:46] [1519/5921] 果色天鄉 (Attraction_376490000A_000133)
[2026-08-18 03:39:13]    ✅ 成功抓到 7 筆時段
[2026-08-18 03:39:15] [1520/5921] 采邑綠工坊 (Attraction_376490000A_000134)
[2026-08-18 03:39:18]    ✅ 成功抓到 7 筆時段
[2026-08-18 03:39:18]    💾 存檔！已處理 1520/5921 | 成功 1047 | 失敗 473
[2026-08-18 03:39:18]       資料庫共 1687 筆，其中 1190 筆有營業時間
[2026-08-18 03:39:18]       速度 7.8 筆/分鐘 | 預估剩餘 565 分鐘
[2026-08-18 03:39:20] [1521/5921] 寶隆紙廠 (Attraction_376490000A_000135)
[2026-08-18 03:39:25]    ❌ 三種策略皆失敗
[2026-08-18 03:39:27] [1522/5921] 松花坡種苗園藝社 (Attraction_376490000A_000136)
[2026-08-18 03:40:01]    ✅ 成功抓到 7 筆時段
[2026-08-18 03:40:03] [1523/5921] 賓哥室 (Attraction_376490000A_000137)
[2026-08-18 03:40:08]    ❌ 三種策略皆失敗
[2026-08-18 03:40:10] [1524/5921] 蘿莎玫瑰山莊 (Attraction_376490000A_000138)
[2026-08-18 03:40:47]    (透過策略2成功)
[2026-08-18 03:40:47]    ✅ 成功抓到 7 筆時段
[2026-08-18 03:40:49] [1525/5921] 古坑綠隧驛站 (Attraction_376490000A_000139)
[2026-08-18 03:40:53]    ✅ 成功抓到 7 筆時段
[2026-08-18 03:40:55] [1526/5921] 自家莊園 (Attraction_376490000A_000140)
[2026-08-18 03:40:59]    ❌ 三種策略皆失敗
[2026-08-18 03:41:01] [1527/5921] 谷泉咖啡莊園 (Attraction_376490000A_000141)
[2026-08-18 03:41:05]    ✅ 成功抓到 7 筆時段
[2026-08-18 03:41:07] [1528/5921] 貝克翰農場 (Attraction_376490000A_000142)
[2026-08-18 03:41:11]    ❌ 三種策略皆失敗
[2026-08-18 03:41:13] [1529/5921] 持明寺 (Attraction_376490000A_000143)
[2026-08-18 03:41:17]    ✅ 成功抓到 7 筆時段
[2026-08-18 03:41:19] [1530/5921] 草嶺地質生態國小 (Attraction_376490000A_000144)
[2026-08-18 03:41:22]    ✅ 成功抓到 7 筆時段
[2026-08-18 03:41:22]    💾 存檔！已處理 1530/5921 | 成功 1053 | 失敗 477
[2026-08-18 03:41:22]       資料庫共 1697 筆，其中 1196 筆有營業時間
[2026-08-18 03:41:22]       速度 7.8 筆/分鐘 | 預估剩餘 566 分鐘
[2026-08-18 03:41:24] [1531/5921] 華山文學步道 (Attraction_376490000A_000145)
[2026-08-18 03:41:28]    ❌ 三種策略皆失敗
[2026-08-18 03:41:30] [1532/5921] 華山咖啡大街 (Attraction_376490000A_000146)
[2026-08-18 03:41:41]    (透過策略2成功)
[2026-08-18 03:41:41]    ✅ 成功抓到 7 筆時段
[2026-08-18 03:41:43] [1533/5921] 古坑鄉公所 (Attraction_376490000A_000147)
[2026-08-18 03:41:47]    ✅ 成功抓到 7 筆時段
[2026-08-18 03:41:49] [1534/5921] 樟湖生態國民中小學 (Attraction_376490000A_000148)
[2026-08-18 03:41:52]    ✅ 成功抓到 7 筆時段
[2026-08-18 03:41:54] [1535/5921] 舊樟湖國小 (Attraction_376490000A_000149)
[2026-08-18 03:42:02]    ✅ 成功抓到 7 筆時段
[2026-08-18 03:42:04] [1536/5921] 三秀園 (Attraction_376490000A_000150)
[2026-08-18 03:42:08]    ✅ 成功抓到 7 筆時段
[2026-08-18 03:42:10] [1537/5921] 北港傳薪學院 (Attraction_376490000A_000151)
[2026-08-18 03:42:13]    ✅ 成功抓到 7 筆時段
[2026-08-18 03:42:15] [1538/5921] 福民老街 (Attraction_376490000A_000152)
[2026-08-18 03:42:18]    ✅ 成功抓到 7 筆時段
[2026-08-18 03:42:20] [1539/5921] 北港文化中心 (Attraction_376490000A_000153)
[2026-08-18 03:42:24]    ✅ 成功抓到 7 筆時段
[2026-08-18 03:42:26] [1540/5921] 土庫鎮農會八角倉庫 (Attraction_376490000A_000154)
[2026-08-18 03:42:29]    ✅ 成功抓到 7 筆時段
[2026-08-18 03:42:29]    💾 存檔！已處理 1540/5921 | 成功 1062 | 失敗 478
[2026-08-18 03:42:29]       資料庫共 1707 筆，其中 1205 筆有營業時間
[2026-08-18 03:42:29]       速度 7.8 筆/分鐘 | 預估剩餘 564 分鐘
[2026-08-18 03:42:31] [1541/5921] 土庫故事館 (Attraction_376490000A_000155)
[2026-08-18 03:42:36]    ❌ 三種策略皆失敗
[2026-08-18 03:42:38] [1542/5921] 茂盛有機農場 (Attraction_376490000A_000156)
[2026-08-18 03:42:42]    ❌ 三種策略皆失敗
[2026-08-18 03:42:44] [1543/5921] 連塍陶坊 (Attraction_376490000A_000157)
[2026-08-18 03:42:48]    ✅ 成功抓到 7 筆時段
[2026-08-18 03:42:50] [1544/5921] 雲林高鐵站 (Attraction_376490000A_000158)
[2026-08-18 03:42:54]    ❌ 三種策略皆失敗
[2026-08-18 03:42:56] [1545/5921] 中華機車出租行(斗六租車) (Attraction_376490000A_000159)
[2026-08-18 03:43:00]    ✅ 成功抓到 7 筆時段
[2026-08-18 03:43:02] [1546/5921] 發鑫車業機車行(虎尾租車) (Attraction_376490000A_000160)
[2026-08-18 03:43:05]    ✅ 成功抓到 7 筆時段
[2026-08-18 03:43:07] [1547/5921] 地球村書局(斗南租車) (Attraction_376490000A_000161)
[2026-08-18 03:43:14]    ❌ 三種策略皆失敗
[2026-08-18 03:43:16] [1548/5921] 湖光山舍 (Attraction_376490000A_000162)
[2026-08-18 03:43:25]    ❌ 三種策略皆失敗
[2026-08-18 03:43:27] [1549/5921] 斗六南聖宮 (Attraction_376490000A_000163)
[2026-08-18 03:43:31]    ✅ 成功抓到 7 筆時段
[2026-08-18 03:43:33] [1550/5921] 西螺延平老街文化館(捷發乾記茶莊) (Attraction_376490000A_000164)
[2026-08-18 03:43:41]    (透過策略3成功)
[2026-08-18 03:43:41]    ✅ 成功抓到 7 筆時段
[2026-08-18 03:43:41]    💾 存檔！已處理 1550/5921 | 成功 1067 | 失敗 483
[2026-08-18 03:43:41]       資料庫共 1717 筆，其中 1210 筆有營業時間
[2026-08-18 03:43:41]       速度 7.8 筆/分鐘 | 預估剩餘 562 分鐘
[2026-08-18 03:43:43] [1551/5921] 建國眷村 (Attraction_376490000A_000165)
[2026-08-18 03:43:50]    ❌ 三種策略皆失敗
[2026-08-18 03:43:52] [1552/5921] 圖南咖啡故事館 (Attraction_376490000A_000166)
[2026-08-18 03:43:57]    ❌ 三種策略皆失敗
[2026-08-18 03:43:59] [1553/5921] 雲林二手玩具屋 (Attraction_376490000A_000167)
[2026-08-18 03:44:02]    ✅ 成功抓到 7 筆時段
[2026-08-18 03:44:04] [1554/5921] 雲林縣斗六市繪本圖書館 (Attraction_376490000A_000168)
[2026-08-18 03:44:08]    ✅ 成功抓到 7 筆時段
[2026-08-18 03:44:10] [1555/5921] 斗六籽公園 (Attraction_376490000A_000169)
[2026-08-18 03:44:13]    ✅ 成功抓到 7 筆時段
[2026-08-18 03:44:15] [1556/5921] 斗六藝術水岸園區 (Attraction_376490000A_000170)
[2026-08-18 03:44:19]    ✅ 成功抓到 7 筆時段
[2026-08-18 03:44:21] [1557/5921] 雲林官邸兒童館 (Attraction_376490000A_000171)
[2026-08-18 03:44:24]    ✅ 成功抓到 7 筆時段
[2026-08-18 03:44:26] [1558/5921] 鵝媽媽鵝童樂園 (Attraction_376490000A_000172)
[2026-08-18 03:44:29]    ✅ 成功抓到 7 筆時段
[2026-08-18 03:44:31] [1559/5921] 橙色農作休閒果園 (Attraction_376490000A_000173)
[2026-08-18 03:44:35]    ✅ 成功抓到 7 筆時段
[2026-08-18 03:44:37] [1560/5921] 林內教芋部 (Attraction_376490000A_000174)
[2026-08-18 03:44:40]    ✅ 成功抓到 7 筆時段
[2026-08-18 03:44:40]    💾 存檔！已處理 1560/5921 | 成功 1075 | 失敗 485
[2026-08-18 03:44:40]       資料庫共 1727 筆，其中 1218 筆有營業時間
[2026-08-18 03:44:40]       速度 7.8 筆/分鐘 | 預估剩餘 560 分鐘
[2026-08-18 03:44:42] [1561/5921] 勝嘉商店-育成水耕教育農場 (Attraction_376490000A_000175)
[2026-08-18 03:44:48]    (透過策略2成功)
[2026-08-18 03:44:48]    ✅ 成功抓到 7 筆時段
[2026-08-18 03:44:50] [1562/5921] 西螺大橋親水公園 螺石公園 (Attraction_376490000A_000176)
[2026-08-18 03:44:53]    ✅ 成功抓到 7 筆時段
[2026-08-18 03:44:55] [1563/5921] 千巧谷牛樂園牧場 (Attraction_376490000A_000177)
[2026-08-18 03:44:59]    ✅ 成功抓到 7 筆時段
[2026-08-18 03:45:01] [1564/5921] 三條崙海水浴場親水公園 (Attraction_376490000A_000178)
[2026-08-18 03:45:09]    ✅ 成功抓到 7 筆時段
[2026-08-18 03:45:11] [1565/5921] 紫藤湖 (Attraction_376490000A_000179)
[2026-08-18 03:45:15]    ✅ 成功抓到 7 筆時段
[2026-08-18 03:45:17] [1566/5921] 大尖山登山步道 (Attraction_376490000A_000180)
[2026-08-18 03:45:20]    ✅ 成功抓到 7 筆時段
[2026-08-18 03:45:22] [1567/5921] 萬年峽谷 (Attraction_376490000A_000181)
[2026-08-18 03:45:26]    ✅ 成功抓到 7 筆時段
[2026-08-18 03:45:28] [1568/5921] 山豬湖步道 (Attraction_376490000A_000182)
[2026-08-18 03:45:39]    ❌ 三種策略皆失敗
[2026-08-18 03:45:41] [1569/5921] 石壁仙谷 (Attraction_376490000A_000183)
[2026-08-18 03:45:44]    ✅ 成功抓到 7 筆時段
[2026-08-18 03:45:46] [1570/5921] 同心瀑布 (Attraction_376490000A_000184)
[2026-08-18 03:45:55]    ✅ 成功抓到 7 筆時段
[2026-08-18 03:45:55]    💾 存檔！已處理 1570/5921 | 成功 1084 | 失敗 486
[2026-08-18 03:45:55]       資料庫共 1737 筆，其中 1227 筆有營業時間
[2026-08-18 03:45:55]       速度 7.8 筆/分鐘 | 預估剩餘 559 分鐘
[2026-08-18 03:45:57] [1571/5921] 峭壁雄風 (Attraction_376490000A_000185)
[2026-08-18 03:46:00]    ✅ 成功抓到 7 筆時段
[2026-08-18 03:46:02] [1572/5921] 蓬萊瀑布 (Attraction_376490000A_000186)
[2026-08-18 03:46:06]    ❌ 三種策略皆失敗
[2026-08-18 03:46:08] [1573/5921] 二崙自然步道 (Attraction_376490000A_000187)
[2026-08-18 03:46:12]    ✅ 成功抓到 7 筆時段
[2026-08-18 03:46:14] [1574/5921] 北港天空之橋 (Attraction_376490000A_000188)
[2026-08-18 03:46:17]    ✅ 成功抓到 7 筆時段
[2026-08-18 03:46:19] [1575/5921] 北港媽祖景觀公園 (Attraction_376490000A_000189)
[2026-08-18 03:46:23]    ✅ 成功抓到 7 筆時段
[2026-08-18 03:46:25] [1576/5921] 斗六雲中街生活聚落 (Attraction_376490000A_000190)
[2026-08-18 03:46:29]    ❌ 三種策略皆失敗
[2026-08-18 03:46:31] [1577/5921] 劍湖山世界主題樂園 (Attraction_376490000A_000191)
[2026-08-18 03:46:35]    ✅ 成功抓到 7 筆時段
[2026-08-18 03:46:37] [1578/5921] 埤頭繪本公園 (Attraction_376490000A_000192)
[2026-08-18 03:46:40]    ✅ 成功抓到 7 筆時段
[2026-08-18 03:46:42] [1579/5921] 北港大復戲院 (Attraction_376490000A_000193)
[2026-08-18 03:46:47]    ❌ 三種策略皆失敗
[2026-08-18 03:46:49] [1580/5921] 斗南分局舊辦公廳舍 (Attraction_376490000A_000194)
[2026-08-18 03:46:52]    ✅ 成功抓到 7 筆時段
[2026-08-18 03:46:52]    💾 存檔！已處理 1580/5921 | 成功 1091 | 失敗 489
[2026-08-18 03:46:52]       資料庫共 1747 筆，其中 1234 筆有營業時間
[2026-08-18 03:46:52]       速度 7.8 筆/分鐘 | 預估剩餘 557 分鐘
[2026-08-18 03:46:54] [1581/5921] 五年千歲公園 (Attraction_376490000A_000195)
[2026-08-18 03:46:58]    ✅ 成功抓到 7 筆時段
[2026-08-18 03:47:00] [1582/5921] 鄧麗君出生地文化園區 (Attraction_376490000A_000196)
[2026-08-18 03:47:03]    ✅ 成功抓到 7 筆時段
[2026-08-18 03:47:05] [1583/5921] 萡子寮喔熊藝術村 (Attraction_376490000A_000197)
[2026-08-18 03:47:09]    ✅ 成功抓到 7 筆時段
[2026-08-18 03:47:11] [1584/5921] 台西海口故事屋 (Attraction_376490000A_000198)
[2026-08-18 03:47:14]    ✅ 成功抓到 7 筆時段
[2026-08-18 03:47:16] [1585/5921] 海口庄派出所 (Attraction_376490000A_000199)
[2026-08-18 03:47:20]    ✅ 成功抓到 7 筆時段
[2026-08-18 03:47:22] [1586/5921] 水林鄉顏思齊故事館 (Attraction_376490000A_000200)
[2026-08-18 03:47:26]    ❌ 三種策略皆失敗
[2026-08-18 03:47:28] [1587/5921] 瑞春醬油觀光工廠 (Attraction_376490000A_000201)
[2026-08-18 03:47:32]    ✅ 成功抓到 7 筆時段
[2026-08-18 03:47:34] [1588/5921] 奶奶的熊毛巾故事館 (Attraction_376490000A_000202)
[2026-08-18 03:47:37]    ✅ 成功抓到 7 筆時段
[2026-08-18 03:47:39] [1589/5921] 塔吉特千層蛋糕大使館 (Attraction_376490000A_000203)
[2026-08-18 03:47:42]    ✅ 成功抓到 7 筆時段
[2026-08-18 03:47:44] [1590/5921] 樂耕農室內樂團 (Attraction_376490000A_000204)
[2026-08-18 03:47:48]    ✅ 成功抓到 7 筆時段
[2026-08-18 03:47:48]    💾 存檔！已處理 1590/5921 | 成功 1100 | 失敗 490
[2026-08-18 03:47:48]       資料庫共 1757 筆，其中 1243 筆有營業時間
[2026-08-18 03:47:48]       速度 7.8 筆/分鐘 | 預估剩餘 554 分鐘
[2026-08-18 03:47:50] [1591/5921] 紙農書院-染織紙手創聚落 (Attraction_376490000A_000205)
[2026-08-18 03:47:53]    ✅ 成功抓到 7 筆時段
[2026-08-18 03:47:55] [1592/5921] 創樂子生活學苑–多肉花藝手作 (Attraction_376490000A_000206)
[2026-08-18 03:47:59]    ✅ 成功抓到 7 筆時段
[2026-08-18 03:48:01] [1593/5921] 台灣雲林縣樟湖藍染人文協會_有間靛 (Attraction_376490000A_000207)
[2026-08-18 03:48:04]    ✅ 成功抓到 7 筆時段
[2026-08-18 03:48:06] [1594/5921] 妙善菩陶藝工作坊 (Attraction_376490000A_000208)
[2026-08-18 03:48:09]    ✅ 成功抓到 7 筆時段
[2026-08-18 03:48:11] [1595/5921] 臺灣工藝之家-瑩的幸福工坊 (Attraction_376490000A_000209)
[2026-08-18 03:48:16]    ❌ 三種策略皆失敗
[2026-08-18 03:48:18] [1596/5921] 御鼎興純手工柴燒黑豆醬油 (Attraction_376490000A_000210)
[2026-08-18 03:48:21]    ✅ 成功抓到 7 筆時段
[2026-08-18 03:48:23] [1597/5921] 光明屋獨立書店 (Attraction_376490000A_000211)
[2026-08-18 03:48:28]    ❌ 三種策略皆失敗
[2026-08-18 03:48:30] [1598/5921] 玉山碾米廠 (Attraction_376490000A_000212)
[2026-08-18 03:49:08]    ✅ 成功抓到 7 筆時段
[2026-08-18 03:49:10] [1599/5921] 土庫串樓口讀力書屋 (Attraction_376490000A_000213)
[2026-08-18 03:49:13]    ✅ 成功抓到 7 筆時段
[2026-08-18 03:49:15] [1600/5921] 東遠碾米廠(第一稻場) (Attraction_376490000A_000214)
[2026-08-18 03:49:19]    ✅ 成功抓到 7 筆時段
[2026-08-18 03:49:19]    💾 存檔！已處理 1600/5921 | 成功 1108 | 失敗 492
[2026-08-18 03:49:19]       資料庫共 1767 筆，其中 1251 筆有營業時間
[2026-08-18 03:49:19]       速度 7.8 筆/分鐘 | 預估剩餘 554 分鐘
[2026-08-18 03:49:21] [1601/5921] 珍．粉紅城堡鹿角村 (Attraction_376490000A_000215)
[2026-08-18 03:49:26]    ❌ 三種策略皆失敗
[2026-08-18 03:49:28] [1602/5921] 開基斗六媽新興宮 (Attraction_376490000A_000216)
[2026-08-18 03:49:31]    ✅ 成功抓到 7 筆時段
[2026-08-18 03:49:33] [1603/5921] 永福寺 (Attraction_376490000A_000217)
[2026-08-18 03:49:37]    ✅ 成功抓到 7 筆時段
[2026-08-18 03:49:39] [1604/5921] 斗六福德宮 (Attraction_376490000A_000218)
[2026-08-18 03:49:42]    ✅ 成功抓到 7 筆時段
[2026-08-18 03:49:44] [1605/5921] 斗六聖玫瑰天主堂 (Attraction_376490000A_000219)
[2026-08-18 03:49:47]    ✅ 成功抓到 7 筆時段
[2026-08-18 03:49:49] [1606/5921] 斗六大北勢天聖宮 (Attraction_376490000A_000220)
[2026-08-18 03:49:53]    ✅ 成功抓到 7 筆時段
[2026-08-18 03:49:55] [1607/5921] 斗六門受天宮 (Attraction_376490000A_000221)
[2026-08-18 03:49:58]    ✅ 成功抓到 7 筆時段
[2026-08-18 03:50:00] [1608/5921] 林內永安宮 (Attraction_376490000A_000222)
[2026-08-18 03:50:05]    ❌ 三種策略皆失敗
[2026-08-18 03:50:07] [1609/5921] 九芎鎮安宮 (Attraction_376490000A_000223)
[2026-08-18 03:50:10]    ✅ 成功抓到 7 筆時段
[2026-08-18 03:50:12] [1610/5921] 林內開復廟 (Attraction_376490000A_000224)
[2026-08-18 03:50:17]    ❌ 三種策略皆失敗
[2026-08-18 03:50:17]    💾 存檔！已處理 1610/5921 | 成功 1115 | 失敗 495
[2026-08-18 03:50:17]       資料庫共 1777 筆，其中 1258 筆有營業時間
[2026-08-18 03:50:17]       速度 7.8 筆/分鐘 | 預估剩餘 552 分鐘
[2026-08-18 03:50:19] [1611/5921] 吳厝新興媽祖會 (Attraction_376490000A_000225)
[2026-08-18 03:50:23]    ❌ 三種策略皆失敗
[2026-08-18 03:50:25] [1612/5921] 虎尾天后宮 (Attraction_376490000A_000226)
[2026-08-18 03:50:28]    ✅ 成功抓到 7 筆時段
[2026-08-18 03:50:30] [1613/5921] 虎尾立仁里順天宮 (Attraction_376490000A_000227)
[2026-08-18 03:50:34]    ✅ 成功抓到 7 筆時段
[2026-08-18 03:50:36] [1614/5921] 虎尾興中里帥興宮 (Attraction_376490000A_000228)
[2026-08-18 03:50:39]    ✅ 成功抓到 7 筆時段
[2026-08-18 03:50:41] [1615/5921] 虎尾福安宮糖廠媽 (Attraction_376490000A_000229)
[2026-08-18 03:51:15]    ✅ 成功抓到 7 筆時段
[2026-08-18 03:51:17] [1616/5921] 虎尾德興宮 (Attraction_376490000A_000230)
[2026-08-18 03:51:21]    ✅ 成功抓到 7 筆時段
[2026-08-18 03:51:23] [1617/5921] 埒內拱雲宮 (Attraction_376490000A_000231)
[2026-08-18 03:51:27]    ❌ 三種策略皆失敗
[2026-08-18 03:51:29] [1618/5921] 西螺魚寮鎮南宮 (Attraction_376490000A_000232)
[2026-08-18 03:51:32]    ✅ 成功抓到 7 筆時段
[2026-08-18 03:51:34] [1619/5921] 西螺新厝弓孝宮伏魔大帝 (Attraction_376490000A_000233)
[2026-08-18 03:51:38]    ✅ 成功抓到 7 筆時段
[2026-08-18 03:51:40] [1620/5921] 西螺新天宮 (Attraction_376490000A_000234)
[2026-08-18 03:51:43]    ✅ 成功抓到 7 筆時段
[2026-08-18 03:51:43]    💾 存檔！已處理 1620/5921 | 成功 1123 | 失敗 497
[2026-08-18 03:51:43]       資料庫共 1787 筆，其中 1266 筆有營業時間
[2026-08-18 03:51:43]       速度 7.8 筆/分鐘 | 預估剩餘 551 分鐘
[2026-08-18 03:51:45] [1621/5921] 伽藍爺廟 (Attraction_376490000A_000235)
[2026-08-18 03:52:21]    ✅ 成功抓到 7 筆時段
[2026-08-18 03:52:23] [1622/5921] 社口福天宮 (Attraction_376490000A_000236)
[2026-08-18 03:52:27]    ✅ 成功抓到 7 筆時段
[2026-08-18 03:52:29] [1623/5921] 吳厝朝興宮 (Attraction_376490000A_000237)
[2026-08-18 03:52:32]    ✅ 成功抓到 7 筆時段
[2026-08-18 03:52:34] [1624/5921] 下湳鉢子寺 (Attraction_376490000A_000238)
[2026-08-18 03:52:38]    ✅ 成功抓到 7 筆時段
[2026-08-18 03:52:40] [1625/5921] 溝皂真武殿 (Attraction_376490000A_000239)
[2026-08-18 03:52:44]    ❌ 三種策略皆失敗
[2026-08-18 03:52:46] [1626/5921] 崙仔進興宮 (Attraction_376490000A_000240)
[2026-08-18 03:52:50]    ✅ 成功抓到 7 筆時段
[2026-08-18 03:52:52] [1627/5921] 土庫都城隍廟 (Attraction_376490000A_000241)
[2026-08-18 03:52:55]    ✅ 成功抓到 7 筆時段
[2026-08-18 03:52:57] [1628/5921] 莿桐天瑤宮 (Attraction_376490000A_000242)
[2026-08-18 03:53:00]    ✅ 成功抓到 7 筆時段
[2026-08-18 03:53:02] [1629/5921] 甘厝庄天竺寺 (Attraction_376490000A_000243)
[2026-08-18 03:53:06]    ✅ 成功抓到 7 筆時段
[2026-08-18 03:53:08] [1630/5921] 饒平廣興宮 (Attraction_376490000A_000244)
[2026-08-18 03:53:12]    ❌ 三種策略皆失敗
[2026-08-18 03:53:12]    💾 存檔！已處理 1630/5921 | 成功 1131 | 失敗 499
[2026-08-18 03:53:12]       資料庫共 1797 筆，其中 1274 筆有營業時間
[2026-08-18 03:53:12]       速度 7.8 筆/分鐘 | 預估剩餘 550 分鐘
[2026-08-18 03:53:14] [1631/5921] 田尾賜福宮 (Attraction_376490000A_000245)
[2026-08-18 03:53:50]    ✅ 成功抓到 7 筆時段
[2026-08-18 03:53:52] [1632/5921] 二崙深坑仔觀音佛祖廟 (Attraction_376490000A_000246)
[2026-08-18 03:53:57]    ❌ 三種策略皆失敗
[2026-08-18 03:53:59] [1633/5921] 元長鰲峯宮 (Attraction_376490000A_000247)
[2026-08-18 03:54:02]    ✅ 成功抓到 7 筆時段
[2026-08-18 03:54:04] [1634/5921] 港尾順天宮 (Attraction_376490000A_000248)
[2026-08-18 03:54:42]    ❌ 三種策略皆失敗
[2026-08-18 03:54:44] [1635/5921] 豐岡村埔羌崙玫瑰天主堂 (Attraction_376490000A_000249)
[2026-08-18 03:54:48]    ❌ 三種策略皆失敗
[2026-08-18 03:54:50] [1636/5921] 馬山厝永安宮二太子廟 (Attraction_376490000A_000250)
[2026-08-18 03:54:54]    ✅ 成功抓到 7 筆時段
[2026-08-18 03:54:56] [1637/5921] 五條港安西府 (Attraction_376490000A_000251)
[2026-08-18 03:54:59]    ✅ 成功抓到 7 筆時段
[2026-08-18 03:55:01] [1638/5921] 蚊港鎮安府 (Attraction_376490000A_000252)
[2026-08-18 03:55:05]    ✅ 成功抓到 7 筆時段
[2026-08-18 03:55:07] [1639/5921] 崙豐進安府 (Attraction_376490000A_000253)
[2026-08-18 03:55:15]    ✅ 成功抓到 7 筆時段
[2026-08-18 03:55:17] [1640/5921] 四湖參天宮 (Attraction_376490000A_000254)
[2026-08-18 03:55:47]    ✅ 成功抓到 7 筆時段
[2026-08-18 03:55:47]    💾 存檔！已處理 1640/5921 | 成功 1138 | 失敗 502
[2026-08-18 03:55:47]       資料庫共 1807 筆，其中 1281 筆有營業時間
[2026-08-18 03:55:47]       速度 7.8 筆/分鐘 | 預估剩餘 552 分鐘
[2026-08-18 03:55:49] [1641/5921] 萡子寮普天宮 (Attraction_376490000A_000255)
[2026-08-18 03:55:52]    ✅ 成功抓到 7 筆時段
[2026-08-18 03:55:54] [1642/5921] 口湖下崙福安宮 (Attraction_376490000A_000256)
[2026-08-18 03:56:32]    ❌ 三種策略皆失敗
[2026-08-18 03:56:34] [1643/5921] 椬梧順天宮 (Attraction_376490000A_000257)
[2026-08-18 03:56:37]    ✅ 成功抓到 7 筆時段
[2026-08-18 03:56:39] [1644/5921] 水林通天府 (Attraction_376490000A_000258)
[2026-08-18 03:56:42]    ✅ 成功抓到 7 筆時段
[2026-08-18 03:56:44] [1645/5921] 六房天上聖母 (Attraction_376490000A_000259)
[2026-08-18 03:56:49]    ❌ 三種策略皆失敗
[2026-08-18 03:56:51] [1646/5921] 林內車站 (Attraction_376490000A_000260)
[2026-08-18 03:57:01]    ❌ 三種策略皆失敗
[2026-08-18 03:57:03] [1647/5921] 石龜車站 (Attraction_376490000A_000261)
[2026-08-18 03:57:07]    ❌ 三種策略皆失敗
[2026-08-18 03:57:09] [1648/5921] 華山遊憩區 (Attraction_376490000A_000262)
[2026-08-18 03:57:17]    ✅ 成功抓到 7 筆時段
[2026-08-18 03:57:19] [1649/5921] 雲林縣蝴蝶故事館 (Attraction_376490000A_000263)
[2026-08-18 03:57:23]    ✅ 成功抓到 7 筆時段
[2026-08-18 03:57:25] [1650/5921] 樂米工坊 (Attraction_376490000A_000264)
[2026-08-18 03:57:28]    ✅ 成功抓到 7 筆時段
[2026-08-18 03:57:28]    💾 存檔！已處理 1650/5921 | 成功 1144 | 失敗 506
[2026-08-18 03:57:28]       資料庫共 1817 筆，其中 1287 筆有營業時間
[2026-08-18 03:57:28]       速度 7.7 筆/分鐘 | 預估剩餘 552 分鐘
[2026-08-18 03:57:30] [1651/5921] 北港街角藝事館 (Attraction_376490000A_000265)
[2026-08-18 03:57:35]    ❌ 三種策略皆失敗
[2026-08-18 03:57:37] [1652/5921] 黑矸仔醬油釀製所 (Attraction_376490000A_000266)
[2026-08-18 03:58:13]    ✅ 成功抓到 7 筆時段
[2026-08-18 03:58:15] [1653/5921] 憨吉秘塘 (Attraction_376490000A_000267)
[2026-08-18 03:58:18]    ✅ 成功抓到 7 筆時段
[2026-08-18 03:58:20] [1654/5921] 藍光水塘 (Attraction_376490000A_000268)
[2026-08-18 03:58:24]    ✅ 成功抓到 7 筆時段
[2026-08-18 03:58:26] [1655/5921] 北水南引資源共享碑 (Attraction_376490000A_000269)
[2026-08-18 03:58:30]    ❌ 三種策略皆失敗
[2026-08-18 03:58:32] [1656/5921] 黑森林自行車道 (Attraction_376490000A_000270)
[2026-08-18 03:58:36]    ✅ 成功抓到 7 筆時段
[2026-08-18 03:58:38] [1657/5921] 顏思齊開拓台灣紀念碑 (Attraction_376490000A_000271)
[2026-08-18 03:59:13]    ✅ 成功抓到 7 筆時段
[2026-08-18 03:59:15] [1658/5921] 月光下友善農場 (Attraction_376490000A_000272)
[2026-08-18 03:59:18]    ✅ 成功抓到 7 筆時段
[2026-08-18 03:59:20] [1659/5921] 老土藝術工作室 (Attraction_376490000A_000273)
[2026-08-18 03:59:24]    ✅ 成功抓到 7 筆時段
[2026-08-18 03:59:26] [1660/5921] 糧莘庇護農場 (Attraction_376490000A_000274)
[2026-08-18 04:00:01]    ✅ 成功抓到 7 筆時段
[2026-08-18 04:00:01]    💾 存檔！已處理 1660/5921 | 成功 1152 | 失敗 508
[2026-08-18 04:00:01]       資料庫共 1827 筆，其中 1295 筆有營業時間
[2026-08-18 04:00:01]       速度 7.7 筆/分鐘 | 預估剩餘 554 分鐘
[2026-08-18 04:00:03] [1661/5921] 紅螞蟻生態世界 (Attraction_376490000A_000275)
[2026-08-18 04:00:07]    ✅ 成功抓到 7 筆時段
[2026-08-18 04:00:09] [1662/5921] 蔡秋桐文學館 (Attraction_376490000A_000276)
[2026-08-18 04:00:49]    (透過策略2成功)
[2026-08-18 04:00:49]    ✅ 成功抓到 7 筆時段
[2026-08-18 04:00:51] [1663/5921] 歸途文畫室 (Attraction_376490000A_000277)
[2026-08-18 04:00:56]    ❌ 三種策略皆失敗
[2026-08-18 04:00:58] [1664/5921] 昶典工業股份有限公司 (Attraction_376490000A_000278)
[2026-08-18 04:01:01]    ✅ 成功抓到 7 筆時段
[2026-08-18 04:01:03] [1665/5921] 季節角落 (Attraction_376490000A_000279)
[2026-08-18 04:01:40]    ✅ 成功抓到 7 筆時段
[2026-08-18 04:01:42] [1666/5921] 青心耕雲協會 (Attraction_376490000A_000280)
[2026-08-18 04:01:51]    ✅ 成功抓到 7 筆時段
[2026-08-18 04:01:53] [1667/5921] 風鼓新創基地 (Attraction_376490000A_000281)
[2026-08-18 04:01:58]    (透過策略2成功)
[2026-08-18 04:01:58]    ✅ 成功抓到 7 筆時段
[2026-08-18 04:02:00] [1668/5921] 建影陶形 (Attraction_376490000A_000282)
[2026-08-18 04:02:05]    ❌ 三種策略皆失敗
[2026-08-18 04:02:07] [1669/5921] 北港登記所 (Attraction_376490000A_000283)
[2026-08-18 04:02:10]    ✅ 成功抓到 7 筆時段
[2026-08-18 04:02:12] [1670/5921] 承龍海產行 (Attraction_376490000A_000284)
[2026-08-18 04:02:15]    ✅ 成功抓到 7 筆時段
[2026-08-18 04:02:15]    💾 存檔！已處理 1670/5921 | 成功 1160 | 失敗 510
[2026-08-18 04:02:15]       資料庫共 1837 筆，其中 1303 筆有營業時間
[2026-08-18 04:02:15]       速度 7.7 筆/分鐘 | 預估剩餘 555 分鐘
[2026-08-18 04:02:17] [1671/5921] 北港滯洪池 (Attraction_376490000A_000285)
[2026-08-18 04:02:21]    ✅ 成功抓到 7 筆時段
[2026-08-18 04:02:23] [1672/5921] 北港1911好庫文化產業園區（北港糖廠） (Attraction_376490000A_000286)
[2026-08-18 04:02:29]    ❌ 三種策略皆失敗
[2026-08-18 04:02:31] [1673/5921] 微醺農場 (Attraction_376490000A_000287)
[2026-08-18 04:03:09]    ✅ 成功抓到 7 筆時段
[2026-08-18 04:03:11] [1674/5921] 雲林科技大學 (Attraction_376490000A_000288)
[2026-08-18 04:03:51]    ❌ 三種策略皆失敗
[2026-08-18 04:03:53] [1675/5921] 斗六後庄埤親水公園(天空之島光環境) (Attraction_376490000A_000289)
[2026-08-18 04:04:01]    (透過策略3成功)
[2026-08-18 04:04:01]    ✅ 成功抓到 7 筆時段
[2026-08-18 04:04:03] [1676/5921] 膨鼠森林公園 (Attraction_376490000A_000290)
[2026-08-18 04:04:39]    ✅ 成功抓到 7 筆時段
[2026-08-18 04:04:41] [1677/5921] 松竹廣場 (Attraction_376490000A_000291)
[2026-08-18 04:04:47]    (透過策略2成功)
[2026-08-18 04:04:47]    ✅ 成功抓到 7 筆時段
[2026-08-18 04:04:49] [1678/5921] 瀞座 (Attraction_376490000A_000292)
[2026-08-18 04:04:52]    ✅ 成功抓到 7 筆時段
[2026-08-18 04:04:54] [1679/5921] 低語軒 (Attraction_376490000A_000293)
[2026-08-18 04:04:58]    ✅ 成功抓到 7 筆時段
[2026-08-18 04:05:00] [1680/5921] 小柴軒 (Attraction_376490000A_000294)
[2026-08-18 04:05:03]    ✅ 成功抓到 7 筆時段
[2026-08-18 04:05:03]    💾 存檔！已處理 1680/5921 | 成功 1168 | 失敗 512
[2026-08-18 04:05:03]       資料庫共 1847 筆，其中 1311 筆有營業時間
[2026-08-18 04:05:03]       速度 7.6 筆/分鐘 | 預估剩餘 557 分鐘
[2026-08-18 04:05:05] [1681/5921] 穹頂竹棚 (Attraction_376490000A_000295)
[2026-08-18 04:05:08]    ✅ 成功抓到 7 筆時段
[2026-08-18 04:05:10] [1682/5921] 微風小築 (Attraction_376490000A_000296)
[2026-08-18 04:05:14]    ✅ 成功抓到 7 筆時段
[2026-08-18 04:05:16] [1683/5921] 靜思坪 (Attraction_376490000A_000297)
[2026-08-18 04:05:53]    ✅ 成功抓到 7 筆時段
[2026-08-18 04:05:55] [1684/5921] 明陣 (Attraction_376490000A_000298)
[2026-08-18 04:05:58]    ✅ 成功抓到 7 筆時段
[2026-08-18 04:06:00] [1685/5921] 風之舞台 (Attraction_376490000A_000299)
[2026-08-18 04:06:05]    ❌ 三種策略皆失敗
[2026-08-18 04:06:07] [1686/5921] 杉林步道 (Attraction_376490000A_000300)
[2026-08-18 04:06:11]    ❌ 三種策略皆失敗
[2026-08-18 04:06:13] [1687/5921] 後院 houyuan (Attraction_376490000A_000301)
[2026-08-18 04:06:17]    ✅ 成功抓到 7 筆時段
[2026-08-18 04:06:19] [1688/5921] 福家草莓果園 (Attraction_376490000A_000302)
[2026-08-18 04:06:22]    ✅ 成功抓到 7 筆時段
[2026-08-18 04:06:24] [1689/5921] 籽奇手作工作室 (Attraction_376490000A_000303)
[2026-08-18 04:07:02]    ❌ 三種策略皆失敗
[2026-08-18 04:07:04] [1690/5921] 丁宗華木雕藝術工作坊 (Attraction_376490000A_000304)
[2026-08-18 04:07:08]    ✅ 成功抓到 7 筆時段
[2026-08-18 04:07:08]    💾 存檔！已處理 1690/5921 | 成功 1175 | 失敗 515
[2026-08-18 04:07:08]       資料庫共 1857 筆，其中 1318 筆有營業時間
[2026-08-18 04:07:08]       速度 7.6 筆/分鐘 | 預估剩餘 558 分鐘
[2026-08-18 04:07:10] [1691/5921] 弘久愛玉園 (Attraction_376490000A_000305)
[2026-08-18 04:07:14]    ❌ 三種策略皆失敗
[2026-08-18 04:07:16] [1692/5921] 森活武樹公園 (Attraction_376490000A_000306)
[2026-08-18 04:07:20]    ✅ 成功抓到 7 筆時段
[2026-08-18 04:07:22] [1693/5921] 綠金蕃茄南瓜農場 (Attraction_376490000A_000307)
[2026-08-18 04:07:25]    ✅ 成功抓到 7 筆時段
[2026-08-18 04:07:27] [1694/5921] 華星印書局活版故事館 (Attraction_376490000A_000308)
[2026-08-18 04:07:32]    ❌ 三種策略皆失敗
[2026-08-18 04:07:34] [1695/5921] 金世紀草莓園、黃金番茄園 (Attraction_376490000A_000309)
[2026-08-18 04:07:38]    ❌ 三種策略皆失敗
[2026-08-18 04:07:40] [1696/5921] 成龍集會所 (Attraction_376490000A_000310)
[2026-08-18 04:07:45]    ❌ 三種策略皆失敗
[2026-08-18 04:07:47] [1697/5921] 東北柑仔店 (Attraction_376490000A_000311)
[2026-08-18 04:07:51]    ❌ 三種策略皆失敗
[2026-08-18 04:07:53] [1698/5921] 十八將軍祠 (Attraction_376490000A_000312)
[2026-08-18 04:07:57]    ✅ 成功抓到 7 筆時段
[2026-08-18 04:07:59] [1699/5921] 舊東勢鄉公所辦公廳舍及附屬倉庫 (Attraction_376490000A_000313)
[2026-08-18 04:08:03]    ❌ 三種策略皆失敗
[2026-08-18 04:08:05] [1700/5921] 白馬之星民宿 (Attraction_376490000A_000314)
[2026-08-18 04:08:44]    ❌ 三種策略皆失敗
[2026-08-18 04:08:44]    💾 存檔！已處理 1700/5921 | 成功 1178 | 失敗 522
[2026-08-18 04:08:44]       資料庫共 1867 筆，其中 1321 筆有營業時間
[2026-08-18 04:08:44]       速度 7.6 筆/分鐘 | 預估剩餘 557 分鐘
[2026-08-18 04:08:46] [1701/5921] 龍巖糖廠歷史文物館 (Attraction_376490000A_000315)
[2026-08-18 04:08:49]    ✅ 成功抓到 7 筆時段
[2026-08-18 04:08:51] [1702/5921] 台西泉州國小 (Attraction_376490000A_000316)
[2026-08-18 04:08:54]    ✅ 成功抓到 7 筆時段
[2026-08-18 04:08:56] [1703/5921] 海口庄派出所 (Attraction_376490000A_000317)
[2026-08-18 04:09:00]    ✅ 成功抓到 7 筆時段
[2026-08-18 04:09:02] [1704/5921] 海口放送台西老街 (Attraction_376490000A_000318)
[2026-08-18 04:09:05]    ✅ 成功抓到 7 筆時段
[2026-08-18 04:09:07] [1705/5921] 林內蔡媽媽李子園 (Attraction_376490000A_000319)
[2026-08-18 04:09:10]    ✅ 成功抓到 7 筆時段
[2026-08-18 04:09:12] [1706/5921] 林內紫蝶生態地景園區(林內驛站) (Attraction_376490000A_000320)
[2026-08-18 04:09:16]    ✅ 成功抓到 7 筆時段
[2026-08-18 04:09:18] [1707/5921] 燚茶咖啡 (Attraction_376490000A_000321)
[2026-08-18 04:09:21]    ✅ 成功抓到 7 筆時段
[2026-08-18 04:09:23] [1708/5921] 萬德醫院 (Attraction_376490000A_000322)
[2026-08-18 04:09:28]    ❌ 三種策略皆失敗
[2026-08-18 04:09:30] [1709/5921] 豐村行雜貨店 (Attraction_376490000A_000323)
[2026-08-18 04:09:34]    ❌ 三種策略皆失敗
[2026-08-18 04:09:36] [1710/5921] 第一鰻波 (Attraction_376490000A_000324)
[2026-08-18 04:09:40]    ✅ 成功抓到 7 筆時段
[2026-08-18 04:09:40]    💾 存檔！已處理 1710/5921 | 成功 1186 | 失敗 524
[2026-08-18 04:09:40]       資料庫共 1877 筆，其中 1329 筆有營業時間
[2026-08-18 04:09:40]       速度 7.6 筆/分鐘 | 預估剩餘 555 分鐘
[2026-08-18 04:09:42] [1711/5921] 朝露魚舖 (Attraction_376490000A_000325)
[2026-08-18 04:10:20]    ✅ 成功抓到 7 筆時段
[2026-08-18 04:10:22] [1712/5921] 土庫順成油廠 (Attraction_376490000A_000326)
[2026-08-18 04:10:26]    ✅ 成功抓到 7 筆時段
[2026-08-18 04:10:28] [1713/5921] 烏塗發電廠 (Attraction_376490000A_000327)
[2026-08-18 04:10:31]    ✅ 成功抓到 7 筆時段
[2026-08-18 04:10:33] [1714/5921] 崙背欣昌錦鯉養殖場 (Attraction_376490000A_000328)
[2026-08-18 04:11:15]    ❌ 三種策略皆失敗
[2026-08-18 04:11:17] [1715/5921] 汎歌保養品科技美學館 (Attraction_376490000A_000329)
[2026-08-18 04:11:22]    ❌ 三種策略皆失敗
[2026-08-18 04:11:24] [1716/5921] 虎尾糖廠 (Attraction_376490000A_000330)
[2026-08-18 04:11:27]    ✅ 成功抓到 7 筆時段
[2026-08-18 04:11:29] [1717/5921] 草嶺地質體驗區 (Attraction_376490000A_000331)
[2026-08-18 04:11:37]    ✅ 成功抓到 7 筆時段
[2026-08-18 04:11:39] [1718/5921] 草嶺遊客中心 (Attraction_376490000A_000332)
[2026-08-18 04:11:43]    ✅ 成功抓到 7 筆時段
[2026-08-18 04:11:45] [1719/5921] 源順芝麻觀光油廠 (Attraction_376490000A_000333)
[2026-08-18 04:11:48]    ✅ 成功抓到 7 筆時段
[2026-08-18 04:11:50] [1720/5921] 林內鄉農會 (Attraction_376490000A_000334)
[2026-08-18 04:11:56]    (透過策略2成功)
[2026-08-18 04:11:56]    ✅ 成功抓到 7 筆時段
[2026-08-18 04:11:56]    💾 存檔！已處理 1720/5921 | 成功 1194 | 失敗 526
[2026-08-18 04:11:56]       資料庫共 1887 筆，其中 1337 筆有營業時間
[2026-08-18 04:11:56]       速度 7.6 筆/分鐘 | 預估剩餘 556 分鐘
[2026-08-18 04:11:58] [1721/5921] 金湖萬善爺廟 (Attraction_376490000A_000335)
[2026-08-18 04:12:01]    ✅ 成功抓到 7 筆時段
[2026-08-18 04:12:03] [1722/5921] 二崙鄉廖文和布袋戲團 (Attraction_376490000A_000336)
[2026-08-18 04:12:41]    ✅ 成功抓到 7 筆時段
[2026-08-18 04:12:43] [1723/5921] 金琴麵包食品行 (Attraction_376490000A_000337)
[2026-08-18 04:12:47]    ✅ 成功抓到 7 筆時段
[2026-08-18 04:12:49] [1724/5921] 土庫順天宮 (Attraction_376490000A_000338)
[2026-08-18 04:12:52]    ✅ 成功抓到 7 筆時段
[2026-08-18 04:12:54] [1725/5921] 鐵支路公園 (Attraction_376500000A_000001)
[2026-08-18 04:12:58]    ✅ 成功抓到 7 筆時段
[2026-08-18 04:13:00] [1726/5921] 配天宮 (Attraction_376500000A_000002)
[2026-08-18 04:13:03]    ✅ 成功抓到 7 筆時段
[2026-08-18 04:13:05] [1727/5921] 慈化寺 (Attraction_376500000A_000003)
[2026-08-18 04:13:10]    ❌ 三種策略皆失敗
[2026-08-18 04:13:12] [1728/5921] 梅園 (Attraction_376500000A_000004)
[2026-08-18 04:13:17]    (透過策略2成功)
[2026-08-18 04:13:17]    ✅ 成功抓到 7 筆時段
[2026-08-18 04:13:19] [1729/5921] 沼平公園 (Attraction_376500000A_000005)
[2026-08-18 04:13:23]    ✅ 成功抓到 7 筆時段
[2026-08-18 04:13:25] [1730/5921] 縣定古蹟琴山河合博士旌功碑 (Attraction_376500000A_000006)
[2026-08-18 04:13:28]    ✅ 成功抓到 7 筆時段
[2026-08-18 04:13:28]    💾 存檔！已處理 1730/5921 | 成功 1203 | 失敗 527
[2026-08-18 04:13:28]       資料庫共 1897 筆，其中 1346 筆有營業時間
[2026-08-18 04:13:28]       速度 7.5 筆/分鐘 | 預估剩餘 555 分鐘
[2026-08-18 04:13:30] [1731/5921] 生力農場 (Attraction_376500000A_000007)
[2026-08-18 04:14:12]    ❌ 三種策略皆失敗
[2026-08-18 04:14:14] [1732/5921] 旺萊山鳳梨文化園區 (Attraction_376500000A_000008)
[2026-08-18 04:14:17]    ✅ 成功抓到 7 筆時段
[2026-08-18 04:14:19] [1733/5921] 竹崎親水公園 (Attraction_376500000A_000009)
[2026-08-18 04:14:24]    ❌ 三種策略皆失敗
[2026-08-18 04:14:26] [1734/5921] 德源禪寺 (Attraction_376500000A_000010)
[2026-08-18 04:14:29]    ✅ 成功抓到 7 筆時段
[2026-08-18 04:14:31] [1735/5921] 龍隱寺 (Attraction_376500000A_000011)
[2026-08-18 04:14:34]    ✅ 成功抓到 7 筆時段
[2026-08-18 04:14:36] [1736/5921] 東洋棕梠湖高爾夫球場 (Attraction_376500000A_000012)
[2026-08-18 04:14:40]    ✅ 成功抓到 7 筆時段
[2026-08-18 04:14:42] [1737/5921] 仁義潭水庫 (Attraction_376500000A_000013)
[2026-08-18 04:14:52]    (透過策略2成功)
[2026-08-18 04:14:52]    ✅ 成功抓到 7 筆時段
[2026-08-18 04:14:54] [1738/5921] 仙井瀑布 (Attraction_376500000A_000014)
[2026-08-18 04:15:00]    ❌ 三種策略皆失敗
[2026-08-18 04:15:02] [1739/5921] 半天岩 (Attraction_376500000A_000015)
[2026-08-18 04:15:07]    ❌ 三種策略皆失敗
[2026-08-18 04:15:09] [1740/5921] 石硦林場 (Attraction_376500000A_000016)
[2026-08-18 04:15:12]    ✅ 成功抓到 7 筆時段
[2026-08-18 04:15:12]    💾 存檔！已處理 1740/5921 | 成功 1209 | 失敗 531
[2026-08-18 04:15:12]       資料庫共 1907 筆，其中 1352 筆有營業時間
[2026-08-18 04:15:12]       速度 7.5 筆/分鐘 | 預估剩餘 555 分鐘
[2026-08-18 04:15:14] [1741/5921] 豐山生態園區 (Attraction_376500000A_000017)
[2026-08-18 04:15:18]    ✅ 成功抓到 7 筆時段
[2026-08-18 04:15:20] [1742/5921] 大林糖廠 (Attraction_376500000A_000018)
[2026-08-18 04:15:24]    ❌ 三種策略皆失敗
[2026-08-18 04:15:26] [1743/5921] 隆天宮 (Attraction_376500000A_000019)
[2026-08-18 04:15:35]    ✅ 成功抓到 7 筆時段
[2026-08-18 04:15:37] [1744/5921] 八仙山寶林禪寺 (Attraction_376500000A_000020)
[2026-08-18 04:15:40]    ✅ 成功抓到 7 筆時段
[2026-08-18 04:15:42] [1745/5921] 五穀王廟 (Attraction_376500000A_000021)
[2026-08-18 04:15:48]    (透過策略2成功)
[2026-08-18 04:15:48]    ✅ 成功抓到 7 筆時段
[2026-08-18 04:15:50] [1746/5921] 大崙社區 (Attraction_376500000A_000022)
[2026-08-18 04:15:54]    ❌ 三種策略皆失敗
[2026-08-18 04:15:56] [1747/5921] 溪口鄉文化生活館 (Attraction_376500000A_000023)
[2026-08-18 04:15:59]    ✅ 成功抓到 7 筆時段
[2026-08-18 04:16:01] [1748/5921] 大潭村精忠廟 (Attraction_376500000A_000024)
[2026-08-18 04:16:05]    ✅ 成功抓到 7 筆時段
[2026-08-18 04:16:07] [1749/5921] 牛將軍廟 (Attraction_376500000A_000025)
[2026-08-18 04:16:22]    ❌ 三種策略皆失敗
[2026-08-18 04:16:24] [1750/5921] 國立故宮博物院南部院區 (Attraction_376500000A_000026)
[2026-08-18 04:17:03]    ✅ 成功抓到 7 筆時段
[2026-08-18 04:17:03]    💾 存檔！已處理 1750/5921 | 成功 1216 | 失敗 534
[2026-08-18 04:17:03]       資料庫共 1917 筆，其中 1359 筆有營業時間
[2026-08-18 04:17:03]       速度 7.5 筆/分鐘 | 預估剩餘 555 分鐘
[2026-08-18 04:17:05] [1751/5921] 聖恩宮 (Attraction_376500000A_000027)
[2026-08-18 04:17:10]    (透過策略2成功)
[2026-08-18 04:17:10]    ✅ 成功抓到 7 筆時段
[2026-08-18 04:17:12] [1752/5921] 陶藝之村墘窯休閒陶坊 (Attraction_376500000A_000028)
[2026-08-18 04:17:16]    ✅ 成功抓到 7 筆時段
[2026-08-18 04:17:18] [1753/5921] 蔗埕文化園區(蒜頭糖廠) (Attraction_376500000A_000029)
[2026-08-18 04:17:21]    ✅ 成功抓到 7 筆時段
[2026-08-18 04:17:23] [1754/5921] 朴子藝術公園 (Attraction_376500000A_000030)
[2026-08-18 04:17:27]    ✅ 成功抓到 7 筆時段
[2026-08-18 04:17:29] [1755/5921] 德興里老厝 (Attraction_376500000A_000031)
[2026-08-18 04:17:39]    ❌ 三種策略皆失敗
[2026-08-18 04:17:41] [1756/5921] 牛挑灣埤生態公園 (Attraction_376500000A_000032)
[2026-08-18 04:17:44]    ✅ 成功抓到 7 筆時段
[2026-08-18 04:17:46] [1757/5921] 臺灣菸酒公司嘉義觀光酒廠 (Attraction_376500000A_000033)
[2026-08-18 04:17:55]    ✅ 成功抓到 7 筆時段
[2026-08-18 04:17:57] [1758/5921] 布袋遊艇港 (Attraction_376500000A_000034)
[2026-08-18 04:18:07]    (透過策略2成功)
[2026-08-18 04:18:07]    ✅ 成功抓到 7 筆時段
[2026-08-18 04:18:09] [1759/5921] 布袋鹽場(布袋鹽山) (Attraction_376500000A_000035)
[2026-08-18 04:18:13]    ✅ 成功抓到 7 筆時段
[2026-08-18 04:18:15] [1760/5921] 歷史建築貞愛親王殿下御上陸紀念之碑 (Attraction_376500000A_000036)
[2026-08-18 04:18:18]    ✅ 成功抓到 7 筆時段
[2026-08-18 04:18:18]    💾 存檔！已處理 1760/5921 | 成功 1225 | 失敗 535
[2026-08-18 04:18:18]       資料庫共 1927 筆，其中 1368 筆有營業時間
[2026-08-18 04:18:18]       速度 7.5 筆/分鐘 | 預估剩餘 553 分鐘
[2026-08-18 04:18:20] [1761/5921] 修緣禪寺 (Attraction_376500000A_000037)
[2026-08-18 04:18:25]    ❌ 三種策略皆失敗
[2026-08-18 04:18:27] [1762/5921] 眠月石猴(目前封閉中) (Attraction_376500000A_000038)
[2026-08-18 04:18:30]    ✅ 成功抓到 7 筆時段
[2026-08-18 04:18:32] [1763/5921] 中央廣播電台民雄分台日式宿舍區 (Attraction_376500000A_000039)
[2026-08-18 04:18:36]    ❌ 三種策略皆失敗
[2026-08-18 04:18:38] [1764/5921] 縣定古蹟東石郡役所 (Attraction_376500000A_000040)
[2026-08-18 04:18:43]    ❌ 三種策略皆失敗
[2026-08-18 04:18:45] [1765/5921] 中華民俗村(整修中，暫停開放) (Attraction_376500000A_000041)
[2026-08-18 04:18:49]    ✅ 成功抓到 7 筆時段
[2026-08-18 04:18:51] [1766/5921] 縣定古蹟樹靈塔 (Attraction_376500000A_000042)
[2026-08-18 04:18:54]    ✅ 成功抓到 7 筆時段
[2026-08-18 04:18:56] [1767/5921] 鄒族自然與文化中心 (Attraction_376500000A_000043)
[2026-08-18 04:18:59]    ✅ 成功抓到 7 筆時段
[2026-08-18 04:19:01] [1768/5921] 品皇咖啡博物館 (Attraction_376500000A_000044)
[2026-08-18 04:19:05]    ✅ 成功抓到 7 筆時段
[2026-08-18 04:19:07] [1769/5921] 紮基谷瀑布群（八八水災後向未修復） (Attraction_376500000A_000045)
[2026-08-18 04:19:12]    策略1失敗，嘗試下一個...
[2026-08-18 04:19:23]    (透過策略3成功)
[2026-08-18 04:19:23]    ✅ 成功抓到 7 筆時段
[2026-08-18 04:19:25] [1770/5921] 斯比斯比鐵達尼峭岩 (Attraction_376500000A_000046)
[2026-08-18 04:19:29]    ❌ 三種策略皆失敗
[2026-08-18 04:19:29]    💾 存檔！已處理 1770/5921 | 成功 1231 | 失敗 539
[2026-08-18 04:19:29]       資料庫共 1937 筆，其中 1374 筆有營業時間
[2026-08-18 04:19:29]       速度 7.5 筆/分鐘 | 預估剩餘 552 分鐘
[2026-08-18 04:19:31] [1771/5921] 花崗水上青（賀伯颱風吹毀向未修復完整） (Attraction_376500000A_000047)
[2026-08-18 04:19:44]    ❌ 三種策略皆失敗
[2026-08-18 04:19:46] [1772/5921] 禪林寺 (Attraction_376500000A_000048)
[2026-08-18 04:19:52]    (透過策略2成功)
[2026-08-18 04:19:52]    ✅ 成功抓到 7 筆時段
[2026-08-18 04:19:54] [1773/5921] 碧湖觀光茶園 (Attraction_376500000A_000049)
[2026-08-18 04:19:58]    ❌ 三種策略皆失敗
[2026-08-18 04:20:00] [1774/5921] 瑞太古道 (Attraction_376500000A_000050)
[2026-08-18 04:20:04]    ✅ 成功抓到 7 筆時段
[2026-08-18 04:20:06] [1775/5921] 縣定古蹟紫雲寺 (Attraction_376500000A_000051)
[2026-08-18 04:20:12]    (透過策略2成功)
[2026-08-18 04:20:12]    ✅ 成功抓到 7 筆時段
[2026-08-18 04:20:14] [1776/5921] 天長地久橋(天長橋將於113年2月29日起封閉) (Attraction_376500000A_000052)
[2026-08-18 04:20:54]    ✅ 成功抓到 7 筆時段
[2026-08-18 04:20:56] [1777/5921] 隙頂休閒步道區 (Attraction_376500000A_000053)
[2026-08-18 04:21:01]    ❌ 三種策略皆失敗
[2026-08-18 04:21:03] [1778/5921] 大湖尖山步道 (Attraction_376500000A_000054)
[2026-08-18 04:21:07]    ✅ 成功抓到 7 筆時段
[2026-08-18 04:21:09] [1779/5921] 白馬亭 (Attraction_376500000A_000055)
[2026-08-18 04:21:49]    ❌ 三種策略皆失敗
[2026-08-18 04:21:51] [1780/5921] 曾文寺七寶塔 (Attraction_376500000A_000056)
[2026-08-18 04:22:00]    ✅ 成功抓到 7 筆時段
[2026-08-18 04:22:00]    💾 存檔！已處理 1780/5921 | 成功 1237 | 失敗 543
[2026-08-18 04:22:00]       資料庫共 1947 筆，其中 1380 筆有營業時間
[2026-08-18 04:22:00]       速度 7.5 筆/分鐘 | 預估剩餘 553 分鐘
[2026-08-18 04:22:02] [1781/5921] 獨角仙休閒農場 (Attraction_376500000A_000057)
[2026-08-18 04:22:05]    ✅ 成功抓到 7 筆時段
[2026-08-18 04:22:07] [1782/5921] 縣定古蹟吳鳳廟 (Attraction_376500000A_000058)
[2026-08-18 04:22:13]    (透過策略2成功)
[2026-08-18 04:22:13]    ✅ 成功抓到 7 筆時段
[2026-08-18 04:22:15] [1783/5921] 國立中正大學 (Attraction_376500000A_000059)
[2026-08-18 04:22:18]    ✅ 成功抓到 7 筆時段
[2026-08-18 04:22:20] [1784/5921] 歷史建築民雄「何元英祠堂」 (Attraction_376500000A_000060)
[2026-08-18 04:22:25]    ❌ 三種策略皆失敗
[2026-08-18 04:22:27] [1785/5921] 松山土窯羊肉 (Attraction_376500000A_000061)
[2026-08-18 04:22:31]    ✅ 成功抓到 7 筆時段
[2026-08-18 04:22:33] [1786/5921] 嘉義縣表演藝術中心 (Attraction_376500000A_000062)
[2026-08-18 04:22:36]    ✅ 成功抓到 7 筆時段
[2026-08-18 04:22:38] [1787/5921] 慶誠宮 (Attraction_376500000A_000063)
[2026-08-18 04:22:41]    ✅ 成功抓到 7 筆時段
[2026-08-18 04:22:43] [1788/5921] 蕭武龍交趾陶 (Attraction_376500000A_000064)
[2026-08-18 04:22:48]    ❌ 三種策略皆失敗
[2026-08-18 04:22:50] [1789/5921] 大士爺廟 (Attraction_376500000A_000065)
[2026-08-18 04:23:30]    ✅ 成功抓到 7 筆時段
[2026-08-18 04:23:32] [1790/5921] 北回歸線標誌公園及北回二館太空教育館(太空教育館戶外溜滑梯遊憩區整修中) (Attraction_376500000A_000066)
[2026-08-18 04:24:20]    ❌ 三種策略皆失敗
[2026-08-18 04:24:20]    💾 存檔！已處理 1790/5921 | 成功 1244 | 失敗 546
[2026-08-18 04:24:20]       資料庫共 1957 筆，其中 1387 筆有營業時間
[2026-08-18 04:24:20]       速度 7.5 筆/分鐘 | 預估剩餘 554 分鐘
[2026-08-18 04:24:22] [1791/5921] 璿宿上天宮 （水上媽祖廟） (Attraction_376500000A_000067)
[2026-08-18 04:25:03]    ✅ 成功抓到 7 筆時段
[2026-08-18 04:25:05] [1792/5921] 顏思齊墓 (Attraction_376500000A_000068)
[2026-08-18 04:25:09]    ❌ 三種策略皆失敗
[2026-08-18 04:25:11] [1793/5921] 頂塗溝蝴蝶村 (Attraction_376500000A_000069)
[2026-08-18 04:25:16]    ❌ 三種策略皆失敗
[2026-08-18 04:25:18] [1794/5921] 南靖糖廠休閒廣場 (Attraction_376500000A_000070)
[2026-08-18 04:25:21]    ✅ 成功抓到 7 筆時段
[2026-08-18 04:25:23] [1795/5921] 南靖火車站 (Attraction_376500000A_000071)
[2026-08-18 04:25:28]    ❌ 三種策略皆失敗
[2026-08-18 04:25:30] [1796/5921] 開元殿 (Attraction_376500000A_000072)
[2026-08-18 04:25:33]    ✅ 成功抓到 7 筆時段
[2026-08-18 04:25:35] [1797/5921] 縣定古蹟奉天宮 (Attraction_376500000A_000073)
[2026-08-18 04:25:41]    (透過策略2成功)
[2026-08-18 04:25:41]    ✅ 成功抓到 7 筆時段
[2026-08-18 04:25:43] [1798/5921] 板陶窯交趾剪黏工藝園區 (Attraction_376500000A_000074)
[2026-08-18 04:25:50]    ✅ 成功抓到 7 筆時段
[2026-08-18 04:25:52] [1799/5921] 登雲書院遺址 (Attraction_376500000A_000075)
[2026-08-18 04:25:55]    ✅ 成功抓到 7 筆時段
[2026-08-18 04:25:57] [1800/5921] 國定古蹟水仙宮 (Attraction_376500000A_000076)
[2026-08-18 04:26:36]    ✅ 成功抓到 7 筆時段
[2026-08-18 04:26:36]    💾 存檔！已處理 1800/5921 | 成功 1251 | 失敗 549
[2026-08-18 04:26:36]       資料庫共 1967 筆，其中 1394 筆有營業時間
[2026-08-18 04:26:36]       速度 7.4 筆/分鐘 | 預估剩餘 555 分鐘
[2026-08-18 04:26:38] [1801/5921] 縣定古蹟六興宮 (Attraction_376500000A_000077)
[2026-08-18 04:26:41]    ✅ 成功抓到 7 筆時段
[2026-08-18 04:26:43] [1802/5921] 王氏家廟 (Attraction_376500000A_000078)
[2026-08-18 04:26:48]    ❌ 三種策略皆失敗
[2026-08-18 04:26:50] [1803/5921] 縣治特區 (Attraction_376500000A_000079)
[2026-08-18 04:27:01]    (透過策略2成功)
[2026-08-18 04:27:01]    ✅ 成功抓到 7 筆時段
[2026-08-18 04:27:03] [1804/5921] 朴子刺繡文化館 (Attraction_376500000A_000080)
[2026-08-18 04:27:06]    ✅ 成功抓到 7 筆時段
[2026-08-18 04:27:08] [1805/5921] 梅山農會農村文化館 (Attraction_376500000A_000081)
[2026-08-18 04:27:16]    ✅ 成功抓到 7 筆時段
[2026-08-18 04:27:18] [1806/5921] 嘉義縣梅嶺美術館 (Attraction_376500000A_000082)
[2026-08-18 04:27:22]    ✅ 成功抓到 7 筆時段
[2026-08-18 04:27:24] [1807/5921] 邱姓河南堂忠實第 (Attraction_376530000A_000008)
[2026-08-18 04:27:27]    ✅ 成功抓到 7 筆時段
[2026-08-18 04:27:29] [1808/5921] 屏東演武場 (Attraction_376530000A_000009)
[2026-08-18 04:27:33]    ✅ 成功抓到 7 筆時段
[2026-08-18 04:27:35] [1809/5921] 屏東藝術館 (Attraction_376530000A_000010)
[2026-08-18 04:27:39]    ❌ 三種策略皆失敗
[2026-08-18 04:27:41] [1810/5921] 屏東西市場 (Attraction_376530000A_000011)
[2026-08-18 04:27:45]    ✅ 成功抓到 7 筆時段
[2026-08-18 04:27:45]    💾 存檔！已處理 1810/5921 | 成功 1259 | 失敗 551
[2026-08-18 04:27:45]       資料庫共 1977 筆，其中 1402 筆有營業時間
[2026-08-18 04:27:45]       速度 7.4 筆/分鐘 | 預估剩餘 553 分鐘
[2026-08-18 04:27:47] [1811/5921] 高屏舊鐵橋與河濱公園 (Attraction_376530000A_000012)
[2026-08-18 04:27:51]    ❌ 三種策略皆失敗
[2026-08-18 04:27:53] [1812/5921] 屏東夜市 (Attraction_376530000A_000013)
[2026-08-18 04:27:57]    ✅ 成功抓到 7 筆時段
[2026-08-18 04:27:59] [1813/5921] 屏東糖廠 (Attraction_376530000A_000014)
[2026-08-18 04:28:05]    (透過策略2成功)
[2026-08-18 04:28:05]    ✅ 成功抓到 7 筆時段
[2026-08-18 04:28:07] [1814/5921] 海豐濕地 (Attraction_376530000A_000015)
[2026-08-18 04:28:10]    ✅ 成功抓到 7 筆時段
[2026-08-18 04:28:12] [1815/5921] 屏東和平共融遊戲場 (Attraction_376530000A_000016)
[2026-08-18 04:28:59]    ❌ 三種策略皆失敗
[2026-08-18 04:29:01] [1816/5921] 屏東蘭州共融遊戲場 (Attraction_376530000A_000017)
[2026-08-18 04:29:06]    ❌ 三種策略皆失敗
[2026-08-18 04:29:08] [1817/5921] 屏東總圖共融遊戲場 (Attraction_376530000A_000018)
[2026-08-18 04:29:11]    ✅ 成功抓到 7 筆時段
[2026-08-18 04:29:13] [1818/5921] 復興公園 (Attraction_376530000A_000019)
[2026-08-18 04:29:24]    (透過策略2成功)
[2026-08-18 04:29:24]    ✅ 成功抓到 7 筆時段
[2026-08-18 04:29:26] [1819/5921] 幸福公園 (Attraction_376530000A_000020)
[2026-08-18 04:29:32]    (透過策略2成功)
[2026-08-18 04:29:32]    ✅ 成功抓到 7 筆時段
[2026-08-18 04:29:34] [1820/5921] 屏東永大共融遊戲場 (Attraction_376530000A_000021)
[2026-08-18 04:29:37]    ✅ 成功抓到 7 筆時段
[2026-08-18 04:29:37]    💾 存檔！已處理 1820/5921 | 成功 1266 | 失敗 554
[2026-08-18 04:29:37]       資料庫共 1987 筆，其中 1409 筆有營業時間
[2026-08-18 04:29:37]       速度 7.4 筆/分鐘 | 預估剩餘 553 分鐘
[2026-08-18 04:29:39] [1821/5921] 屏東公園共融遊戲場 (Attraction_376530000A_000022)
[2026-08-18 04:29:44]    ❌ 三種策略皆失敗
[2026-08-18 04:29:46] [1822/5921] 慈鳳宮 (Attraction_376530000A_000023)
[2026-08-18 04:29:52]    (透過策略2成功)
[2026-08-18 04:29:52]    ✅ 成功抓到 7 筆時段
[2026-08-18 04:29:54] [1823/5921] 屏東玉皇宮 (Attraction_376530000A_000024)
[2026-08-18 04:29:57]    ✅ 成功抓到 7 筆時段
[2026-08-18 04:29:59] [1824/5921] 宗聖公祠 (Attraction_376530000A_000025)
[2026-08-18 04:30:03]    ✅ 成功抓到 7 筆時段
[2026-08-18 04:30:05] [1825/5921] 九如三山國王廟 (Attraction_376530000A_000026)
[2026-08-18 04:30:08]    ✅ 成功抓到 7 筆時段
[2026-08-18 04:30:10] [1826/5921] 九如全人照顧園區 (Attraction_376530000A_000027)
[2026-08-18 04:30:13]    ✅ 成功抓到 7 筆時段
[2026-08-18 04:30:15] [1827/5921] 龔家古厝 (Attraction_376530000A_000028)
[2026-08-18 04:30:19]    ✅ 成功抓到 7 筆時段
[2026-08-18 04:30:21] [1828/5921] 巴轆公園 (Attraction_376530000A_000029)
[2026-08-18 04:30:24]    ✅ 成功抓到 7 筆時段
[2026-08-18 04:30:26] [1829/5921] 三地門藝術村 (Attraction_376530000A_000030)
[2026-08-18 04:30:30]    ✅ 成功抓到 7 筆時段
[2026-08-18 04:30:32] [1830/5921] 蜻蜓雅築珠藝工作室 (Attraction_376530000A_000031)
[2026-08-18 04:30:35]    ✅ 成功抓到 7 筆時段
[2026-08-18 04:30:35]    💾 存檔！已處理 1830/5921 | 成功 1275 | 失敗 555
[2026-08-18 04:30:35]       資料庫共 1997 筆，其中 1418 筆有營業時間
[2026-08-18 04:30:35]       速度 7.4 筆/分鐘 | 預估剩餘 551 分鐘
[2026-08-18 04:30:37] [1831/5921] 莎卡蘭口社村 (Attraction_376530000A_000032)
[2026-08-18 04:30:42]    ❌ 三種策略皆失敗
[2026-08-18 04:30:44] [1832/5921] 青葉部落 (Attraction_376530000A_000033)
[2026-08-18 04:30:47]    ✅ 成功抓到 7 筆時段
[2026-08-18 04:30:49] [1833/5921] 三地門文化館 (Attraction_376530000A_000034)
[2026-08-18 04:30:54]    ❌ 三種策略皆失敗
[2026-08-18 04:30:56] [1834/5921] 地磨兒藝術公園 (Attraction_376530000A_000035)
[2026-08-18 04:30:59]    ✅ 成功抓到 7 筆時段
[2026-08-18 04:31:01] [1835/5921] 安坡部落 (Attraction_376530000A_000036)
[2026-08-18 04:31:05]    ✅ 成功抓到 7 筆時段
[2026-08-18 04:31:07] [1836/5921] 台灣原住民族文化園區 (Attraction_376530000A_000037)
[2026-08-18 04:31:51]    ✅ 成功抓到 7 筆時段
[2026-08-18 04:31:53] [1837/5921] 大路關石獅公 (Attraction_376530000A_000038)
[2026-08-18 04:31:57]    ✅ 成功抓到 7 筆時段
[2026-08-18 04:31:59] [1838/5921] 鍾理和故居 (Attraction_376530000A_000039)
[2026-08-18 04:32:02]    ✅ 成功抓到 7 筆時段
[2026-08-18 04:32:04] [1839/5921] 南區青聚點－屏東智慧農業學校 (Attraction_376530000A_000040)
[2026-08-18 04:32:08]    ✅ 成功抓到 7 筆時段
[2026-08-18 04:32:10] [1840/5921] 大津瀑布 (Attraction_376530000A_000041)
[2026-08-18 04:32:13]    ✅ 成功抓到 7 筆時段
[2026-08-18 04:32:13]    💾 存檔！已處理 1840/5921 | 成功 1283 | 失敗 557
[2026-08-18 04:32:13]       資料庫共 2007 筆，其中 1426 筆有營業時間
[2026-08-18 04:32:13]       速度 7.4 筆/分鐘 | 預估剩餘 550 分鐘
[2026-08-18 04:32:15] [1841/5921] 天龍吊橋 (Attraction_376540000A_000212)
[2026-08-18 04:32:19]    ✅ 成功抓到 7 筆時段
[2026-08-18 04:32:21] [1842/5921] 天龍古道 (Attraction_376540000A_000213)
[2026-08-18 04:32:24]    ✅ 成功抓到 7 筆時段
[2026-08-18 04:32:26] [1843/5921] 向陽國家森林遊樂區 (Attraction_376540000A_000214)
[2026-08-18 04:32:36]    ❌ 三種策略皆失敗
[2026-08-18 04:32:38] [1844/5921] 埡口 (Attraction_376540000A_000217)
[2026-08-18 04:32:41]    ✅ 成功抓到 7 筆時段
[2026-08-18 04:32:43] [1845/5921] 霧鹿古砲台 (Attraction_376540000A_000219)
[2026-08-18 04:32:46]    ✅ 成功抓到 7 筆時段
[2026-08-18 04:32:48] [1846/5921] 布農族文化館 (Attraction_376540000A_000221)
[2026-08-18 04:32:52]    ✅ 成功抓到 7 筆時段
[2026-08-18 04:32:54] [1847/5921] 逢坂抗日紀念碑 (Attraction_376540000A_000228)
[2026-08-18 04:33:02]    ✅ 成功抓到 7 筆時段
[2026-08-18 04:33:04] [1848/5921] 嘉明湖 (Attraction_376540000A_000229)
[2026-08-18 04:33:09]    ❌ 三種策略皆失敗
[2026-08-18 04:33:11] [1849/5921] 六口溫泉 (Attraction_376540000A_000231)
[2026-08-18 04:33:15]    ✅ 成功抓到 7 筆時段
[2026-08-18 04:33:17] [1850/5921] 布農部落休閒農場 (Attraction_376540000A_000232)
[2026-08-18 04:33:20]    ✅ 成功抓到 7 筆時段
[2026-08-18 04:33:20]    💾 存檔！已處理 1850/5921 | 成功 1291 | 失敗 559
[2026-08-18 04:33:20]       資料庫共 2017 筆，其中 1434 筆有營業時間
[2026-08-18 04:33:20]       速度 7.4 筆/分鐘 | 預估剩餘 548 分鐘
[2026-08-18 04:33:22] [1851/5921] 紅葉少棒紀念館 (Attraction_376540000A_000233)
[2026-08-18 04:33:25]    ✅ 成功抓到 7 筆時段
[2026-08-18 04:33:27] [1852/5921] 桃源村蝴蝶谷 (Attraction_376540000A_000236)
[2026-08-18 04:33:37]    ❌ 三種策略皆失敗
[2026-08-18 04:33:39] [1853/5921] 南田海岸親水公園 (Attraction_376540000A_000245)
[2026-08-18 04:34:21]    ✅ 成功抓到 7 筆時段
[2026-08-18 04:34:23] [1854/5921] 浸水營國家步道 (Attraction_376540000A_000246)
[2026-08-18 04:34:27]    ✅ 成功抓到 7 筆時段
[2026-08-18 04:34:29] [1855/5921] 大坡池 (Attraction_376540000A_000252)
[2026-08-18 04:34:33]    ❌ 三種策略皆失敗
[2026-08-18 04:34:35] [1856/5921] 台糖池上牧野渡假村 (Attraction_376540000A_000253)
[2026-08-18 04:35:19]    ❌ 三種策略皆失敗
[2026-08-18 04:35:21] [1857/5921] 杜園 (Attraction_376540000A_000255)
[2026-08-18 04:35:25]    ✅ 成功抓到 7 筆時段
[2026-08-18 04:35:27] [1858/5921] 稻米原鄉館 (Attraction_376540000A_000258)
[2026-08-18 04:36:07]    ✅ 成功抓到 7 筆時段
[2026-08-18 04:36:09] [1859/5921] 萬安禾鴨生態池 (Attraction_376540000A_000260)
[2026-08-18 04:36:14]    ❌ 三種策略皆失敗
[2026-08-18 04:36:16] [1860/5921] 池上浮圳 (Attraction_376540000A_000262)
[2026-08-18 04:36:20]    ✅ 成功抓到 7 筆時段
[2026-08-18 04:36:20]    💾 存檔！已處理 1860/5921 | 成功 1297 | 失敗 563
[2026-08-18 04:36:20]       資料庫共 2027 筆，其中 1440 筆有營業時間
[2026-08-18 04:36:20]       速度 7.4 筆/分鐘 | 預估剩餘 550 分鐘
[2026-08-18 04:36:22] [1861/5921] 關山天后宮 (Attraction_376540000A_000264)
[2026-08-18 04:36:25]    ✅ 成功抓到 7 筆時段
[2026-08-18 04:36:27] [1862/5921] 關山親水公園 (Attraction_376540000A_000265)
[2026-08-18 04:36:31]    ✅ 成功抓到 7 筆時段
[2026-08-18 04:36:33] [1863/5921] 里壠驛（關山舊火車站） (Attraction_376540000A_000266)
[2026-08-18 04:37:21]    ❌ 三種策略皆失敗
[2026-08-18 04:37:23] [1864/5921] 鹿鳴吊橋景觀遊憩區 (Attraction_376540000A_000269)
[2026-08-18 04:37:26]    ✅ 成功抓到 7 筆時段
[2026-08-18 04:37:28] [1865/5921] 武陵綠色隧道 (Attraction_376540000A_000272)
[2026-08-18 04:37:32]    ✅ 成功抓到 7 筆時段
[2026-08-18 04:37:34] [1866/5921] 新良人工濕地 (Attraction_376540000A_000273)
[2026-08-18 04:37:37]    ✅ 成功抓到 7 筆時段
[2026-08-18 04:37:39] [1867/5921] 馬背調整池水利公園 (Attraction_376540000A_000275)
[2026-08-18 04:37:43]    ✅ 成功抓到 7 筆時段
[2026-08-18 04:37:45] [1868/5921] 永安玉龍泉步道 (Attraction_376540000A_000276)
[2026-08-18 04:37:48]    ✅ 成功抓到 7 筆時段
[2026-08-18 04:37:50] [1869/5921] 臺東原生應用植物園 (Attraction_376540000A_000278)
[2026-08-18 04:37:54]    ✅ 成功抓到 7 筆時段
[2026-08-18 04:37:56] [1870/5921] 知本圳親水公園 (Attraction_376540000A_000280)
[2026-08-18 04:37:59]    ✅ 成功抓到 7 筆時段
[2026-08-18 04:37:59]    💾 存檔！已處理 1870/5921 | 成功 1306 | 失敗 564
[2026-08-18 04:37:59]       資料庫共 2037 筆，其中 1449 筆有營業時間
[2026-08-18 04:37:59]       速度 7.4 筆/分鐘 | 預估剩餘 550 分鐘
[2026-08-18 04:38:01] [1871/5921] 利吉惡地 (Attraction_376540000A_000281)
[2026-08-18 04:38:05]    ✅ 成功抓到 7 筆時段
[2026-08-18 04:38:07] [1872/5921] 富山漁業資源保育區 (Attraction_376540000A_000282)
[2026-08-18 04:38:10]    ✅ 成功抓到 7 筆時段
[2026-08-18 04:38:12] [1873/5921] 知本國家森林遊樂區 (Attraction_376540000A_000283)
[2026-08-18 04:38:17]    ❌ 三種策略皆失敗
[2026-08-18 04:38:19] [1874/5921] 知本溫泉 (Attraction_376540000A_000284)
[2026-08-18 04:38:27]    ✅ 成功抓到 7 筆時段
[2026-08-18 04:38:29] [1875/5921] 初鹿牧場 (Attraction_376540000A_000285)
[2026-08-18 04:38:34]    ❌ 三種策略皆失敗
[2026-08-18 04:38:36] [1876/5921] 利嘉林道 (Attraction_376540000A_000294)
[2026-08-18 04:38:40]    ❌ 三種策略皆失敗
[2026-08-18 04:38:42] [1877/5921] 頂岩灣四格山步道 (Attraction_376540000A_000295)
[2026-08-18 04:38:51]    ✅ 成功抓到 7 筆時段
[2026-08-18 04:38:53] [1878/5921] 賓朗(檳榔)舊火車站 (Attraction_376540000A_000298)
[2026-08-18 04:38:59]    ❌ 三種策略皆失敗
[2026-08-18 04:39:01] [1879/5921] 加路蘭遊憩區 (Attraction_376540000A_000300)
[2026-08-18 04:39:06]    ❌ 三種策略皆失敗
[2026-08-18 04:39:08] [1880/5921] 富岡地質公園 (小野柳) (Attraction_376540000A_000301)
[2026-08-18 04:39:16]    (透過策略3成功)
[2026-08-18 04:39:16]    ✅ 成功抓到 7 筆時段
[2026-08-18 04:39:16]    💾 存檔！已處理 1880/5921 | 成功 1311 | 失敗 569
[2026-08-18 04:39:16]       資料庫共 2047 筆，其中 1454 筆有營業時間
[2026-08-18 04:39:16]       速度 7.4 筆/分鐘 | 預估剩餘 548 分鐘
[2026-08-18 04:39:18] [1881/5921] 台東天后宮 (Attraction_376540000A_000302)
[2026-08-18 04:39:21]    ✅ 成功抓到 7 筆時段
[2026-08-18 04:39:23] [1882/5921] 臺東觀光夜市 (Attraction_376540000A_000303)
[2026-08-18 04:39:27]    ✅ 成功抓到 7 筆時段
[2026-08-18 04:39:29] [1883/5921] 卑南遺址公園 (Attraction_376540000A_000304)
[2026-08-18 04:39:33]    ❌ 三種策略皆失敗
[2026-08-18 04:39:35] [1884/5921] 海濱公園 (Attraction_376540000A_000308)
[2026-08-18 04:39:40]    ❌ 三種策略皆失敗
[2026-08-18 04:39:42] [1885/5921] 國立臺灣史前文化博物館 (Attraction_376540000A_000309)
[2026-08-18 04:39:45]    ✅ 成功抓到 7 筆時段
[2026-08-18 04:39:47] [1886/5921] 富岡漁港 (Attraction_376540000A_000310)
[2026-08-18 04:39:52]    ❌ 三種策略皆失敗
[2026-08-18 04:39:54] [1887/5921] 鯉魚山公園 (Attraction_376540000A_000312)
[2026-08-18 04:39:58]    ❌ 三種策略皆失敗
[2026-08-18 04:40:00] [1888/5921] 臺東美術館 (Attraction_376540000A_000313)
[2026-08-18 04:40:04]    ✅ 成功抓到 7 筆時段
[2026-08-18 04:40:06] [1889/5921] 臺東舊鐵道路廊 (Attraction_376540000A_000316)
[2026-08-18 04:40:09]    ✅ 成功抓到 7 筆時段
[2026-08-18 04:40:11] [1890/5921] 卑南大圳水利公園 (Attraction_376540000A_000318)
[2026-08-18 04:40:15]    ✅ 成功抓到 7 筆時段
[2026-08-18 04:40:15]    💾 存檔！已處理 1890/5921 | 成功 1317 | 失敗 573
[2026-08-18 04:40:15]       資料庫共 2057 筆，其中 1460 筆有營業時間
[2026-08-18 04:40:15]       速度 7.4 筆/分鐘 | 預估剩餘 546 分鐘
[2026-08-18 04:40:17] [1891/5921] 水往上流奇觀 (Attraction_376540000A_000319)
[2026-08-18 04:40:20]    ✅ 成功抓到 7 筆時段
[2026-08-18 04:40:22] [1892/5921] 東河橋遊憩區 (Attraction_376540000A_000321)
[2026-08-18 04:40:26]    ✅ 成功抓到 7 筆時段
[2026-08-18 04:40:28] [1893/5921] 金樽遊憩區 (Attraction_376540000A_000322)
[2026-08-18 04:40:31]    ✅ 成功抓到 7 筆時段
[2026-08-18 04:40:33] [1894/5921] 泰源幽谷 (Attraction_376540000A_000324)
[2026-08-18 04:40:43]    ❌ 三種策略皆失敗
[2026-08-18 04:40:45] [1895/5921] 都蘭遺址 (Attraction_376540000A_000325)
[2026-08-18 04:40:49]    ❌ 三種策略皆失敗
[2026-08-18 04:40:51] [1896/5921] 登仙橋遊憩區 (Attraction_376540000A_000326)
[2026-08-18 04:41:01]    ❌ 三種策略皆失敗
[2026-08-18 04:41:03] [1897/5921] 都蘭山登山步道 (Attraction_376540000A_000327)
[2026-08-18 04:41:08]    ❌ 三種策略皆失敗
[2026-08-18 04:41:10] [1898/5921] 加母子灣 (Attraction_376540000A_000329)
[2026-08-18 04:41:14]    ❌ 三種策略皆失敗
[2026-08-18 04:41:16] [1899/5921] 新東糖廠文化園區 (Attraction_376540000A_000331)
[2026-08-18 04:41:20]    ✅ 成功抓到 7 筆時段
[2026-08-18 04:41:22] [1900/5921] 三仙台風景區 (Attraction_376540000A_000333)
[2026-08-18 04:41:26]    ❌ 三種策略皆失敗
[2026-08-18 04:41:26]    💾 存檔！已處理 1900/5921 | 成功 1321 | 失敗 579
[2026-08-18 04:41:26]       資料庫共 2067 筆，其中 1464 筆有營業時間
[2026-08-18 04:41:26]       速度 7.4 筆/分鐘 | 預估剩餘 544 分鐘
[2026-08-18 04:41:28] [1901/5921] 石雨傘 (Attraction_376540000A_000336)
[2026-08-18 04:41:33]    ❌ 三種策略皆失敗
[2026-08-18 04:41:35] [1902/5921] 成功漁港 (Attraction_376540000A_000337)
[2026-08-18 04:41:41]    ❌ 三種策略皆失敗
[2026-08-18 04:41:43] [1903/5921] 東部海岸國家風景區管理處 (Attraction_376540000A_000338)
[2026-08-18 04:41:51]    ✅ 成功抓到 7 筆時段
[2026-08-18 04:41:53] [1904/5921] 阿美族民俗中心 (Attraction_376540000A_000339)
[2026-08-18 04:41:57]    ✅ 成功抓到 7 筆時段
[2026-08-18 04:41:59] [1905/5921] 原住民祖先發祥地碑 (Attraction_376540000A_000344)
[2026-08-18 04:42:03]    ❌ 三種策略皆失敗
[2026-08-18 04:42:05] [1906/5921] 太麻里金針山 (Attraction_376540000A_000345)
[2026-08-18 04:42:15]    ❌ 三種策略皆失敗
[2026-08-18 04:42:17] [1907/5921] 金崙溫泉風景區 (Attraction_376540000A_000346)
[2026-08-18 04:42:22]    ❌ 三種策略皆失敗
[2026-08-18 04:42:24] [1908/5921] 千禧曙光紀念園區 (Attraction_376540000A_000347)
[2026-08-18 04:42:27]    ✅ 成功抓到 7 筆時段
[2026-08-18 04:42:29] [1909/5921] 三和海濱公園 (Attraction_376540000A_000348)
[2026-08-18 04:42:33]    ✅ 成功抓到 7 筆時段
[2026-08-18 04:42:35] [1910/5921] 大武漁港 (Attraction_376540000A_000349)
[2026-08-18 04:42:39]    ❌ 三種策略皆失敗
[2026-08-18 04:42:39]    💾 存檔！已處理 1910/5921 | 成功 1325 | 失敗 585
[2026-08-18 04:42:39]       資料庫共 2077 筆，其中 1468 筆有營業時間
[2026-08-18 04:42:39]       速度 7.4 筆/分鐘 | 預估剩餘 543 分鐘
[2026-08-18 04:42:41] [1911/5921] 金龍湖 (Attraction_376540000A_000350)
[2026-08-18 04:42:46]    ❌ 三種策略皆失敗
[2026-08-18 04:42:48] [1912/5921] 大武國家森林步道 (Attraction_376540000A_000351)
[2026-08-18 04:42:51]    ✅ 成功抓到 7 筆時段
[2026-08-18 04:42:53] [1913/5921] 山豬窟休閒農業區 (Attraction_376540000A_000352)
[2026-08-18 04:43:03]    ❌ 三種策略皆失敗
[2026-08-18 04:43:05] [1914/5921] 八仙洞 (Attraction_376540000A_000354)
[2026-08-18 04:43:08]    ✅ 成功抓到 7 筆時段
[2026-08-18 04:43:10] [1915/5921] 烏石鼻 (Attraction_376540000A_000355)
[2026-08-18 04:43:20]    ❌ 三種策略皆失敗
[2026-08-18 04:43:22] [1916/5921] 玉長公路 (Attraction_376540000A_000358)
[2026-08-18 04:43:26]    ✅ 成功抓到 7 筆時段
[2026-08-18 04:43:28] [1917/5921] 舊樟原橋遊憩區 (Attraction_376540000A_000359)
[2026-08-18 04:43:31]    ✅ 成功抓到 7 筆時段
[2026-08-18 04:43:33] [1918/5921] 臺東航空站 (Attraction_376540000A_000360)
[2026-08-18 04:43:38]    ❌ 三種策略皆失敗
[2026-08-18 04:43:40] [1919/5921] 白色恐怖綠島紀念園區 (Attraction_376540000A_000361)
[2026-08-18 04:43:44]    ✅ 成功抓到 7 筆時段
[2026-08-18 04:43:46] [1920/5921] 大白沙 (Attraction_376540000A_000362)
[2026-08-18 04:43:50]    ❌ 三種策略皆失敗
[2026-08-18 04:43:50]    💾 存檔！已處理 1920/5921 | 成功 1330 | 失敗 590
[2026-08-18 04:43:50]       資料庫共 2087 筆，其中 1473 筆有營業時間
[2026-08-18 04:43:50]       速度 7.4 筆/分鐘 | 預估剩餘 541 分鐘
[2026-08-18 04:43:52] [1921/5921] 海參坪 (Attraction_376540000A_000363)
[2026-08-18 04:43:56]    ✅ 成功抓到 7 筆時段
[2026-08-18 04:43:58] [1922/5921] 牛頭山 (Attraction_376540000A_000364)
[2026-08-18 04:44:01]    ✅ 成功抓到 7 筆時段
[2026-08-18 04:44:03] [1923/5921] 石朗潛水區 (Attraction_376540000A_000365)
[2026-08-18 04:44:08]    ❌ 三種策略皆失敗
[2026-08-18 04:44:10] [1924/5921] 帆船鼻 (Attraction_376540000A_000366)
[2026-08-18 04:44:15]    (透過策略2成功)
[2026-08-18 04:44:15]    ✅ 成功抓到 7 筆時段
[2026-08-18 04:44:17] [1925/5921] 綠島南寮漁港 (Attraction_376540000A_000367)
[2026-08-18 04:44:22]    ❌ 三種策略皆失敗
[2026-08-18 04:44:24] [1926/5921] 柚子湖 (Attraction_376540000A_000368)
[2026-08-18 04:44:28]    ✅ 成功抓到 7 筆時段
[2026-08-18 04:44:30] [1927/5921] 馬蹄橋 (Attraction_376540000A_000370)
[2026-08-18 04:44:33]    ✅ 成功抓到 7 筆時段
[2026-08-18 04:44:35] [1928/5921] 朝日溫泉 (Attraction_376540000A_000372)
[2026-08-18 04:44:39]    ✅ 成功抓到 7 筆時段
[2026-08-18 04:44:41] [1929/5921] 綠島紫坪生態保育區 (Attraction_376540000A_000373)
[2026-08-18 04:44:44]    ✅ 成功抓到 7 筆時段
[2026-08-18 04:44:46] [1930/5921] 綠島遊客中心 (Attraction_376540000A_000375)
[2026-08-18 04:44:49]    ✅ 成功抓到 7 筆時段
[2026-08-18 04:44:49]    💾 存檔！已處理 1930/5921 | 成功 1338 | 失敗 592
[2026-08-18 04:44:49]       資料庫共 2097 筆，其中 1481 筆有營業時間
[2026-08-18 04:44:49]       速度 7.4 筆/分鐘 | 預估剩餘 539 分鐘
[2026-08-18 04:44:51] [1931/5921] 綠島監獄 (Attraction_376540000A_000376)
[2026-08-18 04:44:55]    ✅ 成功抓到 7 筆時段
[2026-08-18 04:44:57] [1932/5921] 綠島燈塔 (Attraction_376540000A_000377)
[2026-08-18 04:45:05]    ✅ 成功抓到 7 筆時段
[2026-08-18 04:45:07] [1933/5921] 綠島樓門岩 (Attraction_376540000A_000378)
[2026-08-18 04:45:12]    ❌ 三種策略皆失敗
[2026-08-18 04:45:14] [1934/5921] 綠島觀音洞 (Attraction_376540000A_000380)
[2026-08-18 04:45:18]    ❌ 三種策略皆失敗
[2026-08-18 04:45:20] [1935/5921] 過山古道 (Attraction_376540000A_000382)
[2026-08-18 04:45:26]    (透過策略2成功)
[2026-08-18 04:45:26]    ✅ 成功抓到 7 筆時段
[2026-08-18 04:45:28] [1936/5921] 紅頭岩(像水渠一樣) (Attraction_376540000A_000384)
[2026-08-18 04:45:31]    ✅ 成功抓到 7 筆時段
[2026-08-18 04:45:33] [1937/5921] 八代灣 (Attraction_376540000A_000385)
[2026-08-18 04:45:37]    ✅ 成功抓到 7 筆時段
[2026-08-18 04:45:39] [1938/5921] 五孔洞 (Attraction_376540000A_000386)
[2026-08-18 04:45:42]    ✅ 成功抓到 7 筆時段
[2026-08-18 04:45:44] [1939/5921] 玉女岩(火把岩) (Attraction_376540000A_000388)
[2026-08-18 04:45:47]    ✅ 成功抓到 7 筆時段
[2026-08-18 04:45:49] [1940/5921] 東清灣 (Attraction_376540000A_000391)
[2026-08-18 04:45:54]    ❌ 三種策略皆失敗
[2026-08-18 04:45:54]    💾 存檔！已處理 1940/5921 | 成功 1345 | 失敗 595
[2026-08-18 04:45:54]       資料庫共 2107 筆，其中 1488 筆有營業時間
[2026-08-18 04:45:54]       速度 7.4 筆/分鐘 | 預估剩餘 537 分鐘
[2026-08-18 04:45:56] [1941/5921] 軍艦岩 (Attraction_376540000A_000392)
[2026-08-18 04:46:00]    ❌ 三種策略皆失敗
[2026-08-18 04:46:02] [1942/5921] 野銀舊部落 (Attraction_376540000A_000393)
[2026-08-18 04:46:06]    ✅ 成功抓到 7 筆時段
[2026-08-18 04:46:08] [1943/5921] 情人洞 (Attraction_376540000A_000395)
[2026-08-18 04:46:11]    ✅ 成功抓到 7 筆時段
[2026-08-18 04:46:13] [1944/5921] 開元港 (Attraction_376540000A_000397)
[2026-08-18 04:46:23]    ❌ 三種策略皆失敗
[2026-08-18 04:46:25] [1945/5921] 龍頭岩 (Attraction_376540000A_000399)
[2026-08-18 04:46:34]    ✅ 成功抓到 7 筆時段
[2026-08-18 04:46:36] [1946/5921] 雙獅岩 (Attraction_376540000A_000400)
[2026-08-18 04:46:39]    ✅ 成功抓到 7 筆時段
[2026-08-18 04:46:41] [1947/5921] 蘭嶼燈塔 (Attraction_376540000A_000402)
[2026-08-18 04:46:45]    ✅ 成功抓到 7 筆時段
[2026-08-18 04:46:47] [1948/5921] 青青草原 (Attraction_376540000A_000404)
[2026-08-18 04:46:52]    (透過策略2成功)
[2026-08-18 04:46:52]    ✅ 成功抓到 7 筆時段
[2026-08-18 04:46:54] [1949/5921] 蘭嶼氣象站 (Attraction_376540000A_000408)
[2026-08-18 04:46:59]    ❌ 三種策略皆失敗
[2026-08-18 04:47:01] [1950/5921] 金樽漁港 (Attraction_376540000A_000420)
[2026-08-18 04:47:11]    ❌ 三種策略皆失敗
[2026-08-18 04:47:11]    💾 存檔！已處理 1950/5921 | 成功 1351 | 失敗 599
[2026-08-18 04:47:11]       資料庫共 2117 筆，其中 1494 筆有營業時間
[2026-08-18 04:47:11]       速度 7.4 筆/分鐘 | 預估剩餘 535 分鐘
[2026-08-18 04:47:13] [1951/5921] 成廣澳文化地景(廣恆發遺跡) (Attraction_376540000A_000424)
[2026-08-18 04:47:16]    ✅ 成功抓到 7 筆時段
[2026-08-18 04:47:18] [1952/5921] 樟原長老教會 (Attraction_376540000A_000426)
[2026-08-18 04:47:23]    ❌ 三種策略皆失敗
[2026-08-18 04:47:25] [1953/5921] 石門長濱自行車道 (Attraction_376540000A_000427)
[2026-08-18 04:47:30]    ❌ 三種策略皆失敗
[2026-08-18 04:47:32] [1954/5921] 多良火車站 (Attraction_376540000A_000429)
[2026-08-18 04:47:38]    (透過策略2成功)
[2026-08-18 04:47:38]    ✅ 成功抓到 7 筆時段
[2026-08-18 04:47:40] [1955/5921] 伯朗大道 (Attraction_376540000A_000430)
[2026-08-18 04:47:44]    ❌ 三種策略皆失敗
[2026-08-18 04:47:46] [1956/5921] 基翬漁港 (Attraction_376540000A_000433)
[2026-08-18 04:47:51]    ❌ 三種策略皆失敗
[2026-08-18 04:47:53] [1957/5921] 鹿野高台 (Attraction_376540000A_000450)
[2026-08-18 04:48:01]    ✅ 成功抓到 7 筆時段
[2026-08-18 04:48:03] [1958/5921] 臺東森林公園 (Attraction_376540000A_000454)
[2026-08-18 04:48:07]    ✅ 成功抓到 7 筆時段
[2026-08-18 04:48:09] [1959/5921] 忠勇社區自行車道 (Attraction_376540000A_000455)
[2026-08-18 04:48:12]    ✅ 成功抓到 7 筆時段
[2026-08-18 04:48:14] [1960/5921] 金色豐收館 (Attraction_376540000A_000458)
[2026-08-18 04:48:18]    ✅ 成功抓到 7 筆時段
[2026-08-18 04:48:18]    💾 存檔！已處理 1960/5921 | 成功 1357 | 失敗 603
[2026-08-18 04:48:18]       資料庫共 2127 筆，其中 1500 筆有營業時間
[2026-08-18 04:48:18]       速度 7.4 筆/分鐘 | 預估剩餘 534 分鐘
[2026-08-18 04:48:20] [1961/5921] 關山米國學校 (Attraction_376540000A_000459)
[2026-08-18 04:48:24]    ❌ 三種策略皆失敗
[2026-08-18 04:48:26] [1962/5921] 關山環鎮自行車道 (Attraction_376540000A_000461)
[2026-08-18 04:48:30]    ✅ 成功抓到 7 筆時段
[2026-08-18 04:48:32] [1963/5921] 霧鹿峽谷 (Attraction_376540000A_000462)
[2026-08-18 04:48:35]    ✅ 成功抓到 7 筆時段
[2026-08-18 04:48:37] [1964/5921] 卡地布文化園區 (Attraction_376540000A_000463)
[2026-08-18 04:48:40]    ✅ 成功抓到 7 筆時段
[2026-08-18 04:48:42] [1965/5921] 知本天主堂 (Attraction_376540000A_000464)
[2026-08-18 04:48:47]    ❌ 三種策略皆失敗
[2026-08-18 04:48:49] [1966/5921] 馬蘭車站 (Attraction_376540000A_000465)
[2026-08-18 04:48:59]    ❌ 三種策略皆失敗
[2026-08-18 04:49:01] [1967/5921] 臺東車站 (Attraction_376540000A_000468)
[2026-08-18 04:49:11]    ❌ 三種策略皆失敗
[2026-08-18 04:49:13] [1968/5921] 臺東環市自行車道(山海鐵馬道) (Attraction_376540000A_000471)
[2026-08-18 04:49:21]    (透過策略3成功)
[2026-08-18 04:49:21]    ✅ 成功抓到 7 筆時段
[2026-08-18 04:49:23] [1969/5921] 知本林道瀑布 (Attraction_376540000A_000472)
[2026-08-18 04:49:26]    ✅ 成功抓到 7 筆時段
[2026-08-18 04:49:28] [1970/5921] 千年夫妻樹 (Attraction_376540000A_000473)
[2026-08-18 04:49:32]    ✅ 成功抓到 7 筆時段
[2026-08-18 04:49:32]    💾 存檔！已處理 1970/5921 | 成功 1363 | 失敗 607
[2026-08-18 04:49:32]       資料庫共 2137 筆，其中 1506 筆有營業時間
[2026-08-18 04:49:32]       速度 7.4 筆/分鐘 | 預估剩餘 532 分鐘
[2026-08-18 04:49:34] [1971/5921] 鹿野龍田自行車道 (Attraction_376540000A_000475)
[2026-08-18 04:49:42]    ✅ 成功抓到 7 筆時段
[2026-08-18 04:49:44] [1972/5921] 崑慈堂 (Attraction_376540000A_000476)
[2026-08-18 04:49:48]    ✅ 成功抓到 7 筆時段
[2026-08-18 04:49:50] [1973/5921] 柴口浮潛區 (Attraction_376540000A_000478)
[2026-08-18 04:49:54]    ❌ 三種策略皆失敗
[2026-08-18 04:49:56] [1974/5921] 綠洲山莊 (Attraction_376540000A_000479)
[2026-08-18 04:50:00]    ✅ 成功抓到 7 筆時段
[2026-08-18 04:50:02] [1975/5921] 富源觀景台 (Attraction_376540000A_000481)
[2026-08-18 04:50:06]    ❌ 三種策略皆失敗
[2026-08-18 04:50:08] [1976/5921] 寶町藝文中心 (Attraction_376540000A_000484)
[2026-08-18 04:50:12]    ✅ 成功抓到 7 筆時段
[2026-08-18 04:50:14] [1977/5921] 麻荖漏步道 (Attraction_376540000A_000485)
[2026-08-18 04:50:17]    ✅ 成功抓到 7 筆時段
[2026-08-18 04:50:19] [1978/5921] 池上飯包文化故事館 (Attraction_376540000A_000487)
[2026-08-18 04:50:23]    ✅ 成功抓到 7 筆時段
[2026-08-18 04:50:25] [1979/5921] 中寮漁港 (Attraction_376540000A_000489)
[2026-08-18 04:50:30]    (透過策略2成功)
[2026-08-18 04:50:30]    ✅ 成功抓到 7 筆時段
[2026-08-18 04:50:32] [1980/5921] 公東高工聖堂大樓 (Attraction_376540000A_000491)
[2026-08-18 04:50:48]    (透過策略2成功)
[2026-08-18 04:50:48]    ✅ 成功抓到 7 筆時段
[2026-08-18 04:50:48]    💾 存檔！已處理 1980/5921 | 成功 1371 | 失敗 609
[2026-08-18 04:50:48]       資料庫共 2147 筆，其中 1514 筆有營業時間
[2026-08-18 04:50:48]       速度 7.4 筆/分鐘 | 預估剩餘 531 分鐘
[2026-08-18 04:50:50] [1981/5921] 池上環鄉自行車道 (Attraction_376540000A_000494)
[2026-08-18 04:50:54]    ✅ 成功抓到 7 筆時段
[2026-08-18 04:50:56] [1982/5921] 鸞山森林文化博物館 (Attraction_376540000A_001256)
[2026-08-18 04:50:59]    ✅ 成功抓到 7 筆時段
[2026-08-18 04:51:01] [1983/5921] 都蘭部落(都蘭國) (Attraction_376540000A_001267)
[2026-08-18 04:51:09]    (透過策略3成功)
[2026-08-18 04:51:09]    ✅ 成功抓到 7 筆時段
[2026-08-18 04:51:11] [1984/5921] 9420濱海休憩區 (Attraction_376540000A_001275)
[2026-08-18 04:51:20]    ✅ 成功抓到 7 筆時段
[2026-08-18 04:51:22] [1985/5921] 宜灣卡片教堂 (Attraction_376540000A_001276)
[2026-08-18 04:51:26]    ❌ 三種策略皆失敗
[2026-08-18 04:51:28] [1986/5921] 天際航空─熱氣球飛行夢工場 (Attraction_376540000A_001281)
[2026-08-18 04:51:32]    ✅ 成功抓到 7 筆時段
[2026-08-18 04:51:34] [1987/5921] 臺東舊站特區 (Attraction_376540000A_001285)
[2026-08-18 04:51:37]    ✅ 成功抓到 7 筆時段
[2026-08-18 04:51:39] [1988/5921] 山里火車站 (Attraction_376540000A_001286)
[2026-08-18 04:51:45]    (透過策略2成功)
[2026-08-18 04:51:45]    ✅ 成功抓到 7 筆時段
[2026-08-18 04:51:47] [1989/5921] 金剛大道 (Attraction_376540000A_001287)
[2026-08-18 04:51:51]    ✅ 成功抓到 7 筆時段
[2026-08-18 04:51:53] [1990/5921] 華源海灣 (Attraction_376540000A_001289)
[2026-08-18 04:51:56]    ✅ 成功抓到 7 筆時段
[2026-08-18 04:51:56]    💾 存檔！已處理 1990/5921 | 成功 1380 | 失敗 610
[2026-08-18 04:51:56]       資料庫共 2157 筆，其中 1523 筆有營業時間
[2026-08-18 04:51:56]       速度 7.4 筆/分鐘 | 預估剩餘 529 分鐘
[2026-08-18 04:51:58] [1991/5921] 大武彩虹街 (Attraction_376540000A_001290)
[2026-08-18 04:52:01]    ✅ 成功抓到 7 筆時段
[2026-08-18 04:52:03] [1992/5921] 睡美人岩 (Attraction_376540000A_001292)
[2026-08-18 04:52:07]    ✅ 成功抓到 7 筆時段
[2026-08-18 04:52:09] [1993/5921] 哈巴狗岩 (Attraction_376540000A_001293)
[2026-08-18 04:52:12]    ✅ 成功抓到 7 筆時段
[2026-08-18 04:52:14] [1994/5921] 烏油窟 (Attraction_376540000A_001294)
[2026-08-18 04:52:18]    ✅ 成功抓到 7 筆時段
[2026-08-18 04:52:20] [1995/5921] 台東糖廠 (Attraction_376540000A_001295)
[2026-08-18 04:52:24]    ❌ 三種策略皆失敗
[2026-08-18 04:52:26] [1996/5921] 臺東轉運站 (Attraction_376540000A_001296)
[2026-08-18 04:52:36]    ❌ 三種策略皆失敗
[2026-08-18 04:52:38] [1997/5921] 鹿野神社 (Attraction_376540000A_001298)
[2026-08-18 04:52:42]    ✅ 成功抓到 7 筆時段
[2026-08-18 04:52:44] [1998/5921] 向陽薪傳木工坊 (Attraction_376540000A_001299)
[2026-08-18 04:52:47]    ✅ 成功抓到 7 筆時段
[2026-08-18 04:52:49] [1999/5921] 國立臺東生活美學館 (Attraction_376540000A_001308)
[2026-08-18 04:52:53]    ✅ 成功抓到 7 筆時段
[2026-08-18 04:52:55] [2000/5921] 嘉蘭天空步道 (Attraction_376540000A_001309)
[2026-08-18 04:53:00]    ❌ 三種策略皆失敗
[2026-08-18 04:53:00]    💾 存檔！已處理 2000/5921 | 成功 1387 | 失敗 613
[2026-08-18 04:53:00]       資料庫共 2167 筆，其中 1530 筆有營業時間
[2026-08-18 04:53:00]       速度 7.4 筆/分鐘 | 預估剩餘 527 分鐘
[2026-08-18 04:53:02] [2001/5921] 長光遺址 (Attraction_376540000A_001311)
[2026-08-18 04:53:06]    ❌ 三種策略皆失敗
[2026-08-18 04:53:08] [2002/5921] 綠島豆丁海馬海底郵筒(綠島海底世界) (Attraction_376540000A_001315)
[2026-08-18 04:53:12]    ✅ 成功抓到 7 筆時段
[2026-08-18 04:53:14] [2003/5921] TTstyle原創館-波浪屋 (Attraction_376540000A_001318)
[2026-08-18 04:53:17]    ✅ 成功抓到 7 筆時段
[2026-08-18 04:53:19] [2004/5921] 臺東縣成功鎮原住民文物館 (Attraction_376540000A_001319)
[2026-08-18 04:53:23]    ✅ 成功抓到 7 筆時段
[2026-08-18 04:53:25] [2005/5921] 魯拉克斯吊橋 (Attraction_376540000A_001320)
[2026-08-18 04:53:28]    ✅ 成功抓到 7 筆時段
[2026-08-18 04:53:30] [2006/5921] Pacefongan 巴茲風岸 (都歷沙灘) (Attraction_376540000A_001327)
[2026-08-18 04:53:37]    ❌ 三種策略皆失敗
[2026-08-18 04:53:39] [2007/5921] 臺東市北町日式建築宿舍群 (Attraction_376540000A_001330)
[2026-08-18 04:53:43]    ❌ 三種策略皆失敗
[2026-08-18 04:53:45] [2008/5921] 杉原灣 (Attraction_376540000A_001332)
[2026-08-18 04:53:49]    ✅ 成功抓到 7 筆時段
[2026-08-18 04:53:51] [2009/5921] 金崙大橋 (Attraction_376540000A_001369)
[2026-08-18 04:53:54]    ✅ 成功抓到 7 筆時段
[2026-08-18 04:53:56] [2010/5921] 中興崗哨 (Attraction_376540000A_001371)
[2026-08-18 04:54:00]    ✅ 成功抓到 7 筆時段
[2026-08-18 04:54:00]    💾 存檔！已處理 2010/5921 | 成功 1394 | 失敗 616
[2026-08-18 04:54:00]       資料庫共 2177 筆，其中 1537 筆有營業時間
[2026-08-18 04:54:00]       速度 7.5 筆/分鐘 | 預估剩餘 525 分鐘
[2026-08-18 04:54:02] [2011/5921] 野銀冷泉 (Attraction_376540000A_001372)
[2026-08-18 04:54:05]    ✅ 成功抓到 7 筆時段
[2026-08-18 04:54:07] [2012/5921] 舊蘭嶼燈塔 (Attraction_376540000A_001373)
[2026-08-18 04:54:11]    ✅ 成功抓到 7 筆時段
[2026-08-18 04:54:13] [2013/5921] 大武之心南迴驛 (Attraction_376540000A_001375)
[2026-08-18 04:54:16]    ✅ 成功抓到 7 筆時段
[2026-08-18 04:54:18] [2014/5921] 天堂路 (Attraction_376540000A_001392)
[2026-08-18 04:54:22]    ✅ 成功抓到 7 筆時段
[2026-08-18 04:54:24] [2015/5921] 華源曙光觀景台 (Attraction_376540000A_001396)
[2026-08-18 04:54:27]    ✅ 成功抓到 7 筆時段
[2026-08-18 04:54:29] [2016/5921] 金樽貓洞 (Attraction_376540000A_001405)
[2026-08-18 04:54:34]    ❌ 三種策略皆失敗
[2026-08-18 04:54:36] [2017/5921] 達谷梵秘境 (Attraction_376540000A_001422)
[2026-08-18 04:54:40]    ✅ 成功抓到 7 筆時段
[2026-08-18 04:54:42] [2018/5921] 海洋生態意象廣場 (Attraction_376540000A_001427)
[2026-08-18 04:54:45]    ✅ 成功抓到 7 筆時段
[2026-08-18 04:54:47] [2019/5921] 池上穀倉藝術館 (Attraction_376540000A_001429)
[2026-08-18 04:54:51]    ✅ 成功抓到 7 筆時段
[2026-08-18 04:54:53] [2020/5921] 鹿野親子公園 (Attraction_376540000A_001430)
[2026-08-18 04:54:56]    ✅ 成功抓到 7 筆時段
[2026-08-18 04:54:56]    💾 存檔！已處理 2020/5921 | 成功 1403 | 失敗 617
[2026-08-18 04:54:56]       資料庫共 2187 筆，其中 1546 筆有營業時間
[2026-08-18 04:54:56]       速度 7.5 筆/分鐘 | 預估剩餘 523 分鐘
[2026-08-18 04:54:58] [2021/5921] 櫻木花道平交道 (Attraction_376540000A_001462)
[2026-08-18 04:55:03]    ❌ 三種策略皆失敗
[2026-08-18 04:55:05] [2022/5921] 齒草橋休息區 (Attraction_376540000A_001466)
[2026-08-18 04:55:08]    ✅ 成功抓到 7 筆時段
[2026-08-18 04:55:10] [2023/5921] 大鳥休憩區 (Attraction_376540000A_001467)
[2026-08-18 04:55:13]    ✅ 成功抓到 7 筆時段
[2026-08-18 04:55:15] [2024/5921] 江賢二藝術園區 (Attraction_376540000A_001469)
[2026-08-18 04:55:24]    ✅ 成功抓到 7 筆時段
[2026-08-18 04:55:26] [2025/5921] 台東八幡神社 (Attraction_376540000A_001470)
[2026-08-18 04:55:29]    ✅ 成功抓到 7 筆時段
[2026-08-18 04:55:31] [2026/5921] 金崙聖若瑟天主堂 (Attraction_376540000A_001471)
[2026-08-18 04:55:35]    ✅ 成功抓到 7 筆時段
[2026-08-18 04:55:37] [2027/5921] 金崙沙灘 (Attraction_376540000A_001472)
[2026-08-18 04:55:40]    ✅ 成功抓到 7 筆時段
[2026-08-18 04:55:42] [2028/5921] 八嗡嗡海岸 (Attraction_376540000A_001473)
[2026-08-18 04:55:46]    ✅ 成功抓到 7 筆時段
[2026-08-18 04:55:48] [2029/5921] 成功萬善廟 (Attraction_376540000A_001474)
[2026-08-18 04:55:52]    ❌ 三種策略皆失敗
[2026-08-18 04:55:55] [2030/5921] 堺橋休息區 (Attraction_376540000A_001475)
[2026-08-18 04:55:58]    ✅ 成功抓到 7 筆時段
[2026-08-18 04:55:58]    💾 存檔！已處理 2030/5921 | 成功 1411 | 失敗 619
[2026-08-18 04:55:58]       資料庫共 2197 筆，其中 1554 筆有營業時間
[2026-08-18 04:55:58]       速度 7.5 筆/分鐘 | 預估剩餘 521 分鐘
[2026-08-18 04:56:00] [2031/5921] 寧埔休憩區 (Attraction_376540000A_001476)
[2026-08-18 04:56:08]    ✅ 成功抓到 7 筆時段
[2026-08-18 04:56:10] [2032/5921] 太麻里福興宮 (Attraction_376540000A_001477)
[2026-08-18 04:56:14]    ✅ 成功抓到 7 筆時段
[2026-08-18 04:56:16] [2033/5921] 臺東大學圖書資訊館 (Attraction_376540000A_001478)
[2026-08-18 04:56:19]    ✅ 成功抓到 7 筆時段
[2026-08-18 04:56:21] [2034/5921] 鹿野梅花鹿公園 (Attraction_376540000A_001479)
[2026-08-18 04:56:25]    ✅ 成功抓到 7 筆時段
[2026-08-18 04:56:27] [2035/5921] 初來橋 (Attraction_376540000A_001480)
[2026-08-18 04:56:35]    ✅ 成功抓到 7 筆時段
[2026-08-18 04:56:37] [2036/5921] 小馬隧道 (Attraction_376540000A_001547)
[2026-08-18 04:56:42]    ❌ 三種策略皆失敗
[2026-08-18 04:56:44] [2037/5921] 二層坪水橋 (Attraction_376540000A_001551)
[2026-08-18 04:56:52]    ✅ 成功抓到 7 筆時段
[2026-08-18 04:56:54] [2038/5921] 臺東兒童運動公園 (Attraction_376540000A_001555)
[2026-08-18 04:57:04]    ❌ 三種策略皆失敗
[2026-08-18 04:57:06] [2039/5921] 巴塱衛山忘憂亭 (Attraction_376540000A_001559)
[2026-08-18 04:57:10]    ✅ 成功抓到 7 筆時段
[2026-08-18 04:57:12] [2040/5921] 海洋環境教室 (Attraction_376540000A_001563)
[2026-08-18 04:57:15]    ✅ 成功抓到 7 筆時段
[2026-08-18 04:57:15]    💾 存檔！已處理 2040/5921 | 成功 1419 | 失敗 621
[2026-08-18 04:57:15]       資料庫共 2207 筆，其中 1562 筆有營業時間
[2026-08-18 04:57:15]       速度 7.5 筆/分鐘 | 預估剩餘 519 分鐘
[2026-08-18 04:57:17] [2041/5921] 海賊灣沙灘 (Attraction_376540000A_001567)
[2026-08-18 04:57:27]    ❌ 三種策略皆失敗
[2026-08-18 04:57:29] [2042/5921] 池上直銷驛站 (Attraction_376540000A_001571)
[2026-08-18 04:57:32]    ✅ 成功抓到 7 筆時段
[2026-08-18 04:57:34] [2043/5921] 孟宗竹林步道 (Attraction_376540000A_001575)
[2026-08-18 04:57:38]    ✅ 成功抓到 7 筆時段
[2026-08-18 04:57:40] [2044/5921] 多良公車站 (Attraction_376540000A_001579)
[2026-08-18 04:57:45]    策略1失敗，嘗試下一個...
[2026-08-18 04:57:53]    ❌ 三種策略皆失敗
[2026-08-18 04:57:55] [2045/5921] 新生廣場 (Attraction_376540000A_001583)
[2026-08-18 04:57:58]    ✅ 成功抓到 7 筆時段
[2026-08-18 04:58:00] [2046/5921] 卡夫龍安南島文化交流園區 (Attraction_376540000A_001587)
[2026-08-18 04:58:09]    ✅ 成功抓到 7 筆時段
[2026-08-18 04:58:11] [2047/5921] 池上圳水利公園 (Attraction_376540000A_001591)
[2026-08-18 04:58:15]    ❌ 三種策略皆失敗
[2026-08-18 04:58:17] [2048/5921] 基翬自行車道 (Attraction_376540000A_001595)
[2026-08-18 04:58:21]    ✅ 成功抓到 7 筆時段
[2026-08-18 04:58:23] [2049/5921] 羅山自行車道 (Attraction_376550000A_000074)
[2026-08-18 04:58:27]    ❌ 三種策略皆失敗
[2026-08-18 04:58:29] [2050/5921] 玉富自行車道 (Attraction_376550000A_000075)
[2026-08-18 04:58:35]    (透過策略2成功)
[2026-08-18 04:58:35]    ✅ 成功抓到 7 筆時段
[2026-08-18 04:58:35]    💾 存檔！已處理 2050/5921 | 成功 1425 | 失敗 625
[2026-08-18 04:58:35]       資料庫共 2217 筆，其中 1568 筆有營業時間
[2026-08-18 04:58:35]       速度 7.5 筆/分鐘 | 預估剩餘 518 分鐘
[2026-08-18 04:58:37] [2051/5921] 瑞穗自行車道 (Attraction_376550000A_000076)
[2026-08-18 04:58:47]    ❌ 三種策略皆失敗
[2026-08-18 04:58:49] [2052/5921] 馬太鞍自行車道 (Attraction_376550000A_000077)
[2026-08-18 04:58:52]    ✅ 成功抓到 7 筆時段
[2026-08-18 04:58:54] [2053/5921] 鳳林自行車步道 (Attraction_376550000A_000078)
[2026-08-18 04:58:59]    ❌ 三種策略皆失敗
[2026-08-18 04:59:01] [2054/5921] 白鮑溪自行車生態步道 暑假戲水樂園 (Attraction_376550000A_000080)
[2026-08-18 04:59:06]    ❌ 三種策略皆失敗
[2026-08-18 04:59:08] [2055/5921] 鯉魚潭環潭自行車道 (Attraction_376550000A_000081)
[2026-08-18 04:59:11]    ✅ 成功抓到 7 筆時段
[2026-08-18 04:59:13] [2056/5921] 初英親水自行車道 (Attraction_376550000A_000082)
[2026-08-18 04:59:16]    ✅ 成功抓到 7 筆時段
[2026-08-18 04:59:18] [2057/5921] 小錐麓步道 體驗山林趣 (Attraction_376550000A_000085)
[2026-08-18 04:59:23]    ❌ 三種策略皆失敗
[2026-08-18 04:59:25] [2058/5921] 楓林步道 看見花蓮 (Attraction_376550000A_000086)
[2026-08-18 04:59:29]    ❌ 三種策略皆失敗
[2026-08-18 04:59:31] [2059/5921] 鯉魚山步道 邂逅自然精靈 (Attraction_376550000A_000087)
[2026-08-18 04:59:36]    ❌ 三種策略皆失敗
[2026-08-18 04:59:38] [2060/5921] 瓦拉米步道 找尋歷史軌跡 (Attraction_376550000A_000088)
[2026-08-18 04:59:43]    ❌ 三種策略皆失敗
[2026-08-18 04:59:43]    💾 存檔！已處理 2060/5921 | 成功 1428 | 失敗 632
[2026-08-18 04:59:43]       資料庫共 2227 筆，其中 1571 筆有營業時間
[2026-08-18 04:59:43]       速度 7.5 筆/分鐘 | 預估剩餘 516 分鐘
[2026-08-18 04:59:45] [2061/5921] 米棧古道 同遊歷史軌跡 (Attraction_376550000A_000090)
[2026-08-18 04:59:49]    ✅ 成功抓到 7 筆時段
[2026-08-18 04:59:51] [2062/5921] 白楊步道 別有洞天 (Attraction_376550000A_000091)
[2026-08-18 04:59:55]    ❌ 三種策略皆失敗
[2026-08-18 04:59:57] [2063/5921] 富源國家森林遊樂區 漫步蝴蝶谷 (Attraction_376550000A_000092)
[2026-08-18 05:00:01]    ✅ 成功抓到 7 筆時段
[2026-08-18 05:00:03] [2064/5921] 月眉山步道 親近大自然 (Attraction_376550000A_000093)
[2026-08-18 05:00:06]    ✅ 成功抓到 7 筆時段
[2026-08-18 05:00:08] [2065/5921] 砂卡礑步道 探訪神秘谷 (Attraction_376550000A_000094)
[2026-08-18 05:00:23]    ❌ 三種策略皆失敗
[2026-08-18 05:00:25] [2066/5921] 安通越嶺道 探訪百年古道之境 (Attraction_376550000A_000095)
[2026-08-18 05:00:28]    ✅ 成功抓到 7 筆時段
[2026-08-18 05:00:30] [2067/5921] 虎頭山步道 親子同遊踏青趣 (Attraction_376550000A_000096)
[2026-08-18 05:00:36]    (透過策略2成功)
[2026-08-18 05:00:36]    ✅ 成功抓到 7 筆時段
[2026-08-18 05:00:38] [2068/5921] 美崙山步道 一同遊賞 (Attraction_376550000A_000097)
[2026-08-18 05:00:43]    ❌ 三種策略皆失敗
[2026-08-18 05:00:45] [2069/5921] 大禮大同步道 通往祕境的健行路徑 (Attraction_376550000A_000098)
[2026-08-18 05:00:48]    ✅ 成功抓到 7 筆時段
[2026-08-18 05:00:50] [2070/5921] 匯德步道 看山看海看火車 (Attraction_376550000A_000099)
[2026-08-18 05:00:55]    ❌ 三種策略皆失敗
[2026-08-18 05:00:55]    💾 存檔！已處理 2070/5921 | 成功 1434 | 失敗 636
[2026-08-18 05:00:55]       資料庫共 2237 筆，其中 1577 筆有營業時間
[2026-08-18 05:00:55]       速度 7.5 筆/分鐘 | 預估剩餘 515 分鐘
[2026-08-18 05:00:57] [2071/5921] 綠水合流步道 探訪生態與人文之美 (Attraction_376550000A_000100)
[2026-08-18 05:01:02]    ❌ 三種策略皆失敗
[2026-08-18 05:01:04] [2072/5921] 安通溫泉 (Attraction_376550000A_000102)
[2026-08-18 05:01:09]    ❌ 三種策略皆失敗
[2026-08-18 05:01:11] [2073/5921] 瑞穗溫泉 (Attraction_376550000A_000103)
[2026-08-18 05:01:16]    ❌ 三種策略皆失敗
[2026-08-18 05:01:18] [2074/5921] 泛舟之旅 (Attraction_376550000A_000104)
[2026-08-18 05:01:22]    ❌ 三種策略皆失敗
[2026-08-18 05:01:24] [2075/5921] 亞泥生態園區-台灣最大的蝴蝶園 (Attraction_376550000A_000291)
[2026-08-18 05:01:28]    ✅ 成功抓到 7 筆時段
[2026-08-18 05:01:30] [2076/5921] 嘉德花田 (Attraction_376550000A_000292)
[2026-08-18 05:01:33]    ✅ 成功抓到 7 筆時段
[2026-08-18 05:01:35] [2077/5921] 大農大富平地森林園區 (Attraction_376550000A_000293)
[2026-08-18 05:01:44]    ✅ 成功抓到 7 筆時段
[2026-08-18 05:01:46] [2078/5921] 赤科山金針花海 (Attraction_376550000A_000294)
[2026-08-18 05:01:49]    ✅ 成功抓到 7 筆時段
[2026-08-18 05:01:51] [2079/5921] 六十石山金針花海 (Attraction_376550000A_000295)
[2026-08-18 05:01:55]    ✅ 成功抓到 7 筆時段
[2026-08-18 05:01:57] [2080/5921] 黑熊腳印餐桌 (Attraction_376550000A_000297)
[2026-08-18 05:02:07]    ❌ 三種策略皆失敗
[2026-08-18 05:02:07]    💾 存檔！已處理 2080/5921 | 成功 1439 | 失敗 641
[2026-08-18 05:02:07]       資料庫共 2247 筆，其中 1582 筆有營業時間
[2026-08-18 05:02:07]       速度 7.5 筆/分鐘 | 預估剩餘 513 分鐘
[2026-08-18 05:02:09] [2081/5921] 東里鐵馬驛站彩繪稻田 (Attraction_376550000A_000298)
[2026-08-18 05:02:13]    ❌ 三種策略皆失敗
[2026-08-18 05:02:15] [2082/5921] 好樹涼糖 (Attraction_376550000A_000301)
[2026-08-18 05:02:20]    ❌ 三種策略皆失敗
[2026-08-18 05:02:22] [2083/5921] 進豐親子公園 (Attraction_376550000A_000304)
[2026-08-18 05:02:31]    ✅ 成功抓到 7 筆時段
[2026-08-18 05:02:33] [2084/5921] 花崗山親子戲沙池 (Attraction_376550000A_000306)
[2026-08-18 05:02:36]    ✅ 成功抓到 7 筆時段
[2026-08-18 05:02:38] [2085/5921] 太平洋海景公園-海盜船、鞦韆沙坑遊戲區 (Attraction_376550000A_000307)
[2026-08-18 05:02:43]    ❌ 三種策略皆失敗
[2026-08-18 05:02:45] [2086/5921] 新天堂樂園、全世界室內最長溜滑梯(獲金氏世界紀錄) (Attraction_376550000A_000308)
[2026-08-18 05:02:52]    ❌ 三種策略皆失敗
[2026-08-18 05:02:54] [2087/5921] 知卡宣綠森林親水公園 (Attraction_376550000A_000311)
[2026-08-18 05:02:57]    ✅ 成功抓到 7 筆時段
[2026-08-18 05:02:59] [2088/5921] 大石鼻山步道 (Attraction_376550000A_000313)
[2026-08-18 05:03:08]    ✅ 成功抓到 7 筆時段
[2026-08-18 05:03:10] [2089/5921] 台泥DAKA園區-蘇花改和平休憩區 (Attraction_376550000A_000316)
[2026-08-18 05:03:13]    ✅ 成功抓到 7 筆時段
[2026-08-18 05:03:15] [2090/5921] Pony cafe咖啡廳 (Attraction_376550000A_000317)
[2026-08-18 05:03:25]    ❌ 三種策略皆失敗
[2026-08-18 05:03:25]    💾 存檔！已處理 2090/5921 | 成功 1444 | 失敗 646
[2026-08-18 05:03:25]       資料庫共 2257 筆，其中 1587 筆有營業時間
[2026-08-18 05:03:25]       速度 7.5 筆/分鐘 | 預估剩餘 512 分鐘
[2026-08-18 05:03:27] [2091/5921] 練習曲書店 (Attraction_376550000A_000319)
[2026-08-18 05:03:31]    ✅ 成功抓到 7 筆時段
[2026-08-18 05:03:33] [2092/5921] 四八高地戰備坑道-曼波海洋生態休閒園區 (Attraction_376550000A_000323)
[2026-08-18 05:03:41]    ✅ 成功抓到 7 筆時段
[2026-08-18 05:03:43] [2093/5921] 貨櫃屋星巴克洄瀾門市 (Attraction_376550000A_000325)
[2026-08-18 05:03:47]    ✅ 成功抓到 7 筆時段
[2026-08-18 05:03:49] [2094/5921] 鈺展落羽松森林 (Attraction_376550000A_000331)
[2026-08-18 05:03:52]    ✅ 成功抓到 7 筆時段
[2026-08-18 05:03:54] [2095/5921] 項鍊海灣 (Attraction_376550000A_000334)
[2026-08-18 05:03:58]    ✅ 成功抓到 7 筆時段
[2026-08-18 05:04:00] [2096/5921] 石梯灣梯田—金黃稻浪環抱海灣 (Attraction_376550000A_000336)
[2026-08-18 05:04:05]    ❌ 三種策略皆失敗
[2026-08-18 05:04:07] [2097/5921] 金黃大道/黃花風鈴木金黃隧道 (Attraction_376550000A_000337)
[2026-08-18 05:04:11]    ❌ 三種策略皆失敗
[2026-08-18 05:04:13] [2098/5921] 部落皇后藝術咖啡廳 (Attraction_376550000A_000339)
[2026-08-18 05:04:17]    ✅ 成功抓到 7 筆時段
[2026-08-18 05:04:19] [2099/5921] 富里鄉米的故鄉(羅山展售中心)-稻田藝術 (Attraction_376550000A_000342)
[2026-08-18 05:04:26]    ❌ 三種策略皆失敗
[2026-08-18 05:04:28] [2100/5921] 富里鄉豐南社區/吉拉米代-吉哈拉艾天空梯田 (Attraction_376550000A_000343)
[2026-08-18 05:04:32]    ❌ 三種策略皆失敗
[2026-08-18 05:04:32]    💾 存檔！已處理 2100/5921 | 成功 1450 | 失敗 650
[2026-08-18 05:04:32]       資料庫共 2267 筆，其中 1593 筆有營業時間
[2026-08-18 05:04:32]       速度 7.5 筆/分鐘 | 預估剩餘 510 分鐘
[2026-08-18 05:04:34] [2101/5921] 花蓮港1-1倉庫美術館維納斯藝廊 (Attraction_376550000A_000724)
[2026-08-18 05:04:38]    ✅ 成功抓到 7 筆時段
[2026-08-18 05:04:40] [2102/5921] 多羅滿賞鯨 (Attraction_376550000A_000799)
[2026-08-18 05:04:43]    ✅ 成功抓到 7 筆時段
[2026-08-18 05:04:45] [2103/5921] 松湖驛站 (Attraction_376550000A_000974)
[2026-08-18 05:04:49]    ✅ 成功抓到 7 筆時段
[2026-08-18 05:04:51] [2104/5921] 雲山水植物農場 (Attraction_376550000A_001008)
[2026-08-18 05:04:54]    ✅ 成功抓到 7 筆時段
[2026-08-18 05:04:56] [2105/5921] 和仁海灘 (Attraction_376550000A_001170)
[2026-08-18 05:05:01]    ❌ 三種策略皆失敗
[2026-08-18 05:05:03] [2106/5921] 清水斷崖 (Attraction_376550000A_001176)
[2026-08-18 05:05:07]    ❌ 三種策略皆失敗
[2026-08-18 05:05:09] [2107/5921] 板下海灣 (Attraction_376550000A_001181)
[2026-08-18 05:05:14]    ❌ 三種策略皆失敗
[2026-08-18 05:05:16] [2108/5921] 崇德礫灘 (Attraction_376550000A_001183)
[2026-08-18 05:05:20]    ❌ 三種策略皆失敗
[2026-08-18 05:05:22] [2109/5921] 曼波海灘 (Attraction_376550000A_001187)
[2026-08-18 05:05:27]    ❌ 三種策略皆失敗
[2026-08-18 05:05:29] [2110/5921] 七星潭海岸風景特定區 (Attraction_376550000A_001190)
[2026-08-18 05:05:34]    ❌ 三種策略皆失敗
[2026-08-18 05:05:34]    💾 存檔！已處理 2110/5921 | 成功 1454 | 失敗 656
[2026-08-18 05:05:34]       資料庫共 2277 筆，其中 1597 筆有營業時間
[2026-08-18 05:05:34]       速度 7.5 筆/分鐘 | 預估剩餘 508 分鐘
[2026-08-18 05:05:36] [2111/5921] 兩潭自行車道(七星潭段) (Attraction_376550000A_001201)
[2026-08-18 05:05:39]    ✅ 成功抓到 7 筆時段
[2026-08-18 05:05:41] [2112/5921] 曼波園區 (Attraction_376550000A_001203)
[2026-08-18 05:05:47]    (透過策略2成功)
[2026-08-18 05:05:47]    ✅ 成功抓到 7 筆時段
[2026-08-18 05:05:49] [2113/5921] 四八高地瞭望台 (Attraction_376550000A_001205)
[2026-08-18 05:05:54]    ❌ 三種策略皆失敗
[2026-08-18 05:05:56] [2114/5921] 奇萊鼻燈塔 (Attraction_376550000A_001208)
[2026-08-18 05:06:04]    ✅ 成功抓到 7 筆時段
[2026-08-18 05:06:06] [2115/5921] 花蓮環保公園 (Attraction_376550000A_001211)
[2026-08-18 05:06:10]    ✅ 成功抓到 7 筆時段
[2026-08-18 05:06:12] [2116/5921] 台肥海洋深層水園區 (Attraction_376550000A_001215)
[2026-08-18 05:06:20]    ✅ 成功抓到 7 筆時段
[2026-08-18 05:06:22] [2117/5921] 向日廣場 (Attraction_376550000A_001219)
[2026-08-18 05:07:11]    ✅ 成功抓到 7 筆時段
[2026-08-18 05:07:13] [2118/5921] 花蓮漁港 (Attraction_376550000A_001223)
[2026-08-18 05:08:01]    ✅ 成功抓到 7 筆時段
[2026-08-18 05:08:03] [2119/5921] 美崙濱海公園 (Attraction_376550000A_001238)
[2026-08-18 05:08:06]    ✅ 成功抓到 7 筆時段
[2026-08-18 05:08:08] [2120/5921] 太平洋公園(南濱段、北濱段) (Attraction_376550000A_001241)
[2026-08-18 05:08:15]    ❌ 三種策略皆失敗
[2026-08-18 05:08:15]    💾 存檔！已處理 2120/5921 | 成功 1462 | 失敗 658
[2026-08-18 05:08:15]       資料庫共 2287 筆，其中 1605 筆有營業時間
[2026-08-18 05:08:15]       速度 7.5 筆/分鐘 | 預估剩餘 509 分鐘
[2026-08-18 05:08:17] [2121/5921] 花蓮港親水遊憩區 (Attraction_376550000A_001245)
[2026-08-18 05:08:20]    ✅ 成功抓到 7 筆時段
[2026-08-18 05:08:22] [2122/5921] AMIS海祭廣場 (Attraction_376550000A_001248)
[2026-08-18 05:08:26]    ✅ 成功抓到 7 筆時段
[2026-08-18 05:08:28] [2123/5921] 台開心農場 (Attraction_376550000A_001251)
[2026-08-18 05:08:43]    ❌ 三種策略皆失敗
[2026-08-18 05:08:45] [2124/5921] 七七高地 (Attraction_376550000A_001254)
[2026-08-18 05:08:48]    ✅ 成功抓到 7 筆時段
[2026-08-18 05:08:50] [2125/5921] 遠雄海洋公園 (Attraction_376550000A_001258)
[2026-08-18 05:08:54]    ✅ 成功抓到 7 筆時段
[2026-08-18 05:08:56] [2126/5921] 北口標誌區 (Attraction_376550000A_001261)
[2026-08-18 05:09:01]    策略1失敗，嘗試下一個...
[2026-08-18 05:09:04]    ❌ 三種策略皆失敗
[2026-08-18 05:09:06] [2127/5921] 東海岸風景區管理處花蓮及遊客中心 (Attraction_376550000A_001262)
[2026-08-18 05:09:11]    (透過策略2成功)
[2026-08-18 05:09:11]    ✅ 成功抓到 7 筆時段
[2026-08-18 05:09:13] [2128/5921] 鹽寮海濱休息區(北) (Attraction_376550000A_001264)
[2026-08-18 05:10:00]    ✅ 成功抓到 7 筆時段
[2026-08-18 05:10:02] [2129/5921] 鹽寮海濱休息區(南) (Attraction_376550000A_001266)
[2026-08-18 05:10:05]    ✅ 成功抓到 7 筆時段
[2026-08-18 05:10:07] [2130/5921] 牛山休息區 (Attraction_376550000A_001267)
[2026-08-18 05:10:12]    ❌ 三種策略皆失敗
[2026-08-18 05:10:12]    💾 存檔！已處理 2130/5921 | 成功 1469 | 失敗 661
[2026-08-18 05:10:12]       資料庫共 2297 筆，其中 1612 筆有營業時間
[2026-08-18 05:10:12]       速度 7.4 筆/分鐘 | 預估剩餘 509 分鐘
[2026-08-18 05:10:14] [2131/5921] 蕃薯寮休息區 (Attraction_376550000A_001268)
[2026-08-18 05:10:18]    ✅ 成功抓到 7 筆時段
[2026-08-18 05:10:20] [2132/5921] 芭崎休息區 (Attraction_376550000A_001270)
[2026-08-18 05:10:23]    ✅ 成功抓到 7 筆時段
[2026-08-18 05:10:25] [2133/5921] 磯崎海濱遊憩區 (Attraction_376550000A_001271)
[2026-08-18 05:10:35]    ❌ 三種策略皆失敗
[2026-08-18 05:10:37] [2134/5921] 大石鼻山休息區 (Attraction_376550000A_001273)
[2026-08-18 05:10:41]    ❌ 三種策略皆失敗
[2026-08-18 05:10:43] [2135/5921] 新社梯田 (Attraction_376550000A_001274)
[2026-08-18 05:10:52]    ✅ 成功抓到 7 筆時段
[2026-08-18 05:10:54] [2136/5921] 親不知子海上古道 (Attraction_376550000A_001276)
[2026-08-18 05:11:04]    ❌ 三種策略皆失敗
[2026-08-18 05:11:06] [2137/5921] 大灣休憩區 (Attraction_376550000A_001278)
[2026-08-18 05:11:12]    ❌ 三種策略皆失敗
[2026-08-18 05:11:14] [2138/5921] 石門遊憩區 (Attraction_376550000A_001279)
[2026-08-18 05:12:04]    ❌ 三種策略皆失敗
[2026-08-18 05:12:06] [2139/5921] 石梯橋休息區 (Attraction_376550000A_001282)
[2026-08-18 05:12:16]    ❌ 三種策略皆失敗
[2026-08-18 05:12:18] [2140/5921] 石梯漁港 (Attraction_376550000A_001284)
[2026-08-18 05:13:06]    ❌ 三種策略皆失敗
[2026-08-18 05:13:06]    💾 存檔！已處理 2140/5921 | 成功 1472 | 失敗 668
[2026-08-18 05:13:06]       資料庫共 2307 筆，其中 1615 筆有營業時間
[2026-08-18 05:13:06]       速度 7.4 筆/分鐘 | 預估剩餘 510 分鐘
[2026-08-18 05:13:08] [2141/5921] 石梯坪遊憩區 (Attraction_376550000A_001286)
[2026-08-18 05:13:16]    ✅ 成功抓到 7 筆時段
[2026-08-18 05:13:18] [2142/5921] 月洞遊憩區 (Attraction_376550000A_001287)
[2026-08-18 05:13:22]    ✅ 成功抓到 7 筆時段
[2026-08-18 05:13:24] [2143/5921] 長虹橋遊憩區 (Attraction_376550000A_001289)
[2026-08-18 05:13:28]    ❌ 三種策略皆失敗
[2026-08-18 05:13:30] [2144/5921] 奚卜蘭遊客中心 (Attraction_376550000A_001290)
[2026-08-18 05:13:39]    ✅ 成功抓到 7 筆時段
[2026-08-18 05:13:41] [2145/5921] 北回歸線遊憩區 (Attraction_376550000A_001292)
[2026-08-18 05:13:44]    ✅ 成功抓到 7 筆時段
[2026-08-18 05:13:46] [2146/5921] 親不知子斷崖 (Attraction_376550000A_001383)
[2026-08-18 05:13:56]    ❌ 三種策略皆失敗
[2026-08-18 05:13:58] [2147/5921] 池南森林園區 (Attraction_376550000A_001388)
[2026-08-18 05:14:48]    ✅ 成功抓到 7 筆時段
[2026-08-18 05:14:50] [2148/5921] 赤科山 (Attraction_376550000A_001393)
[2026-08-18 05:15:40]    ❌ 三種策略皆失敗
[2026-08-18 05:15:42] [2149/5921] 立川漁場 (Attraction_376550000A_001399)
[2026-08-18 05:15:45]    ✅ 成功抓到 7 筆時段
[2026-08-18 05:15:47] [2150/5921] 北回歸線標誌 (Attraction_376550000A_001402)
[2026-08-18 05:15:56]    ✅ 成功抓到 7 筆時段
[2026-08-18 05:15:56]    💾 存檔！已處理 2150/5921 | 成功 1479 | 失敗 671
[2026-08-18 05:15:56]       資料庫共 2317 筆，其中 1622 筆有營業時間
[2026-08-18 05:15:56]       速度 7.4 筆/分鐘 | 預估剩餘 512 分鐘
[2026-08-18 05:15:58] [2151/5921] 芭崎瞭望臺 (Attraction_376550000A_001404)
[2026-08-18 05:16:02]    ❌ 三種策略皆失敗
[2026-08-18 05:16:04] [2152/5921] 牛山呼庭 (Attraction_376550000A_001405)
[2026-08-18 05:16:09]    ❌ 三種策略皆失敗
[2026-08-18 05:16:11] [2153/5921] 美崙山公園 (Attraction_376550000A_001410)
[2026-08-18 05:16:16]    ❌ 三種策略皆失敗
[2026-08-18 05:16:18] [2154/5921] 佐倉步道 (Attraction_376550000A_001429)
[2026-08-18 05:17:04]    ✅ 成功抓到 7 筆時段
[2026-08-18 05:17:06] [2155/5921] 吉安慶修院 (Attraction_376550000A_001433)
[2026-08-18 05:17:10]    ✅ 成功抓到 7 筆時段
[2026-08-18 05:17:12] [2156/5921] 樹湖瀑布 (Attraction_376550000A_001434)
[2026-08-18 05:17:16]    ❌ 三種策略皆失敗
[2026-08-18 05:17:18] [2157/5921] 吉哈拉艾 (Attraction_376550000A_001438)
[2026-08-18 05:17:22]    ✅ 成功抓到 7 筆時段
[2026-08-18 05:17:24] [2158/5921] 花蓮觀光糖廠 (Attraction_376550000A_001447)
[2026-08-18 05:17:29]    ❌ 三種策略皆失敗
[2026-08-18 05:17:31] [2159/5921] 東大門夜市 (Attraction_376550000A_001448)
[2026-08-18 05:17:35]    ❌ 三種策略皆失敗
[2026-08-18 05:17:37] [2160/5921] 馬太鞍溼地生態園區 (Attraction_376550000A_001455)
[2026-08-18 05:17:42]    ❌ 三種策略皆失敗
[2026-08-18 05:17:42]    💾 存檔！已處理 2160/5921 | 成功 1482 | 失敗 678
[2026-08-18 05:17:42]       資料庫共 2327 筆，其中 1625 筆有營業時間
[2026-08-18 05:17:42]       速度 7.4 筆/分鐘 | 預估剩餘 511 分鐘
[2026-08-18 05:17:44] [2161/5921] 羅山遊憩區 (Attraction_376550000A_001456)
[2026-08-18 05:17:47]    ✅ 成功抓到 7 筆時段
[2026-08-18 05:17:49] [2162/5921] 鯉魚潭 (Attraction_376550000A_001463)
[2026-08-18 05:17:54]    ❌ 三種策略皆失敗
[2026-08-18 05:17:56] [2163/5921] 瑞穗牧場 (Attraction_376550000A_001466)
[2026-08-18 05:18:49]    ❌ 三種策略皆失敗
[2026-08-18 05:18:51] [2164/5921] 錐麓古道 (Attraction_376550000A_001468)
[2026-08-18 05:18:55]    ❌ 三種策略皆失敗
[2026-08-18 05:18:57] [2165/5921] 花蓮鐵道文化園區 (Attraction_376550000A_001471)
[2026-08-18 05:19:03]    (透過策略2成功)
[2026-08-18 05:19:03]    ✅ 成功抓到 7 筆時段
[2026-08-18 05:19:05] [2166/5921] 新光兆豐農場 (Attraction_376550000A_001474)
[2026-08-18 05:19:11]    (透過策略2成功)
[2026-08-18 05:19:11]    ✅ 成功抓到 7 筆時段
[2026-08-18 05:19:13] [2167/5921] 掃叭石柱 (Attraction_376550000A_001475)
[2026-08-18 05:19:16]    ✅ 成功抓到 7 筆時段
[2026-08-18 05:19:18] [2168/5921] 林田山林業文化園區 (Attraction_376550000A_001478)
[2026-08-18 05:19:22]    ✅ 成功抓到 7 筆時段
[2026-08-18 05:19:24] [2169/5921] 兩潭自行車道(濱海自行車道) (Attraction_376550000A_001523)
[2026-08-18 05:19:27]    ✅ 成功抓到 7 筆時段
[2026-08-18 05:19:29] [2170/5921] 馬太鞍古屋 (Attraction_376550000A_003053)
[2026-08-18 05:19:34]    ❌ 三種策略皆失敗
[2026-08-18 05:19:34]    💾 存檔！已處理 2170/5921 | 成功 1488 | 失敗 682
[2026-08-18 05:19:34]       資料庫共 2337 筆，其中 1631 筆有營業時間
[2026-08-18 05:19:34]       速度 7.3 筆/分鐘 | 預估剩餘 510 分鐘
[2026-08-18 05:19:36] [2171/5921] 禾田野 (Attraction_376550000A_003054)
[2026-08-18 05:19:39]    ✅ 成功抓到 7 筆時段
[2026-08-18 05:19:41] [2172/5921] 花蓮港鳥踏石公園 (Attraction_376550000A_003055)
[2026-08-18 05:19:45]    ✅ 成功抓到 7 筆時段
[2026-08-18 05:19:47] [2173/5921] 曙光橋 (Attraction_376550000A_003056)
[2026-08-18 05:19:50]    ✅ 成功抓到 7 筆時段
[2026-08-18 05:19:52] [2174/5921] 花蓮文化創意產業園區 (Attraction_376550000A_003057)
[2026-08-18 05:19:56]    ✅ 成功抓到 7 筆時段
[2026-08-18 05:19:58] [2175/5921] 新天堂樂園 (Attraction_376550000A_003058)
[2026-08-18 05:20:09]    (透過策略2成功)
[2026-08-18 05:20:09]    ✅ 成功抓到 7 筆時段
[2026-08-18 05:20:11] [2176/5921] 時光二手書店 (Attraction_376550000A_003059)
[2026-08-18 05:20:14]    ✅ 成功抓到 7 筆時段
[2026-08-18 05:20:16] [2177/5921] 介壽新村 (Attraction_376550000A_003060)
[2026-08-18 05:20:22]    (透過策略2成功)
[2026-08-18 05:20:22]    ✅ 成功抓到 7 筆時段
[2026-08-18 05:20:24] [2178/5921] 玉里神社遺址 (Attraction_376550000A_003061)
[2026-08-18 05:20:27]    ✅ 成功抓到 7 筆時段
[2026-08-18 05:20:29] [2179/5921] 林田神社 (Attraction_376550000A_003062)
[2026-08-18 05:20:33]    ✅ 成功抓到 7 筆時段
[2026-08-18 05:20:35] [2180/5921] 鳳林菸樓 (Attraction_376550000A_003063)
[2026-08-18 05:20:39]    ❌ 三種策略皆失敗
[2026-08-18 05:20:39]    💾 存檔！已處理 2180/5921 | 成功 1497 | 失敗 683
[2026-08-18 05:20:39]       資料庫共 2347 筆，其中 1640 筆有營業時間
[2026-08-18 05:20:39]       速度 7.4 筆/分鐘 | 預估剩餘 509 分鐘
[2026-08-18 05:20:41] [2181/5921] 白鮑溪親水園區 (Attraction_376550000A_003065)
[2026-08-18 05:20:46]    ❌ 三種策略皆失敗
[2026-08-18 05:20:48] [2182/5921] 吉安好客藝術村 (Attraction_376550000A_003066)
[2026-08-18 05:20:51]    ✅ 成功抓到 7 筆時段
[2026-08-18 05:20:53] [2183/5921] 吉安車站 (Attraction_376550000A_003067)
[2026-08-18 05:21:45]    ❌ 三種策略皆失敗
[2026-08-18 05:21:47] [2184/5921] 吉安韭菜花田 (Attraction_376550000A_003068)
[2026-08-18 05:21:51]    ❌ 三種策略皆失敗
[2026-08-18 05:21:53] [2185/5921] 鈺展苗圃 (Attraction_376550000A_003070)
[2026-08-18 05:21:57]    ✅ 成功抓到 7 筆時段
[2026-08-18 05:21:59] [2186/5921] 吉安溪臺灣欒樹 (Attraction_376550000A_003071)
[2026-08-18 05:22:02]    ✅ 成功抓到 7 筆時段
[2026-08-18 05:22:04] [2187/5921] 太魯閣牌樓 (Attraction_376550000A_003072)
[2026-08-18 05:22:08]    ✅ 成功抓到 7 筆時段
[2026-08-18 05:22:10] [2188/5921] 太魯閣大橋 (Attraction_376550000A_003073)
[2026-08-18 05:22:58]    ✅ 成功抓到 7 筆時段
[2026-08-18 05:23:00] [2189/5921] 瑞穗欒樹大道 (Attraction_376550000A_003074)
[2026-08-18 05:23:04]    ❌ 三種策略皆失敗
[2026-08-18 05:23:06] [2190/5921] 瑞穗車站 (Attraction_376550000A_003075)
[2026-08-18 05:23:11]    ❌ 三種策略皆失敗
[2026-08-18 05:23:11]    💾 存檔！已處理 2190/5921 | 成功 1502 | 失敗 688
[2026-08-18 05:23:11]       資料庫共 2357 筆，其中 1645 筆有營業時間
[2026-08-18 05:23:11]       速度 7.3 筆/分鐘 | 預估剩餘 509 分鐘
[2026-08-18 05:23:13] [2191/5921] 太巴塱紅糯米生活館 (Attraction_376550000A_003076)
[2026-08-18 05:23:17]    ✅ 成功抓到 7 筆時段
[2026-08-18 05:23:19] [2192/5921] 光復車站 (Attraction_376550000A_003077)
[2026-08-18 05:24:11]    ❌ 三種策略皆失敗
[2026-08-18 05:24:13] [2193/5921] 歐亞板塊 (Attraction_376550000A_003083)
[2026-08-18 05:24:17]    ✅ 成功抓到 7 筆時段
[2026-08-18 05:24:19] [2194/5921] 布洛灣吊橋 (Attraction_376550000A_003119)
[2026-08-18 05:24:23]    ❌ 三種策略皆失敗
[2026-08-18 05:24:25] [2195/5921] 田埔生態公園 (Attraction_376550000A_003120)
[2026-08-18 05:24:30]    ❌ 三種策略皆失敗
[2026-08-18 05:24:32] [2196/5921] 太魯閣國家公園 (Attraction_376550000A_003128)
[2026-08-18 05:24:37]    ❌ 三種策略皆失敗
[2026-08-18 05:24:39] [2197/5921] 撒固兒步道 (Attraction_376550000A_003130)
[2026-08-18 05:24:42]    ✅ 成功抓到 7 筆時段
[2026-08-18 05:24:44] [2198/5921] 三棧溪黃金峽谷 (Attraction_376550000A_003131)
[2026-08-18 05:24:49]    ❌ 三種策略皆失敗
[2026-08-18 05:24:51] [2199/5921] 鯨世界 (Attraction_376550000A_003139)
[2026-08-18 05:24:55]    ✅ 成功抓到 7 筆時段
[2026-08-18 05:24:57] [2200/5921] 欣航賞鯨 (Attraction_376550000A_003140)
[2026-08-18 05:25:01]    ❌ 三種策略皆失敗
[2026-08-18 05:25:01]    💾 存檔！已處理 2200/5921 | 成功 1506 | 失敗 694
[2026-08-18 05:25:01]       資料庫共 2367 筆，其中 1649 筆有營業時間
[2026-08-18 05:25:01]       速度 7.3 筆/分鐘 | 預估剩餘 509 分鐘
[2026-08-18 05:25:03] [2201/5921] 海鯨號 (Attraction_376550000A_003141)
[2026-08-18 05:25:07]    ✅ 成功抓到 7 筆時段
[2026-08-18 05:25:09] [2202/5921] 花蓮太平洋賞鯨 (Attraction_376550000A_003142)
[2026-08-18 05:25:12]    ✅ 成功抓到 7 筆時段
[2026-08-18 05:25:14] [2203/5921] 維納司賞鯨 (Attraction_376550000A_003143)
[2026-08-18 05:25:18]    ✅ 成功抓到 7 筆時段
[2026-08-18 05:25:20] [2204/5921] 七星柴魚博物館 (Attraction_376550000A_003144)
[2026-08-18 05:25:23]    ✅ 成功抓到 7 筆時段
[2026-08-18 05:25:25] [2205/5921] 光隆博物館 (Attraction_376550000A_003145)
[2026-08-18 05:25:29]    ✅ 成功抓到 7 筆時段
[2026-08-18 05:25:31] [2206/5921] 地耕味-玩味蕃樂園 (Attraction_376550000A_003151)
[2026-08-18 05:25:34]    ✅ 成功抓到 7 筆時段
[2026-08-18 05:25:36] [2207/5921] 靜浦北回歸線界標 (Attraction_376550000A_003152)
[2026-08-18 05:25:40]    ✅ 成功抓到 7 筆時段
[2026-08-18 05:25:42] [2208/5921] 靜思堂 (Attraction_376550000A_003210)
[2026-08-18 05:25:48]    (透過策略2成功)
[2026-08-18 05:25:48]    ✅ 成功抓到 7 筆時段
[2026-08-18 05:25:50] [2209/5921] 花蓮市美崙溪高灘地寵物公園 (Attraction_376550000A_004511)
[2026-08-18 05:25:54]    ❌ 三種策略皆失敗
[2026-08-18 05:25:56] [2210/5921] 山度空間 (Attraction_376550000A_004513)
[2026-08-18 05:26:01]    ❌ 三種策略皆失敗
[2026-08-18 05:26:01]    💾 存檔！已處理 2210/5921 | 成功 1514 | 失敗 696
[2026-08-18 05:26:01]       資料庫共 2377 筆，其中 1657 筆有營業時間
[2026-08-18 05:26:01]       速度 7.3 筆/分鐘 | 預估剩餘 507 分鐘
[2026-08-18 05:26:03] [2211/5921] 南海園海洋驛站 (Attraction_376550000A_007562)
[2026-08-18 05:26:06]    ✅ 成功抓到 7 筆時段
[2026-08-18 05:26:08] [2212/5921] 阿旺坡生態休閒 (Attraction_376550000A_007720)
[2026-08-18 05:26:13]    ❌ 三種策略皆失敗
[2026-08-18 05:26:15] [2213/5921] 馨工房 (Attraction_376550000A_008128)
[2026-08-18 05:26:19]    ✅ 成功抓到 7 筆時段
[2026-08-18 05:26:21] [2214/5921] 草太長 L.GRASS。草地開放式早午餐廳 (Attraction_376550000A_008406)
[2026-08-18 05:26:24]    ✅ 成功抓到 7 筆時段
[2026-08-18 05:26:26] [2215/5921] 櫻の田野養生休閒農莊 (Attraction_376550000A_009199)
[2026-08-18 05:26:30]    ✅ 成功抓到 7 筆時段
[2026-08-18 05:26:32] [2216/5921] 花蓮縣吉安鄉光華社區發展協會 (Attraction_376550000A_009371)
[2026-08-18 05:26:37]    ❌ 三種策略皆失敗
[2026-08-18 05:26:39] [2217/5921] 正濱漁港色彩屋 (Attraction_376570000A_000052)
[2026-08-18 05:26:44]    (透過策略2成功)
[2026-08-18 05:26:44]    ✅ 成功抓到 7 筆時段
[2026-08-18 05:26:46] [2218/5921] 阿根納造船廠 (Attraction_376570000A_000055)
[2026-08-18 05:26:56]    ❌ 三種策略皆失敗
[2026-08-18 05:26:58] [2219/5921] 基隆塔 (Attraction_376570000A_000056)
[2026-08-18 05:27:02]    ✅ 成功抓到 7 筆時段
[2026-08-18 05:27:04] [2220/5921] 和平島地質公園 (Attraction_376570000A_000059)
[2026-08-18 05:27:07]    ✅ 成功抓到 7 筆時段
[2026-08-18 05:27:07]    💾 存檔！已處理 2220/5921 | 成功 1521 | 失敗 699
[2026-08-18 05:27:07]       資料庫共 2387 筆，其中 1664 筆有營業時間
[2026-08-18 05:27:07]       速度 7.3 筆/分鐘 | 預估剩餘 505 分鐘
[2026-08-18 05:27:09] [2221/5921] 信二防空洞 (Attraction_376570000A_000383)
[2026-08-18 05:27:13]    ✅ 成功抓到 7 筆時段
[2026-08-18 05:27:15] [2222/5921] 中正公園 (Attraction_376570000A_000384)
[2026-08-18 05:27:21]    (透過策略2成功)
[2026-08-18 05:27:21]    ✅ 成功抓到 7 筆時段
[2026-08-18 05:27:23] [2223/5921] 希望之丘 (Attraction_376570000A_000385)
[2026-08-18 05:27:28]    ❌ 三種策略皆失敗
[2026-08-18 05:27:30] [2224/5921] 二沙灣砲台 (Attraction_376570000A_000387)
[2026-08-18 05:27:35]    ❌ 三種策略皆失敗
[2026-08-18 05:27:37] [2225/5921] 沙灣歷史文化園區 (Attraction_376570000A_000389)
[2026-08-18 05:27:40]    ✅ 成功抓到 7 筆時段
[2026-08-18 05:27:42] [2226/5921] 1949太平輪紀念公園 (Attraction_376570000A_000390)
[2026-08-18 05:27:46]    ✅ 成功抓到 7 筆時段
[2026-08-18 05:27:48] [2227/5921] 必應創造展演空間 (Attraction_376570000A_000391)
[2026-08-18 05:27:51]    ✅ 成功抓到 7 筆時段
[2026-08-18 05:27:53] [2228/5921] 潮境公園 (Attraction_376570000A_000392)
[2026-08-18 05:27:58]    ❌ 三種策略皆失敗
[2026-08-18 05:28:00] [2229/5921] 潮境智能海洋館 (Attraction_376570000A_000393)
[2026-08-18 05:28:03]    ✅ 成功抓到 7 筆時段
[2026-08-18 05:28:05] [2230/5921] 基隆嶼 (Attraction_376570000A_000394)
[2026-08-18 05:29:01]    ❌ 三種策略皆失敗
[2026-08-18 05:29:01]    💾 存檔！已處理 2230/5921 | 成功 1527 | 失敗 703
[2026-08-18 05:29:01]       資料庫共 2397 筆，其中 1670 筆有營業時間
[2026-08-18 05:29:01]       速度 7.3 筆/分鐘 | 預估剩餘 504 分鐘
[2026-08-18 05:29:03] [2231/5921] 國立海洋科技博物館 (Attraction_376570000A_000395)
[2026-08-18 05:29:09]    (透過策略2成功)
[2026-08-18 05:29:09]    ✅ 成功抓到 7 筆時段
[2026-08-18 05:29:11] [2232/5921] 基隆市原住民文化會館 (Attraction_376570000A_000396)
[2026-08-18 05:29:15]    ✅ 成功抓到 7 筆時段
[2026-08-18 05:29:17] [2233/5921] 漁會正濱大樓 (Attraction_376570000A_000402)
[2026-08-18 05:29:22]    ❌ 三種策略皆失敗
[2026-08-18 05:29:24] [2234/5921] 市長官邸 (Attraction_376570000A_000403)
[2026-08-18 05:29:30]    (透過策略2成功)
[2026-08-18 05:29:30]    ✅ 成功抓到 7 筆時段
[2026-08-18 05:29:32] [2235/5921] 要塞司令部 (Attraction_376570000A_000405)
[2026-08-18 05:29:36]    ❌ 三種策略皆失敗
[2026-08-18 05:29:38] [2236/5921] 校官眷舍 (Attraction_376570000A_000406)
[2026-08-18 05:29:43]    ❌ 三種策略皆失敗
[2026-08-18 05:29:45] [2237/5921] 清法戰爭紀念園區 (Attraction_376570000A_000410)
[2026-08-18 05:29:49]    ✅ 成功抓到 7 筆時段
[2026-08-18 05:29:51] [2238/5921] 社寮東砲台 (Attraction_376570000A_000412)
[2026-08-18 05:29:54]    ✅ 成功抓到 7 筆時段
[2026-08-18 05:29:56] [2239/5921] 基隆美術館 (Attraction_376570000A_000413)
[2026-08-18 05:30:05]    ✅ 成功抓到 7 筆時段
[2026-08-18 05:30:07] [2240/5921] 鷄籠中元文化館 (Attraction_376570000A_000415)
[2026-08-18 05:30:12]    ❌ 三種策略皆失敗
[2026-08-18 05:30:12]    💾 存檔！已處理 2240/5921 | 成功 1533 | 失敗 707
[2026-08-18 05:30:12]       資料庫共 2407 筆，其中 1676 筆有營業時間
[2026-08-18 05:30:12]       速度 7.3 筆/分鐘 | 預估剩餘 503 分鐘
[2026-08-18 05:30:14] [2241/5921] 舊正濱派出所 (Attraction_376570000A_000417)
[2026-08-18 05:30:18]    ❌ 三種策略皆失敗
[2026-08-18 05:30:20] [2242/5921] 忠烈祠 (Attraction_376570000A_000418)
[2026-08-18 05:31:15]    ✅ 成功抓到 7 筆時段
[2026-08-18 05:31:17] [2243/5921] 大佛禪寺 (Attraction_376570000A_000421)
[2026-08-18 05:31:20]    ✅ 成功抓到 7 筆時段
[2026-08-18 05:31:22] [2244/5921] 社寮天后宮 (Attraction_376570000A_000424)
[2026-08-18 05:31:26]    ✅ 成功抓到 7 筆時段
[2026-08-18 05:31:28] [2245/5921] 和平島天顯宮 (Attraction_376570000A_000425)
[2026-08-18 05:31:31]    ✅ 成功抓到 7 筆時段
[2026-08-18 05:31:33] [2246/5921] 望海巷跨海景觀橋 (Attraction_376570000A_000427)
[2026-08-18 05:31:37]    ✅ 成功抓到 7 筆時段
[2026-08-18 05:31:39] [2247/5921] 八尺門 (Attraction_376570000A_000428)
[2026-08-18 05:31:44]    ❌ 三種策略皆失敗
[2026-08-18 05:31:46] [2248/5921] 覺修宮 (Attraction_376570000A_000429)
[2026-08-18 05:32:37]    ✅ 成功抓到 7 筆時段
[2026-08-18 05:32:39] [2249/5921] 八斗子車站 (Attraction_376570000A_000430)
[2026-08-18 05:32:53]    ❌ 三種策略皆失敗
[2026-08-18 05:32:55] [2250/5921] 陽明海洋文化藝術館 (Attraction_376570000A_000431)
[2026-08-18 05:33:01]    (透過策略2成功)
[2026-08-18 05:33:01]    ✅ 成功抓到 7 筆時段
[2026-08-18 05:33:01]    💾 存檔！已處理 2250/5921 | 成功 1540 | 失敗 710
[2026-08-18 05:33:01]       資料庫共 2417 筆，其中 1683 筆有營業時間
[2026-08-18 05:33:01]       速度 7.3 筆/分鐘 | 預估剩餘 504 分鐘
[2026-08-18 05:33:03] [2251/5921] 海洋廣場 (Attraction_376570000A_000435)
[2026-08-18 05:33:07]    ✅ 成功抓到 7 筆時段
[2026-08-18 05:33:09] [2252/5921] 奠濟宮 (Attraction_376570000A_000441)
[2026-08-18 05:33:59]    ✅ 成功抓到 7 筆時段
[2026-08-18 05:34:01] [2253/5921] 許梓桑古厝 (Attraction_376570000A_000444)
[2026-08-18 05:34:05]    ✅ 成功抓到 7 筆時段
[2026-08-18 05:34:07] [2254/5921] 城隍廟 (Attraction_376570000A_000445)
[2026-08-18 05:34:13]    (透過策略2成功)
[2026-08-18 05:34:13]    ✅ 成功抓到 7 筆時段
[2026-08-18 05:34:15] [2255/5921] 慶安宮 (Attraction_376570000A_000448)
[2026-08-18 05:34:21]    (透過策略2成功)
[2026-08-18 05:34:21]    ✅ 成功抓到 7 筆時段
[2026-08-18 05:34:23] [2256/5921] 基隆福德宮 (Attraction_376570000A_000449)
[2026-08-18 05:34:31]    ✅ 成功抓到 7 筆時段
[2026-08-18 05:34:33] [2257/5921] 翠谷橋壺穴 (Attraction_376570000A_000498)
[2026-08-18 05:34:37]    ✅ 成功抓到 7 筆時段
[2026-08-18 05:34:39] [2258/5921] 槓子寮砲台 (Attraction_376570000A_000500)
[2026-08-18 05:35:30]    ❌ 三種策略皆失敗
[2026-08-18 05:35:32] [2259/5921] 劉銘傳隧道(獅球嶺隧道) (Attraction_376570000A_000503)
[2026-08-18 05:35:35]    ✅ 成功抓到 7 筆時段
[2026-08-18 05:35:37] [2260/5921] 大武崙沙灘 (Attraction_376570000A_000504)
[2026-08-18 05:35:42]    ❌ 三種策略皆失敗
[2026-08-18 05:35:42]    💾 存檔！已處理 2260/5921 | 成功 1548 | 失敗 712
[2026-08-18 05:35:42]       資料庫共 2427 筆，其中 1691 筆有營業時間
[2026-08-18 05:35:42]       速度 7.3 筆/分鐘 | 預估剩餘 505 分鐘
[2026-08-18 05:35:44] [2261/5921] 富民親水公園 (Attraction_376570000A_000506)
[2026-08-18 05:35:48]    ✅ 成功抓到 7 筆時段
[2026-08-18 05:35:50] [2262/5921] 情人湖濱海大道 (Attraction_376570000A_000509)
[2026-08-18 05:36:00]    (透過策略2成功)
[2026-08-18 05:36:00]    ✅ 成功抓到 7 筆時段
[2026-08-18 05:36:02] [2263/5921] 金明昌休閒農場 (Attraction_376570000A_000512)
[2026-08-18 05:36:07]    ❌ 三種策略皆失敗
[2026-08-18 05:36:09] [2264/5921] 大武崙砲台 (Attraction_376570000A_000514)
[2026-08-18 05:36:12]    ✅ 成功抓到 7 筆時段
[2026-08-18 05:36:14] [2265/5921] 大牛稠山河居 (Attraction_376570000A_000519)
[2026-08-18 05:36:19]    ❌ 三種策略皆失敗
[2026-08-18 05:36:21] [2266/5921] 文良休閒農場 (Attraction_376570000A_000522)
[2026-08-18 05:36:26]    ❌ 三種策略皆失敗
[2026-08-18 05:36:28] [2267/5921] 大武崙澳底漁港 (Attraction_376570000A_000523)
[2026-08-18 05:36:31]    ✅ 成功抓到 7 筆時段
[2026-08-18 05:36:33] [2268/5921] 球子山燈塔 (Attraction_376570000A_000524)
[2026-08-18 05:37:23]    ✅ 成功抓到 7 筆時段
[2026-08-18 05:37:25] [2269/5921] 芳裕農場 (Attraction_376570000A_000525)
[2026-08-18 05:37:29]    ✅ 成功抓到 7 筆時段
[2026-08-18 05:37:31] [2270/5921] 國門廣場 (Attraction_376570000A_000528)
[2026-08-18 05:37:34]    ✅ 成功抓到 7 筆時段
[2026-08-18 05:37:34]    💾 存檔！已處理 2270/5921 | 成功 1555 | 失敗 715
[2026-08-18 05:37:34]       資料庫共 2437 筆，其中 1698 筆有營業時間
[2026-08-18 05:37:34]       速度 7.2 筆/分鐘 | 預估剩餘 504 分鐘
[2026-08-18 05:37:36] [2271/5921] 一太e衛浴觀光工廠 (Attraction_376570000A_000531)
[2026-08-18 05:37:40]    ✅ 成功抓到 7 筆時段
[2026-08-18 05:37:42] [2272/5921] 築港殉職者紀念碑 (Attraction_376570000A_000534)
[2026-08-18 05:37:45]    ✅ 成功抓到 7 筆時段
[2026-08-18 05:37:47] [2273/5921] 老大公廟 (Attraction_376570000A_000535)
[2026-08-18 05:37:52]    ❌ 三種策略皆失敗
[2026-08-18 05:37:54] [2274/5921] 仙洞巖 (Attraction_376570000A_000540)
[2026-08-18 05:37:58]    ❌ 三種策略皆失敗
[2026-08-18 05:38:00] [2275/5921] 佛手洞 (Attraction_376570000A_000545)
[2026-08-18 05:38:56]    (透過策略2成功)
[2026-08-18 05:38:56]    ✅ 成功抓到 7 筆時段
[2026-08-18 05:38:58] [2276/5921] 暖東舊道 (淡蘭古道TK2-3) (Attraction_376570000A_000547)
[2026-08-18 05:39:01]    ✅ 成功抓到 7 筆時段
[2026-08-18 05:39:03] [2277/5921] 中法戰役陣亡戰士紀念碑 (Attraction_376570000A_000550)
[2026-08-18 05:39:08]    ❌ 三種策略皆失敗
[2026-08-18 05:39:10] [2278/5921] 苓蘭生態農園 (Attraction_376570000A_000551)
[2026-08-18 05:39:14]    ✅ 成功抓到 7 筆時段
[2026-08-18 05:39:16] [2279/5921] 海興游泳池 (Attraction_376570000A_000553)
[2026-08-18 05:39:20]    ❌ 三種策略皆失敗
[2026-08-18 05:39:22] [2280/5921] 盛德農場 (Attraction_376570000A_000554)
[2026-08-18 05:39:27]    ❌ 三種策略皆失敗
[2026-08-18 05:39:27]    💾 存檔！已處理 2280/5921 | 成功 1560 | 失敗 720
[2026-08-18 05:39:27]       資料庫共 2447 筆，其中 1703 筆有營業時間
[2026-08-18 05:39:27]       速度 7.2 筆/分鐘 | 預估剩餘 503 分鐘
[2026-08-18 05:39:29] [2281/5921] 白米甕砲台(荷蘭城) (Attraction_376570000A_000556)
[2026-08-18 05:39:32]    ✅ 成功抓到 7 筆時段
[2026-08-18 05:39:34] [2282/5921] 百福公園 (Attraction_376570000A_000557)
[2026-08-18 05:39:45]    (透過策略2成功)
[2026-08-18 05:39:45]    ✅ 成功抓到 7 筆時段
[2026-08-18 05:39:47] [2283/5921] 泰安瀑布 (Attraction_376570000A_000562)
[2026-08-18 05:40:38]    ✅ 成功抓到 7 筆時段
[2026-08-18 05:40:40] [2284/5921] 瑪西焦炭窯 (Attraction_376570000A_000563)
[2026-08-18 05:40:43]    ✅ 成功抓到 7 筆時段
[2026-08-18 05:40:45] [2285/5921] 基隆地標 (Attraction_376570000A_000564)
[2026-08-18 05:40:51]    (透過策略2成功)
[2026-08-18 05:40:51]    ✅ 成功抓到 7 筆時段
[2026-08-18 05:40:53] [2286/5921] 綠竹園山薯農場 (Attraction_376570000A_000566)
[2026-08-18 05:40:57]    ✅ 成功抓到 7 筆時段
[2026-08-18 05:40:59] [2287/5921] 姜子寮登山步道 (Attraction_376570000A_000568)
[2026-08-18 05:41:07]    ✅ 成功抓到 7 筆時段
[2026-08-18 05:41:09] [2288/5921] 暖暖安德宮 (Attraction_376570000A_000574)
[2026-08-18 05:41:13]    ✅ 成功抓到 7 筆時段
[2026-08-18 05:41:15] [2289/5921] 基隆燈塔 (Attraction_376570000A_000575)
[2026-08-18 05:41:24]    ✅ 成功抓到 7 筆時段
[2026-08-18 05:41:26] [2290/5921] 七堵鐵道公園 (Attraction_376570000A_000576)
[2026-08-18 05:41:29]    ✅ 成功抓到 7 筆時段
[2026-08-18 05:41:29]    💾 存檔！已處理 2290/5921 | 成功 1570 | 失敗 720
[2026-08-18 05:41:29]       資料庫共 2457 筆，其中 1713 筆有營業時間
[2026-08-18 05:41:29]       速度 7.2 筆/分鐘 | 預估剩餘 503 分鐘
[2026-08-18 05:41:31] [2291/5921] 虎仔山登山步道 (Attraction_376570000A_000578)
[2026-08-18 05:41:35]    ✅ 成功抓到 7 筆時段
[2026-08-18 05:41:37] [2292/5921] 暖暖淨水廠百年幫浦間 (Attraction_376570000A_000583)
[2026-08-18 05:41:40]    ✅ 成功抓到 7 筆時段
[2026-08-18 05:41:42] [2293/5921] 大菁休閒農場 (Attraction_376570000A_000584)
[2026-08-18 05:41:46]    ✅ 成功抓到 7 筆時段
[2026-08-18 05:41:48] [2294/5921] 東勢坑產業步道 (Attraction_376570000A_000585)
[2026-08-18 05:41:51]    ✅ 成功抓到 7 筆時段
[2026-08-18 05:41:53] [2295/5921] 黃蠟石文化館 (Attraction_376570000A_000586)
[2026-08-18 05:41:57]    ✅ 成功抓到 7 筆時段
[2026-08-18 05:41:59] [2296/5921] 暖東苗圃 (Attraction_376570000A_000620)
[2026-08-18 05:42:07]    ✅ 成功抓到 7 筆時段
[2026-08-18 05:42:09] [2297/5921] 拉波波村 (Attraction_376570000A_000626)
[2026-08-18 05:42:14]    ❌ 三種策略皆失敗
[2026-08-18 05:42:16] [2298/5921] 暖暖親水公園 (Attraction_376570000A_000628)
[2026-08-18 05:42:20]    ✅ 成功抓到 7 筆時段
[2026-08-18 05:42:22] [2299/5921] 暖暖運動公園 (Attraction_376570000A_000634)
[2026-08-18 05:42:25]    ✅ 成功抓到 7 筆時段
[2026-08-18 05:42:27] [2300/5921] 雙生土地公廟 (Attraction_376570000A_000635)
[2026-08-18 05:43:19]    ❌ 三種策略皆失敗
[2026-08-18 05:43:19]    💾 存檔！已處理 2300/5921 | 成功 1578 | 失敗 722
[2026-08-18 05:43:19]       資料庫共 2467 筆，其中 1721 筆有營業時間
[2026-08-18 05:43:19]       速度 7.2 筆/分鐘 | 預估剩餘 502 分鐘
[2026-08-18 05:43:21] [2301/5921] 瑪西賞桐步道 (Attraction_376570000A_000703)
[2026-08-18 05:43:27]    ❌ 三種策略皆失敗
[2026-08-18 05:43:29] [2302/5921] 麗都蝶客花園 (Attraction_376570000A_000708)
[2026-08-18 05:43:32]    ✅ 成功抓到 7 筆時段
[2026-08-18 05:43:34] [2303/5921] 外木山漁港 (Attraction_376570000A_000709)
[2026-08-18 05:43:45]    (透過策略2成功)
[2026-08-18 05:43:45]    ✅ 成功抓到 7 筆時段
[2026-08-18 05:43:47] [2304/5921] 海興步道 (Attraction_376570000A_000712)
[2026-08-18 05:43:51]    ✅ 成功抓到 7 筆時段
[2026-08-18 05:43:53] [2305/5921] 容軒步道 (Attraction_376570000A_000713)
[2026-08-18 05:43:58]    (透過策略2成功)
[2026-08-18 05:43:58]    ✅ 成功抓到 7 筆時段
[2026-08-18 05:44:00] [2306/5921] 龍崗步道 (Attraction_376570000A_000714)
[2026-08-18 05:44:04]    ✅ 成功抓到 7 筆時段
[2026-08-18 05:44:06] [2307/5921] 紅淡山步道 (Attraction_376570000A_000715)
[2026-08-18 05:44:21]    ❌ 三種策略皆失敗
[2026-08-18 05:44:23] [2308/5921] 暖東峽谷 (淡蘭古道TK2-2) (Attraction_376570000A_000886)
[2026-08-18 05:45:14]    ❌ 三種策略皆失敗
[2026-08-18 05:45:16] [2309/5921] 大坪海岸 (Attraction_376570000A_001142)
[2026-08-18 05:45:19]    ✅ 成功抓到 7 筆時段
[2026-08-18 05:45:21] [2310/5921] 阿姆斯脫朗砲 (Attraction_376570000A_001147)
[2026-08-18 05:45:27]    策略1失敗，嘗試下一個...
[2026-08-18 05:45:29]    ❌ 三種策略皆失敗
[2026-08-18 05:45:29]    💾 存檔！已處理 2310/5921 | 成功 1584 | 失敗 726
[2026-08-18 05:45:29]       資料庫共 2477 筆，其中 1727 筆有營業時間
[2026-08-18 05:45:29]       速度 7.2 筆/分鐘 | 預估剩餘 502 分鐘
[2026-08-18 05:45:31] [2311/5921] 北白川宮能久親王紀念碑 (Attraction_376570000A_001163)
[2026-08-18 05:45:35]    ✅ 成功抓到 7 筆時段
[2026-08-18 05:45:37] [2312/5921] 西班牙諸聖教堂考古遺址 (Attraction_376570000A_001167)
[2026-08-18 05:45:41]    ❌ 三種策略皆失敗
[2026-08-18 05:45:43] [2313/5921] 基隆要塞司令官邸 (Attraction_376570000A_001173)
[2026-08-18 05:45:47]    ✅ 成功抓到 7 筆時段
[2026-08-18 05:45:49] [2314/5921] 佛光山極樂寺 (Attraction_376570000A_001197)
[2026-08-18 05:45:52]    ✅ 成功抓到 7 筆時段
[2026-08-18 05:45:54] [2315/5921] 月眉山靈泉禪寺 (Attraction_376570000A_001201)
[2026-08-18 05:45:58]    ✅ 成功抓到 7 筆時段
[2026-08-18 05:46:00] [2316/5921] 荖寮坑礦業生態園區 (Attraction_376570000A_001206)
[2026-08-18 05:46:03]    ✅ 成功抓到 7 筆時段
[2026-08-18 05:46:05] [2317/5921] 尚農農園 (Attraction_376570000A_001210)
[2026-08-18 05:46:12]    (透過策略2成功)
[2026-08-18 05:46:12]    ✅ 成功抓到 7 筆時段
[2026-08-18 05:46:14] [2318/5921] 泰安市民農園 (Attraction_376570000A_001218)
[2026-08-18 05:46:19]    ❌ 三種策略皆失敗
[2026-08-18 05:46:21] [2319/5921] 天外天復育公園 (Attraction_376570000A_001223)
[2026-08-18 05:46:24]    ✅ 成功抓到 7 筆時段
[2026-08-18 05:46:26] [2320/5921] 情人湖公園 (Attraction_376570000A_001224)
[2026-08-18 05:46:30]    ✅ 成功抓到 7 筆時段
[2026-08-18 05:46:30]    💾 存檔！已處理 2320/5921 | 成功 1592 | 失敗 728
[2026-08-18 05:46:30]       資料庫共 2487 筆，其中 1735 筆有營業時間
[2026-08-18 05:46:30]       速度 7.2 筆/分鐘 | 預估剩餘 500 分鐘
[2026-08-18 05:46:32] [2321/5921] 太平山城(罾仔寮) (Attraction_376570000A_001245)
[2026-08-18 05:47:31]    ❌ 三種策略皆失敗
[2026-08-18 05:47:33] [2322/5921] 永嘉景觀步道（紅龍山） (Attraction_376570000A_001247)
[2026-08-18 05:47:40]    ❌ 三種策略皆失敗
[2026-08-18 05:47:42] [2323/5921] 六堵險圳步道 (Attraction_376570000A_001248)
[2026-08-18 05:47:46]    ✅ 成功抓到 7 筆時段
[2026-08-18 05:47:48] [2324/5921] 十方大覺寺 (Attraction_376570000A_001256)
[2026-08-18 05:47:51]    ✅ 成功抓到 7 筆時段
[2026-08-18 05:47:53] [2325/5921] 新竹少年刑務所演武場 (Attraction_376580000A_000006)
[2026-08-18 05:47:56]    ✅ 成功抓到 7 筆時段
[2026-08-18 05:47:58] [2326/5921] 新竹市鐵道藝術村 (Attraction_376580000A_000008)
[2026-08-18 05:48:02]    ✅ 成功抓到 7 筆時段
[2026-08-18 05:48:04] [2327/5921] 眷村博物館 (Attraction_376580000A_000009)
[2026-08-18 05:48:10]    (透過策略2成功)
[2026-08-18 05:48:10]    ✅ 成功抓到 7 筆時段
[2026-08-18 05:48:12] [2328/5921] 新竹市美術館 (Attraction_376580000A_000010)
[2026-08-18 05:48:15]    ✅ 成功抓到 7 筆時段
[2026-08-18 05:48:17] [2329/5921] 玻璃工藝博物館 (Attraction_376580000A_000011)
[2026-08-18 05:48:21]    ✅ 成功抓到 7 筆時段
[2026-08-18 05:48:23] [2330/5921] 新竹州警務部部長官舍 (Attraction_376580000A_000013)
[2026-08-18 05:48:26]    ✅ 成功抓到 7 筆時段
[2026-08-18 05:48:26]    💾 存檔！已處理 2330/5921 | 成功 1600 | 失敗 730
[2026-08-18 05:48:26]       資料庫共 2497 筆，其中 1743 筆有營業時間
[2026-08-18 05:48:26]       速度 7.2 筆/分鐘 | 預估剩餘 500 分鐘
[2026-08-18 05:48:28] [2331/5921] 新竹州圖書館 (Attraction_376580000A_000014)
[2026-08-18 05:48:34]    (透過策略2成功)
[2026-08-18 05:48:34]    ✅ 成功抓到 7 筆時段
[2026-08-18 05:48:36] [2332/5921] 消防博物館 (Attraction_376580000A_000017)
[2026-08-18 05:48:42]    (透過策略2成功)
[2026-08-18 05:48:42]    ✅ 成功抓到 7 筆時段
[2026-08-18 05:48:44] [2333/5921] 新竹公園 (Attraction_376580000A_000020)
[2026-08-18 05:48:53]    ✅ 成功抓到 7 筆時段
[2026-08-18 05:48:55] [2334/5921] 香山天后宮 (Attraction_376580000A_000021)
[2026-08-18 05:48:58]    ✅ 成功抓到 7 筆時段
[2026-08-18 05:49:00] [2335/5921] 長和宮 (Attraction_376580000A_000022)
[2026-08-18 05:49:04]    ✅ 成功抓到 7 筆時段
[2026-08-18 05:49:06] [2336/5921] 竹蓮寺 (Attraction_376580000A_000023)
[2026-08-18 05:49:10]    ✅ 成功抓到 7 筆時段
[2026-08-18 05:49:12] [2337/5921] 新竹孔廟 (Attraction_376580000A_000024)
[2026-08-18 05:49:15]    ✅ 成功抓到 7 筆時段
[2026-08-18 05:49:17] [2338/5921] 香山火車站 (Attraction_376580000A_000025)
[2026-08-18 05:49:22]    ❌ 三種策略皆失敗
[2026-08-18 05:49:24] [2339/5921] 新竹市政府(新竹州廳) (Attraction_376580000A_000026)
[2026-08-18 05:49:28]    ✅ 成功抓到 7 筆時段
[2026-08-18 05:49:30] [2340/5921] 新竹火車站 (Attraction_376580000A_000027)
[2026-08-18 05:49:39]    ❌ 三種策略皆失敗
[2026-08-18 05:49:39]    💾 存檔！已處理 2340/5921 | 成功 1608 | 失敗 732
[2026-08-18 05:49:39]       資料庫共 2507 筆，其中 1751 筆有營業時間
[2026-08-18 05:49:39]       速度 7.2 筆/分鐘 | 預估剩餘 498 分鐘
[2026-08-18 05:49:42] [2341/5921] 湖畔料亭 (Attraction_376580000A_000028)
[2026-08-18 05:49:50]    ✅ 成功抓到 7 筆時段
[2026-08-18 05:49:52] [2342/5921] 迎曦門(東門城) (Attraction_376580000A_000029)
[2026-08-18 05:49:56]    ✅ 成功抓到 7 筆時段
[2026-08-18 05:49:58] [2343/5921] 新竹都城隍廟 (Attraction_376580000A_000030)
[2026-08-18 05:50:01]    ✅ 成功抓到 7 筆時段
[2026-08-18 05:50:03] [2344/5921] 香山森林 (Attraction_376580000A_000031)
[2026-08-18 05:50:07]    ✅ 成功抓到 7 筆時段
[2026-08-18 05:50:09] [2345/5921] 新竹公園 (Attraction_376580000A_000032)
[2026-08-18 05:50:18]    ✅ 成功抓到 7 筆時段
[2026-08-18 05:50:20] [2346/5921] 隆恩圳 (Attraction_376580000A_000033)
[2026-08-18 05:50:24]    ❌ 三種策略皆失敗
[2026-08-18 05:50:26] [2347/5921] 高峰植物園 (Attraction_376580000A_000034)
[2026-08-18 05:50:30]    ✅ 成功抓到 7 筆時段
[2026-08-18 05:50:32] [2348/5921] 新竹火車站－站前廣場 (Attraction_376580000A_000035)
[2026-08-18 05:50:43]    (透過策略2成功)
[2026-08-18 05:50:43]    ✅ 成功抓到 7 筆時段
[2026-08-18 05:50:45] [2349/5921] 綠光公園 (Attraction_376580000A_000036)
[2026-08-18 05:50:55]    ❌ 三種策略皆失敗
[2026-08-18 05:50:57] [2350/5921] 長和公園 (Attraction_376580000A_000037)
[2026-08-18 05:51:00]    ✅ 成功抓到 7 筆時段
[2026-08-18 05:51:00]    💾 存檔！已處理 2350/5921 | 成功 1616 | 失敗 734
[2026-08-18 05:51:00]       資料庫共 2517 筆，其中 1759 筆有營業時間
[2026-08-18 05:51:00]       速度 7.2 筆/分鐘 | 預估剩餘 497 分鐘
[2026-08-18 05:51:02] [2351/5921] 中央公園 (Attraction_376580000A_000038)
[2026-08-18 05:51:08]    (透過策略2成功)
[2026-08-18 05:51:08]    ✅ 成功抓到 7 筆時段
[2026-08-18 05:51:10] [2352/5921] 南寮運動公園 (Attraction_376580000A_000039)
[2026-08-18 05:51:14]    ✅ 成功抓到 7 筆時段
[2026-08-18 05:51:16] [2353/5921] 明湖公園 (Attraction_376580000A_000040)
[2026-08-18 05:51:19]    ✅ 成功抓到 7 筆時段
[2026-08-18 05:51:21] [2354/5921] 關新公園 (Attraction_376580000A_000041)
[2026-08-18 05:51:25]    ✅ 成功抓到 7 筆時段
[2026-08-18 05:51:27] [2355/5921] 護城河 (Attraction_376580000A_000042)
[2026-08-18 05:51:32]    ❌ 三種策略皆失敗
[2026-08-18 05:51:34] [2356/5921] 靜心湖 (Attraction_376580000A_000045)
[2026-08-18 05:51:48]    ❌ 三種策略皆失敗
[2026-08-18 05:51:50] [2357/5921] 十八尖山 (Attraction_376580000A_000046)
[2026-08-18 05:51:55]    ❌ 三種策略皆失敗
[2026-08-18 05:51:57] [2358/5921] 青青草原 (Attraction_376580000A_000047)
[2026-08-18 05:52:03]    (透過策略2成功)
[2026-08-18 05:52:03]    ✅ 成功抓到 7 筆時段
[2026-08-18 05:52:05] [2359/5921] 清華大學 (Attraction_376580000A_000048)
[2026-08-18 05:52:09]    ✅ 成功抓到 7 筆時段
[2026-08-18 05:52:11] [2360/5921] 海山漁港 (Attraction_376580000A_000049)
[2026-08-18 05:52:17]    (透過策略2成功)
[2026-08-18 05:52:17]    ✅ 成功抓到 7 筆時段
[2026-08-18 05:52:17]    💾 存檔！已處理 2360/5921 | 成功 1623 | 失敗 737
[2026-08-18 05:52:17]       資料庫共 2527 筆，其中 1766 筆有營業時間
[2026-08-18 05:52:17]       速度 7.2 筆/分鐘 | 預估剩餘 495 分鐘
[2026-08-18 05:52:19] [2361/5921] 香山濕地賞蟹步道 (Attraction_376580000A_000050)
[2026-08-18 05:52:23]    ❌ 三種策略皆失敗
[2026-08-18 05:52:25] [2362/5921] 風情海岸 (Attraction_376580000A_000051)
[2026-08-18 05:52:29]    ✅ 成功抓到 7 筆時段
[2026-08-18 05:52:31] [2363/5921] 十八尖山 (Attraction_376580000A_000052)
[2026-08-18 05:52:36]    ❌ 三種策略皆失敗
[2026-08-18 05:52:38] [2364/5921] 新竹漁港 (Attraction_376580000A_000053)
[2026-08-18 05:52:54]    (透過策略2成功)
[2026-08-18 05:52:54]    ✅ 成功抓到 7 筆時段
[2026-08-18 05:52:56] [2365/5921] 新竹市立動物園 (Attraction_376580000A_000055)
[2026-08-18 05:52:59]    ✅ 成功抓到 7 筆時段
[2026-08-18 05:53:01] [2366/5921] 青草湖 (Attraction_376580000A_000058)
[2026-08-18 05:53:12]    (透過策略2成功)
[2026-08-18 05:53:12]    ✅ 成功抓到 7 筆時段
[2026-08-18 05:53:14] [2367/5921] 南港賞鳥區 (Attraction_376580000A_000060)
[2026-08-18 05:53:19]    ❌ 三種策略皆失敗
[2026-08-18 05:53:21] [2368/5921] 賞蟹步道 (Attraction_376580000A_000061)
[2026-08-18 05:53:24]    ✅ 成功抓到 7 筆時段
[2026-08-18 05:53:26] [2369/5921] 港南運河公園 (Attraction_376580000A_000062)
[2026-08-18 05:53:30]    ✅ 成功抓到 7 筆時段
[2026-08-18 05:53:32] [2370/5921] 17公里自行車道 (Attraction_376580000A_000063)
[2026-08-18 05:53:41]    ✅ 成功抓到 7 筆時段
[2026-08-18 05:53:41]    💾 存檔！已處理 2370/5921 | 成功 1630 | 失敗 740
[2026-08-18 05:53:41]       資料庫共 2537 筆，其中 1773 筆有營業時間
[2026-08-18 05:53:41]       速度 7.2 筆/分鐘 | 預估剩餘 494 分鐘
[2026-08-18 05:53:43] [2371/5921] 竹光國民運動中心 (Attraction_376580000A_000064)
[2026-08-18 05:53:46]    ✅ 成功抓到 7 筆時段
[2026-08-18 05:53:48] [2372/5921] 老鍋休閒農莊 (Attraction_376580000A_000065)
[2026-08-18 05:53:52]    ✅ 成功抓到 7 筆時段
[2026-08-18 05:53:54] [2373/5921] 科學園區探索館 (Attraction_376580000A_000066)
[2026-08-18 05:53:58]    ✅ 成功抓到 7 筆時段
[2026-08-18 05:54:00] [2374/5921] 玫瑰色二手書店 (Attraction_376580000A_000067)
[2026-08-18 05:54:03]    ✅ 成功抓到 7 筆時段
[2026-08-18 05:54:05] [2375/5921] 新竹春室Glass Studio + The POOL (Attraction_376580000A_000069)
[2026-08-18 05:54:09]    ✅ 成功抓到 7 筆時段
[2026-08-18 05:54:11] [2376/5921] 進益摃丸文化會館 (Attraction_376580000A_000070)
[2026-08-18 05:54:14]    ✅ 成功抓到 7 筆時段
[2026-08-18 05:54:16] [2377/5921] 老鍋米粉/老鍋農莊 (Attraction_376580000A_000072)
[2026-08-18 05:54:20]    ✅ 成功抓到 7 筆時段
[2026-08-18 05:54:22] [2378/5921] 玲瓏窯玻璃工藝 (Attraction_376580000A_000073)
[2026-08-18 05:54:25]    ✅ 成功抓到 7 筆時段
[2026-08-18 05:54:27] [2379/5921] 春池觀光玻璃工廠 (Attraction_376580000A_000074)
[2026-08-18 05:54:31]    ✅ 成功抓到 7 筆時段
[2026-08-18 05:54:33] [2380/5921] 福康安紀功碑 (Attraction_376600000A_000001)
[2026-08-18 05:54:36]    ✅ 成功抓到 7 筆時段
[2026-08-18 05:54:36]    💾 存檔！已處理 2380/5921 | 成功 1640 | 失敗 740
[2026-08-18 05:54:36]       資料庫共 2547 筆，其中 1783 筆有營業時間
[2026-08-18 05:54:36]       速度 7.2 筆/分鐘 | 預估剩餘 492 分鐘
[2026-08-18 05:54:38] [2381/5921] 丙午震災紀念碑 (Attraction_376600000A_000002)
[2026-08-18 05:54:42]    ✅ 成功抓到 7 筆時段
[2026-08-18 05:54:44] [2382/5921] 十二門古砲 (Attraction_376600000A_000003)
[2026-08-18 05:54:55]    (透過策略2成功)
[2026-08-18 05:54:55]    ✅ 成功抓到 7 筆時段
[2026-08-18 05:54:57] [2383/5921] 陳澄波畫架 (Attraction_376600000A_000004)
[2026-08-18 05:55:03]    (透過策略2成功)
[2026-08-18 05:55:03]    ✅ 成功抓到 7 筆時段
[2026-08-18 05:55:05] [2384/5921] 牆之道 (Attraction_376600000A_000005)
[2026-08-18 05:55:08]    ✅ 成功抓到 7 筆時段
[2026-08-18 05:55:10] [2385/5921] 一江山紀念碑 (Attraction_376600000A_000006)
[2026-08-18 05:55:14]    ✅ 成功抓到 7 筆時段
[2026-08-18 05:55:16] [2386/5921] 孔廟 (Attraction_376600000A_000007)
[2026-08-18 05:55:22]    (透過策略2成功)
[2026-08-18 05:55:22]    ✅ 成功抓到 7 筆時段
[2026-08-18 05:55:24] [2387/5921] 九華山地藏庵 (Attraction_376600000A_000008)
[2026-08-18 05:55:27]    ✅ 成功抓到 7 筆時段
[2026-08-18 05:55:29] [2388/5921] 嘉義神社手水舍 (Attraction_376600000A_000009)
[2026-08-18 05:55:34]    ❌ 三種策略皆失敗
[2026-08-18 05:55:36] [2389/5921] 祥太文化館 (Attraction_376600000A_000010)
[2026-08-18 05:55:39]    ✅ 成功抓到 7 筆時段
[2026-08-18 05:55:41] [2390/5921] 蘇周連宗祠 (Attraction_376600000A_000011)
[2026-08-18 05:55:45]    ✅ 成功抓到 7 筆時段
[2026-08-18 05:55:45]    💾 存檔！已處理 2390/5921 | 成功 1649 | 失敗 741
[2026-08-18 05:55:45]       資料庫共 2557 筆，其中 1792 筆有營業時間
[2026-08-18 05:55:45]       速度 7.2 筆/分鐘 | 預估剩餘 490 分鐘
[2026-08-18 05:55:47] [2391/5921] 紅毛井 (Attraction_376600000A_000012)
[2026-08-18 05:55:55]    ✅ 成功抓到 7 筆時段
[2026-08-18 05:55:57] [2392/5921] 八獎溪義渡 (Attraction_376600000A_000013)
[2026-08-18 05:56:03]    (透過策略2成功)
[2026-08-18 05:56:03]    ✅ 成功抓到 7 筆時段
[2026-08-18 05:56:05] [2393/5921] 月桃故事館 (Attraction_376600000A_000014)
[2026-08-18 05:56:09]    ✅ 成功抓到 7 筆時段
[2026-08-18 05:56:11] [2394/5921] 檜意森活村 (Attraction_376600000A_000015)
[2026-08-18 05:56:22]    ✅ 成功抓到 7 筆時段
[2026-08-18 05:56:24] [2395/5921] 動力室木雕作品展示館 (整修中) (Attraction_376600000A_000016)
[2026-08-18 05:56:28]    ✅ 成功抓到 7 筆時段
[2026-08-18 05:56:30] [2396/5921] 阿里山森林鐵路車庫園區 (Attraction_376600000A_000017)
[2026-08-18 05:56:33]    ✅ 成功抓到 7 筆時段
[2026-08-18 05:56:35] [2397/5921] 交趾陶館（閉館整修中） (Attraction_376600000A_000018)
[2026-08-18 05:56:49]    (透過策略3成功)
[2026-08-18 05:56:49]    ✅ 成功抓到 7 筆時段
[2026-08-18 05:56:51] [2398/5921] 嘉義市立博物館 (Attraction_376600000A_000019)
[2026-08-18 05:56:54]    ✅ 成功抓到 7 筆時段
[2026-08-18 05:56:56] [2399/5921] 射日塔 (Attraction_376600000A_000020)
[2026-08-18 05:57:07]    (透過策略2成功)
[2026-08-18 05:57:07]    ✅ 成功抓到 7 筆時段
[2026-08-18 05:57:09] [2400/5921] 行嘉吊橋 (Attraction_376600000A_000021)
[2026-08-18 05:57:13]    ✅ 成功抓到 7 筆時段
[2026-08-18 05:57:13]    💾 存檔！已處理 2400/5921 | 成功 1659 | 失敗 741
[2026-08-18 05:57:13]       資料庫共 2567 筆，其中 1802 筆有營業時間
[2026-08-18 05:57:13]       速度 7.2 筆/分鐘 | 預估剩餘 489 分鐘
[2026-08-18 05:57:15] [2401/5921] 港坪運動公園 (Attraction_376600000A_000022)
[2026-08-18 05:57:20]    ❌ 三種策略皆失敗
[2026-08-18 05:57:22] [2402/5921] 軍輝橋 (Attraction_376600000A_000023)
[2026-08-18 05:57:26]    ❌ 三種策略皆失敗
[2026-08-18 05:57:28] [2403/5921] 劉厝里百年老樹 (Attraction_376600000A_000024)
[2026-08-18 05:57:33]    ❌ 三種策略皆失敗
[2026-08-18 05:57:35] [2404/5921] 嘉義公園 (Attraction_376600000A_000025)
[2026-08-18 05:57:38]    ✅ 成功抓到 7 筆時段
[2026-08-18 05:57:40] [2405/5921] 嘉義樹木園 (Attraction_376600000A_000026)
[2026-08-18 05:57:49]    ✅ 成功抓到 7 筆時段
[2026-08-18 05:57:51] [2406/5921] 嘉大植物園 (Attraction_376600000A_000027)
[2026-08-18 05:57:56]    ❌ 三種策略皆失敗
[2026-08-18 05:57:58] [2407/5921] 文化中心旁杉池 (Attraction_376600000A_000028)
[2026-08-18 05:58:06]    ✅ 成功抓到 7 筆時段
[2026-08-18 05:58:08] [2408/5921] 埤子頭植物園 (Attraction_376600000A_000029)
[2026-08-18 05:58:12]    ✅ 成功抓到 7 筆時段
[2026-08-18 05:58:14] [2409/5921] 中正公園 (Attraction_376600000A_000030)
[2026-08-18 05:58:25]    (透過策略2成功)
[2026-08-18 05:58:25]    ✅ 成功抓到 7 筆時段
[2026-08-18 05:58:27] [2410/5921] 中央噴水池 (Attraction_376600000A_000031)
[2026-08-18 05:58:31]    ✅ 成功抓到 7 筆時段
[2026-08-18 05:58:31]    💾 存檔！已處理 2410/5921 | 成功 1665 | 失敗 745
[2026-08-18 05:58:31]       資料庫共 2577 筆，其中 1808 筆有營業時間
[2026-08-18 05:58:31]       速度 7.2 筆/分鐘 | 預估剩餘 487 分鐘
[2026-08-18 05:58:33] [2411/5921] 文化路夜市 (Attraction_376600000A_000032)
[2026-08-18 05:58:36]    ✅ 成功抓到 7 筆時段
[2026-08-18 05:58:38] [2412/5921] 嘉義文化創意產業園區 (Attraction_376600000A_000033)
[2026-08-18 05:58:42]    ✅ 成功抓到 7 筆時段
[2026-08-18 05:58:44] [2413/5921] 嘉義市政府文化局 (Attraction_376600000A_000034)
[2026-08-18 05:58:48]    ✅ 成功抓到 7 筆時段
[2026-08-18 05:58:50] [2414/5921] 嘉油鐵馬道 (Attraction_376600000A_000035)
[2026-08-18 05:58:58]    ✅ 成功抓到 7 筆時段
[2026-08-18 05:59:00] [2415/5921] 世賢路自行車道 (Attraction_376600000A_000036)
[2026-08-18 05:59:04]    ✅ 成功抓到 7 筆時段
[2026-08-18 05:59:06] [2416/5921] 蕭萬長文物館 (Attraction_376600000A_000037)
[2026-08-18 05:59:11]    ❌ 三種策略皆失敗
[2026-08-18 05:59:13] [2417/5921] 嘉義市身心障礙綜合園區─再耕園 (Attraction_376600000A_000038)
[2026-08-18 05:59:18]    ❌ 三種策略皆失敗
[2026-08-18 05:59:20] [2418/5921] 再耕園─蜻蛉玉工坊 (Attraction_376600000A_000039)
[2026-08-18 05:59:24]    ❌ 三種策略皆失敗
[2026-08-18 05:59:26] [2419/5921] 虎‧棒‧水泉 (Attraction_376600000A_000040)
[2026-08-18 05:59:32]    策略1失敗，嘗試下一個...
[2026-08-18 05:59:34]    ❌ 三種策略皆失敗
[2026-08-18 05:59:36] [2420/5921] 北回歸線標誌 (Attraction_376600000A_000041)
[2026-08-18 05:59:44]    ✅ 成功抓到 7 筆時段
[2026-08-18 05:59:44]    💾 存檔！已處理 2420/5921 | 成功 1671 | 失敗 749
[2026-08-18 05:59:44]       資料庫共 2587 筆，其中 1814 筆有營業時間
[2026-08-18 05:59:44]       速度 7.2 筆/分鐘 | 預估剩餘 485 分鐘
[2026-08-18 05:59:46] [2421/5921] 水源地水錶室 (Attraction_376600000A_000042)
[2026-08-18 05:59:50]    ✅ 成功抓到 7 筆時段
[2026-08-18 05:59:52] [2422/5921] 嘉義之心願景館 (Attraction_376600000A_000043)
[2026-08-18 05:59:55]    ✅ 成功抓到 7 筆時段
[2026-08-18 05:59:57] [2423/5921] KANO園區 (Attraction_376600000A_000044)
[2026-08-18 06:00:01]    ✅ 成功抓到 7 筆時段
[2026-08-18 06:00:03] [2424/5921] 沉睡森林主題公園 (Attraction_376600000A_000045)
[2026-08-18 06:00:07]    ✅ 成功抓到 7 筆時段
[2026-08-18 06:00:09] [2425/5921] 北香湖公園 (Attraction_376600000A_000046)
[2026-08-18 06:00:12]    ✅ 成功抓到 7 筆時段
[2026-08-18 06:00:14] [2426/5921] 頂庄社區 (Attraction_376600000A_000047)
[2026-08-18 06:00:19]    ❌ 三種策略皆失敗
[2026-08-18 06:00:21] [2427/5921] 矯正塾1921 (Attraction_376600000A_000048)
[2026-08-18 06:00:25]    ✅ 成功抓到 7 筆時段
[2026-08-18 06:00:27] [2428/5921] 彌陀映月橋 (Attraction_376600000A_000049)
[2026-08-18 06:00:33]    (透過策略2成功)
[2026-08-18 06:00:33]    ✅ 成功抓到 7 筆時段
[2026-08-18 06:00:35] [2429/5921] 滑草場與星光溜滑梯 (Attraction_376600000A_000050)
[2026-08-18 06:00:38]    ✅ 成功抓到 7 筆時段
[2026-08-18 06:00:40] [2430/5921] 愛木村休閒觀光工廠 (Attraction_376600000A_000051)
[2026-08-18 06:00:44]    ✅ 成功抓到 7 筆時段
[2026-08-18 06:00:44]    💾 存檔！已處理 2430/5921 | 成功 1680 | 失敗 750
[2026-08-18 06:00:44]       資料庫共 2597 筆，其中 1823 筆有營業時間
[2026-08-18 06:00:44]       速度 7.2 筆/分鐘 | 預估剩餘 483 分鐘
[2026-08-18 06:00:46] [2431/5921] 嘉義市史蹟資料館 (Attraction_376600000A_000052)
[2026-08-18 06:00:49]    ✅ 成功抓到 7 筆時段
[2026-08-18 06:00:51] [2432/5921] 嘉義仁武宮 (Attraction_376600000A_000053)
[2026-08-18 06:00:55]    ✅ 成功抓到 7 筆時段
[2026-08-18 06:00:57] [2433/5921] 國定古蹟嘉義城隍廟 (Attraction_376600000A_000054)
[2026-08-18 06:01:01]    ✅ 成功抓到 7 筆時段
[2026-08-18 06:01:03] [2434/5921] 蘭潭音樂噴泉 (Attraction_376600000A_000055)
[2026-08-18 06:01:07]    ❌ 三種策略皆失敗
[2026-08-18 06:01:09] [2435/5921] 二二八紀念碑 (Attraction_376600000A_000056)
[2026-08-18 06:01:15]    (透過策略2成功)
[2026-08-18 06:01:15]    ✅ 成功抓到 7 筆時段
[2026-08-18 06:01:17] [2436/5921] 森林之歌 (Attraction_376600000A_000057)
[2026-08-18 06:01:24]    ✅ 成功抓到 7 筆時段
[2026-08-18 06:01:26] [2437/5921] 北門驛 (Attraction_376600000A_000058)
[2026-08-18 06:01:36]    ❌ 三種策略皆失敗
[2026-08-18 06:01:38] [2438/5921] 國定古蹟嘉義舊監獄 (Attraction_376600000A_000059)
[2026-08-18 06:01:42]    ✅ 成功抓到 7 筆時段
[2026-08-18 06:01:44] [2439/5921] 蘭潭月影潭心 (Attraction_376600000A_000060)
[2026-08-18 06:01:47]    ✅ 成功抓到 7 筆時段
[2026-08-18 06:01:49] [2440/5921] 圓林仔社區 (Attraction_376600000A_000061)
[2026-08-18 06:01:53]    ✅ 成功抓到 7 筆時段
[2026-08-18 06:01:53]    💾 存檔！已處理 2440/5921 | 成功 1688 | 失敗 752
[2026-08-18 06:01:53]       資料庫共 2607 筆，其中 1831 筆有營業時間
[2026-08-18 06:01:53]       速度 7.2 筆/分鐘 | 預估剩餘 482 分鐘
[2026-08-18 06:01:55] [2441/5921] 蘭潭 (Attraction_376600000A_000062)
[2026-08-18 06:02:00]    ❌ 三種策略皆失敗
[2026-08-18 06:02:02] [2442/5921] 蘭潭後山步道 (Attraction_376600000A_000063)
[2026-08-18 06:02:05]    ✅ 成功抓到 7 筆時段
[2026-08-18 06:02:07] [2443/5921] 嘉義火車站 (Attraction_376600000A_000064)
[2026-08-18 06:02:12]    ❌ 三種策略皆失敗
[2026-08-18 06:02:14] [2444/5921] 嘉義市立美術館 (Attraction_376600000A_000065)
[2026-08-18 06:02:18]    ✅ 成功抓到 7 筆時段
[2026-08-18 06:02:20] [2445/5921] 農業試驗分所 (Attraction_376600000A_000066)
[2026-08-18 06:02:25]    (透過策略2成功)
[2026-08-18 06:02:25]    ✅ 成功抓到 7 筆時段
[2026-08-18 06:02:27] [2446/5921] 中台灣首座女性文化地標 (Attraction_376600000A_000067)
[2026-08-18 06:02:32]    ❌ 三種策略皆失敗
[2026-08-18 06:02:34] [2447/5921] 臺灣花磚博物館 (Attraction_376600000A_000068)
[2026-08-18 06:02:38]    ✅ 成功抓到 7 筆時段
[2026-08-18 06:02:40] [2448/5921] 嘉義市環市自行車道 (Attraction_376600000A_000069)
[2026-08-18 06:02:43]    ✅ 成功抓到 7 筆時段
[2026-08-18 06:02:45] [2449/5921] 慈龍寺 (Attraction_376600000A_000070)
[2026-08-18 06:02:50]    ❌ 三種策略皆失敗
[2026-08-18 06:02:52] [2450/5921] 大溪厝水環境教育園區 (Attraction_376600000A_000071)
[2026-08-18 06:02:56]    ✅ 成功抓到 7 筆時段
[2026-08-18 06:02:56]    💾 存檔！已處理 2450/5921 | 成功 1694 | 失敗 756
[2026-08-18 06:02:56]       資料庫共 2617 筆，其中 1837 筆有營業時間
[2026-08-18 06:02:56]       速度 7.2 筆/分鐘 | 預估剩餘 480 分鐘
[2026-08-18 06:02:58] [2451/5921] 實驗木場 (Attraction_376600000A_000072)
[2026-08-18 06:03:02]    ❌ 三種策略皆失敗
[2026-08-18 06:03:04] [2452/5921] 嘉義製材所 (Attraction_376600000A_000073)
[2026-08-18 06:03:14]    ❌ 三種策略皆失敗
[2026-08-18 06:03:16] [2453/5921] KANO遊客中心 (Attraction_376600000A_000074)
[2026-08-18 06:03:20]    ✅ 成功抓到 7 筆時段
[2026-08-18 06:03:22] [2454/5921] 嘉義市東公有零售市場 (Attraction_376600000A_000075)
[2026-08-18 06:03:25]    ✅ 成功抓到 7 筆時段
[2026-08-18 06:03:27] [2455/5921] 嘉義文學館東門町1923 (Attraction_376600000A_000076)
[2026-08-18 06:03:31]    ✅ 成功抓到 7 筆時段
[2026-08-18 06:03:33] [2456/5921] 大稻埕碼頭_大稻埕碼頭貨櫃市集 (Attraction_379000000A_000001)
[2026-08-18 06:03:36]    ✅ 成功抓到 7 筆時段
[2026-08-18 06:03:39] [2457/5921] 關渡碼頭 (Attraction_379000000A_000002)
[2026-08-18 06:03:43]    ❌ 三種策略皆失敗
[2026-08-18 06:03:45] [2458/5921] 大佳碼頭 (Attraction_379000000A_000003)
[2026-08-18 06:03:55]    ❌ 三種策略皆失敗
[2026-08-18 06:03:57] [2459/5921] 景美溪河濱自行車道 (Attraction_379000000A_000004)
[2026-08-18 06:04:02]    ❌ 三種策略皆失敗
[2026-08-18 06:04:04] [2460/5921] 關渡_金色水岸_八里左岸自行車道 (Attraction_379000000A_000005)
[2026-08-18 06:05:03]    ❌ 三種策略皆失敗
[2026-08-18 06:05:03]    💾 存檔！已處理 2460/5921 | 成功 1698 | 失敗 762
[2026-08-18 06:05:03]       資料庫共 2627 筆，其中 1841 筆有營業時間
[2026-08-18 06:05:03]       速度 7.2 筆/分鐘 | 預估剩餘 479 分鐘
[2026-08-18 06:05:05] [2461/5921] 社子島環島與二重疏洪道自行車道 (Attraction_379000000A_000006)
[2026-08-18 06:05:13]    ✅ 成功抓到 7 筆時段
[2026-08-18 06:05:15] [2462/5921] 雙溪生活水岸自行車道 (Attraction_379000000A_000008)
[2026-08-18 06:05:20]    ❌ 三種策略皆失敗
[2026-08-18 06:05:22] [2463/5921] 陽明山國家公園_冷水坑 (Attraction_379000000A_000009)
[2026-08-18 06:05:27]    ❌ 三種策略皆失敗
[2026-08-18 06:05:29] [2464/5921] 陽明山溫泉區_小油坑 (Attraction_379000000A_000010)
[2026-08-18 06:05:33]    ❌ 三種策略皆失敗
[2026-08-18 06:05:35] [2465/5921] 新北投溫泉商圈 (Attraction_379000000A_000011)
[2026-08-18 06:05:40]    ❌ 三種策略皆失敗
[2026-08-18 06:05:42] [2466/5921] 大屯山系_忠義山親山步道 (Attraction_379000000A_000013)
[2026-08-18 06:05:51]    ✅ 成功抓到 7 筆時段
[2026-08-18 06:05:53] [2467/5921] 大屯山系_貴子坑親山步道 (Attraction_379000000A_000014)
[2026-08-18 06:05:57]    ❌ 三種策略皆失敗
[2026-08-18 06:05:59] [2468/5921] 大屯山系_中正山步道 (Attraction_379000000A_000015)
[2026-08-18 06:06:04]    ❌ 三種策略皆失敗
[2026-08-18 06:06:06] [2469/5921] 大屯山系_軍艦岩親山步道 (Attraction_379000000A_000016)
[2026-08-18 06:06:11]    ❌ 三種策略皆失敗
[2026-08-18 06:06:13] [2470/5921] 七星山系_天母古道親山步道 (Attraction_379000000A_000017)
[2026-08-18 06:06:19]    (透過策略2成功)
[2026-08-18 06:06:19]    ✅ 成功抓到 7 筆時段
[2026-08-18 06:06:19]    💾 存檔！已處理 2470/5921 | 成功 1701 | 失敗 769
[2026-08-18 06:06:19]       資料庫共 2637 筆，其中 1844 筆有營業時間
[2026-08-18 06:06:19]       速度 7.2 筆/分鐘 | 預估剩餘 478 分鐘
[2026-08-18 06:06:21] [2471/5921] 擎天崗系_坪頂古圳步道 (Attraction_379000000A_000018)
[2026-08-18 06:06:25]    ❌ 三種策略皆失敗
[2026-08-18 06:06:27] [2472/5921] 國立故宮博物院 (Attraction_379000000A_000019)
[2026-08-18 06:06:31]    ✅ 成功抓到 7 筆時段
[2026-08-18 06:06:33] [2473/5921] 國立臺灣科學教育館 (Attraction_379000000A_000021)
[2026-08-18 06:06:37]    ✅ 成功抓到 7 筆時段
[2026-08-18 06:06:39] [2474/5921] 國立臺灣博物館 (Attraction_379000000A_000022)
[2026-08-18 06:07:36]    ❌ 三種策略皆失敗
[2026-08-18 06:07:38] [2475/5921] 國立中正紀念堂 (Attraction_379000000A_000023)
[2026-08-18 06:07:43]    ❌ 三種策略皆失敗
[2026-08-18 06:07:45] [2476/5921] 國立國父紀念館 (Attraction_379000000A_000024)
[2026-08-18 06:07:49]    ✅ 成功抓到 7 筆時段
[2026-08-18 06:07:51] [2477/5921] 國民革命忠烈祠 (Attraction_379000000A_000025)
[2026-08-18 06:07:54]    ✅ 成功抓到 7 筆時段
[2026-08-18 06:07:56] [2478/5921] 陽明山中山樓 (Attraction_379000000A_000026)
[2026-08-18 06:08:00]    ✅ 成功抓到 7 筆時段
[2026-08-18 06:08:02] [2479/5921] 陽明書屋 (Attraction_379000000A_000027)
[2026-08-18 06:08:05]    ✅ 成功抓到 7 筆時段
[2026-08-18 06:08:07] [2480/5921] 臺北自來水園區 (Attraction_379000000A_000028)
[2026-08-18 06:08:11]    ✅ 成功抓到 7 筆時段
[2026-08-18 06:08:11]    💾 存檔！已處理 2480/5921 | 成功 1708 | 失敗 772
[2026-08-18 06:08:11]       資料庫共 2647 筆，其中 1851 筆有營業時間
[2026-08-18 06:08:11]       速度 7.2 筆/分鐘 | 預估剩餘 477 分鐘
[2026-08-18 06:08:13] [2481/5921] 士林官邸_士林官邸公園 (Attraction_379000000A_000029)
[2026-08-18 06:08:18]    ❌ 三種策略皆失敗
[2026-08-18 06:08:20] [2482/5921] 臺北市立美術館 (Attraction_379000000A_000030)
[2026-08-18 06:08:23]    ✅ 成功抓到 7 筆時段
[2026-08-18 06:08:25] [2483/5921] 二二八和平公園 (Attraction_379000000A_000031)
[2026-08-18 06:08:29]    ✅ 成功抓到 7 筆時段
[2026-08-18 06:08:31] [2484/5921] 台北當代藝術館 (Attraction_379000000A_000032)
[2026-08-18 06:08:40]    ✅ 成功抓到 7 筆時段
[2026-08-18 06:08:42] [2485/5921] 北投溫泉博物館 (Attraction_379000000A_000033)
[2026-08-18 06:08:45]    ✅ 成功抓到 7 筆時段
[2026-08-18 06:08:47] [2486/5921] SPOT光點台北電影館 (Attraction_379000000A_000036)
[2026-08-18 06:08:51]    ✅ 成功抓到 7 筆時段
[2026-08-18 06:08:53] [2487/5921] 牯嶺街小劇場 (Attraction_379000000A_000038)
[2026-08-18 06:08:58]    ❌ 三種策略皆失敗
[2026-08-18 06:09:00] [2488/5921] 台北偶戲館 (Attraction_379000000A_000040)
[2026-08-18 06:09:04]    ✅ 成功抓到 7 筆時段
[2026-08-18 06:09:06] [2489/5921] 臺北市立天文科學教育館 (Attraction_379000000A_000041)
[2026-08-18 06:09:09]    ✅ 成功抓到 7 筆時段
[2026-08-18 06:09:11] [2490/5921] 凱達格蘭文化館 (Attraction_379000000A_000043)
[2026-08-18 06:09:15]    ✅ 成功抓到 7 筆時段
[2026-08-18 06:09:15]    💾 存檔！已處理 2490/5921 | 成功 1716 | 失敗 774
[2026-08-18 06:09:15]       資料庫共 2657 筆，其中 1859 筆有營業時間
[2026-08-18 06:09:15]       速度 7.2 筆/分鐘 | 預估剩餘 475 分鐘
[2026-08-18 06:09:17] [2491/5921] 順益台灣原住民博物館 (Attraction_379000000A_000044)
[2026-08-18 06:09:21]    ✅ 成功抓到 7 筆時段
[2026-08-18 06:09:23] [2492/5921] 信義公民會館暨眷村文化公園_四四南村 (Attraction_379000000A_000045)
[2026-08-18 06:09:26]    ✅ 成功抓到 7 筆時段
[2026-08-18 06:09:28] [2493/5921] 北投文物館 (Attraction_379000000A_000046)
[2026-08-18 06:09:32]    ✅ 成功抓到 7 筆時段
[2026-08-18 06:09:34] [2494/5921] 樹火紀念紙博物館 (Attraction_379000000A_000051)
[2026-08-18 06:09:38]    ✅ 成功抓到 7 筆時段
[2026-08-18 06:09:40] [2495/5921] 胡適紀念館 (Attraction_379000000A_000052)
[2026-08-18 06:09:43]    ✅ 成功抓到 7 筆時段
[2026-08-18 06:09:45] [2496/5921] 芝山文化生態綠園 (Attraction_379000000A_000053)
[2026-08-18 06:09:49]    ✅ 成功抓到 7 筆時段
[2026-08-18 06:09:51] [2497/5921] 敘舊布袋戲園 (Attraction_379000000A_000055)
[2026-08-18 06:09:56]    ❌ 三種策略皆失敗
[2026-08-18 06:09:58] [2498/5921] 臺北市藝文推廣處_城市舞台 (Attraction_379000000A_000056)
[2026-08-18 06:10:08]    ❌ 三種策略皆失敗
[2026-08-18 06:10:10] [2499/5921] 袖珍博物館 (Attraction_379000000A_000057)
[2026-08-18 06:10:13]    ✅ 成功抓到 7 筆時段
[2026-08-18 06:10:15] [2500/5921] 郵政博物館 (Attraction_379000000A_000058)
[2026-08-18 06:10:20]    ❌ 三種策略皆失敗
[2026-08-18 06:10:20]    💾 存檔！已處理 2500/5921 | 成功 1723 | 失敗 777
[2026-08-18 06:10:20]       資料庫共 2667 筆，其中 1866 筆有營業時間
[2026-08-18 06:10:20]       速度 7.2 筆/分鐘 | 預估剩餘 474 分鐘
[2026-08-18 06:10:22] [2501/5921] 大龍峒保安宮 (Attraction_379000000A_000061)
[2026-08-18 06:10:26]    ✅ 成功抓到 7 筆時段
[2026-08-18 06:10:28] [2502/5921] 照明淨寺_情人廟 (Attraction_379000000A_000062)
[2026-08-18 06:10:31]    ✅ 成功抓到 7 筆時段
[2026-08-18 06:10:33] [2503/5921] 芝山巖惠濟宮 (Attraction_379000000A_000063)
[2026-08-18 06:10:37]    ✅ 成功抓到 7 筆時段
[2026-08-18 06:10:39] [2504/5921] 指南宮 (Attraction_379000000A_000064)
[2026-08-18 06:10:47]    ✅ 成功抓到 7 筆時段
[2026-08-18 06:10:50] [2505/5921] 行天宮 (Attraction_379000000A_000065)
[2026-08-18 06:10:53]    ✅ 成功抓到 7 筆時段
[2026-08-18 06:10:55] [2506/5921] 北投普濟寺 (Attraction_379000000A_000066)
[2026-08-18 06:11:52]    ✅ 成功抓到 7 筆時段
[2026-08-18 06:11:54] [2507/5921] 碧山巖開漳聖王廟 (Attraction_379000000A_000067)
[2026-08-18 06:11:58]    ✅ 成功抓到 7 筆時段
[2026-08-18 06:12:00] [2508/5921] 艋舺龍山寺 (Attraction_379000000A_000068)
[2026-08-18 06:12:04]    ✅ 成功抓到 7 筆時段
[2026-08-18 06:12:06] [2509/5921] 台北霞海城隍廟 (Attraction_379000000A_000069)
[2026-08-18 06:12:09]    ✅ 成功抓到 7 筆時段
[2026-08-18 06:12:11] [2510/5921] 台北天后宮 (Attraction_379000000A_000070)
[2026-08-18 06:12:15]    ✅ 成功抓到 7 筆時段
[2026-08-18 06:12:15]    💾 存檔！已處理 2510/5921 | 成功 1733 | 失敗 777
[2026-08-18 06:12:15]       資料庫共 2677 筆，其中 1876 筆有營業時間
[2026-08-18 06:12:15]       速度 7.2 筆/分鐘 | 預估剩餘 473 分鐘
[2026-08-18 06:12:17] [2511/5921] 松山慈祐宮 (Attraction_379000000A_000071)
[2026-08-18 06:12:21]    ✅ 成功抓到 7 筆時段
[2026-08-18 06:12:23] [2512/5921] 士林慈諴宮 (Attraction_379000000A_000072)
[2026-08-18 06:12:27]    ✅ 成功抓到 7 筆時段
[2026-08-18 06:12:29] [2513/5921] 艋舺清水巖 (Attraction_379000000A_000073)
[2026-08-18 06:12:32]    ✅ 成功抓到 7 筆時段
[2026-08-18 06:12:34] [2514/5921] 艋舺青山宮 (Attraction_379000000A_000074)
[2026-08-18 06:12:38]    ✅ 成功抓到 7 筆時段
[2026-08-18 06:12:40] [2515/5921] 財團法人劍潭古寺 (Attraction_379000000A_000075)
[2026-08-18 06:12:44]    ✅ 成功抓到 7 筆時段
[2026-08-18 06:12:46] [2516/5921] 財團法人台北市關渡宮 (Attraction_379000000A_000076)
[2026-08-18 06:12:49]    ✅ 成功抓到 7 筆時段
[2026-08-18 06:12:51] [2517/5921] 天恩宮 (Attraction_379000000A_000077)
[2026-08-18 06:13:52]    ❌ 三種策略皆失敗
[2026-08-18 06:13:54] [2518/5921] 景美集應廟 (Attraction_379000000A_000079)
[2026-08-18 06:13:58]    ✅ 成功抓到 7 筆時段
[2026-08-18 06:14:00] [2519/5921] 天主教台北聖家堂 (Attraction_379000000A_000080)
[2026-08-18 06:14:04]    ✅ 成功抓到 7 筆時段
[2026-08-18 06:14:06] [2520/5921] 李春生紀念教會 (Attraction_379000000A_000081)
[2026-08-18 06:14:11]    ❌ 三種策略皆失敗
[2026-08-18 06:14:11]    💾 存檔！已處理 2520/5921 | 成功 1741 | 失敗 779
[2026-08-18 06:14:11]       資料庫共 2687 筆，其中 1884 筆有營業時間
[2026-08-18 06:14:11]       速度 7.2 筆/分鐘 | 預估剩餘 472 分鐘
[2026-08-18 06:14:13] [2521/5921] 臺北清真寺 (Attraction_379000000A_000082)
[2026-08-18 06:14:16]    ✅ 成功抓到 7 筆時段
[2026-08-18 06:14:18] [2522/5921] 西門紅樓 (Attraction_379000000A_000084)
[2026-08-18 06:14:22]    ✅ 成功抓到 7 筆時段
[2026-08-18 06:14:24] [2523/5921] MAISON ACME｜圓山別邸 (Attraction_379000000A_000085)
[2026-08-18 06:14:28]    ✅ 成功抓到 7 筆時段
[2026-08-18 06:14:30] [2524/5921] 臺北孔廟 (Attraction_379000000A_000086)
[2026-08-18 06:14:33]    ✅ 成功抓到 7 筆時段
[2026-08-18 06:14:35] [2525/5921] 臺北市鄉土教育中心_剝皮寮歷史街區 (Attraction_379000000A_000087)
[2026-08-18 06:14:39]    ✅ 成功抓到 7 筆時段
[2026-08-18 06:14:41] [2526/5921] 北門_承恩門(目前暫停開放) (Attraction_379000000A_000088)
[2026-08-18 06:15:41]    ❌ 三種策略皆失敗
[2026-08-18 06:15:43] [2527/5921] 中華民國總統府 (Attraction_379000000A_000089)
[2026-08-18 06:15:47]    ✅ 成功抓到 7 筆時段
[2026-08-18 06:15:49] [2528/5921] 林安泰古厝民俗文物館 (Attraction_379000000A_000090)
[2026-08-18 06:15:52]    ✅ 成功抓到 7 筆時段
[2026-08-18 06:15:54] [2529/5921] 小南門_重熙門 (Attraction_379000000A_000092)
[2026-08-18 06:15:58]    ✅ 成功抓到 7 筆時段
[2026-08-18 06:16:00] [2530/5921] 國立臺灣大學醫學院附設醫院_西址 (Attraction_379000000A_000093)
[2026-08-18 06:16:04]    ✅ 成功抓到 7 筆時段
[2026-08-18 06:16:04]    💾 存檔！已處理 2530/5921 | 成功 1750 | 失敗 780
[2026-08-18 06:16:04]       資料庫共 2697 筆，其中 1893 筆有營業時間
[2026-08-18 06:16:04]       速度 7.2 筆/分鐘 | 預估剩餘 472 分鐘
[2026-08-18 06:16:06] [2531/5921] 東門_景福門 (Attraction_379000000A_000095)
[2026-08-18 06:16:09]    ✅ 成功抓到 7 筆時段
[2026-08-18 06:16:11] [2532/5921] 南門_麗正門 (Attraction_379000000A_000096)
[2026-08-18 06:16:15]    ✅ 成功抓到 7 筆時段
[2026-08-18 06:16:17] [2533/5921] 臺灣菸酒股份有限公司_菸酒專賣局 (Attraction_379000000A_000097)
[2026-08-18 06:16:23]    (透過策略2成功)
[2026-08-18 06:16:23]    ✅ 成功抓到 7 筆時段
[2026-08-18 06:16:25] [2534/5921] 臺北賓館 (Attraction_379000000A_000098)
[2026-08-18 06:16:29]    ✅ 成功抓到 7 筆時段
[2026-08-18 06:16:31] [2535/5921] 大稻埕辜宅 (Attraction_379000000A_000099)
[2026-08-18 06:16:36]    ❌ 三種策略皆失敗
[2026-08-18 06:16:38] [2536/5921] 陽明山辛亥光復樓 (Attraction_379000000A_000100)
[2026-08-18 06:17:36]    ✅ 成功抓到 7 筆時段
[2026-08-18 06:17:38] [2537/5921] 圓山大飯店 (Attraction_379000000A_000101)
[2026-08-18 06:17:43]    ❌ 三種策略皆失敗
[2026-08-18 06:17:45] [2538/5921] 臺北北門郵局_臺北901支 (Attraction_379000000A_000102)
[2026-08-18 06:17:49]    ✅ 成功抓到 7 筆時段
[2026-08-18 06:17:51] [2539/5921] 玫瑰古蹟_蔡瑞月舞蹈研究社 (Attraction_379000000A_000104)
[2026-08-18 06:18:48]    ✅ 成功抓到 7 筆時段
[2026-08-18 06:18:50] [2540/5921] 大稻埕街區_迪化街店屋 (Attraction_379000000A_000105)
[2026-08-18 06:18:55]    ❌ 三種策略皆失敗
[2026-08-18 06:18:55]    💾 存檔！已處理 2540/5921 | 成功 1757 | 失敗 783
[2026-08-18 06:18:55]       資料庫共 2707 筆，其中 1900 筆有營業時間
[2026-08-18 06:18:55]       速度 7.2 筆/分鐘 | 預估剩餘 472 分鐘
[2026-08-18 06:18:57] [2541/5921] 新店溪河濱自行車道 (Attraction_379000000A_000116)
[2026-08-18 06:19:02]    ❌ 三種策略皆失敗
[2026-08-18 06:19:04] [2542/5921] 五指山系_大崙頭尾山親山步道 (Attraction_379000000A_000176)
[2026-08-18 06:19:13]    ✅ 成功抓到 7 筆時段
[2026-08-18 06:19:15] [2543/5921] 五指山系_劍潭山親山步道 (Attraction_379000000A_000177)
[2026-08-18 06:19:20]    ❌ 三種策略皆失敗
[2026-08-18 06:19:22] [2544/5921] 南港山系_更寮古道親山步道 (Attraction_379000000A_000179)
[2026-08-18 06:20:22]    ❌ 三種策略皆失敗
[2026-08-18 06:20:24] [2545/5921] 五指山系_白鷺鷥山_康樂山_明舉山親山步道 (Attraction_379000000A_000180)
[2026-08-18 06:21:25]    ❌ 三種策略皆失敗
[2026-08-18 06:21:27] [2546/5921] 五指山系_金面山親山步道 (Attraction_379000000A_000181)
[2026-08-18 06:21:36]    ✅ 成功抓到 7 筆時段
[2026-08-18 06:21:38] [2547/5921] 南港山系_南港山縱走親山步道 (Attraction_379000000A_000182)
[2026-08-18 06:21:41]    ✅ 成功抓到 7 筆時段
[2026-08-18 06:21:43] [2548/5921] 南港山系_麗山橋口親山步道 (Attraction_379000000A_000183)
[2026-08-18 06:21:47]    ✅ 成功抓到 7 筆時段
[2026-08-18 06:21:49] [2549/5921] 南港山系_虎山親山步道 (Attraction_379000000A_000184)
[2026-08-18 06:22:00]    (透過策略2成功)
[2026-08-18 06:22:00]    ✅ 成功抓到 7 筆時段
[2026-08-18 06:22:02] [2550/5921] 南港山系_象山親山步道 (Attraction_379000000A_000185)
[2026-08-18 06:22:06]    ✅ 成功抓到 7 筆時段
[2026-08-18 06:22:06]    💾 存檔！已處理 2550/5921 | 成功 1763 | 失敗 787
[2026-08-18 06:22:06]       資料庫共 2717 筆，其中 1906 筆有營業時間
[2026-08-18 06:22:06]       速度 7.1 筆/分鐘 | 預估剩餘 473 分鐘
[2026-08-18 06:22:08] [2551/5921] 二格山系_仙跡岩親山步道 (Attraction_379000000A_000186)
[2026-08-18 06:22:12]    ❌ 三種策略皆失敗
[2026-08-18 06:22:14] [2552/5921] 陽明山國家公園 (Attraction_379000000A_000189)
[2026-08-18 06:22:20]    ❌ 三種策略皆失敗
[2026-08-18 06:22:22] [2553/5921] 大安森林公園 (Attraction_379000000A_000190)
[2026-08-18 06:22:26]    ❌ 三種策略皆失敗
[2026-08-18 06:22:28] [2554/5921] 關渡自然公園 (Attraction_379000000A_000191)
[2026-08-18 06:22:32]    ✅ 成功抓到 7 筆時段
[2026-08-18 06:22:34] [2555/5921] 行天宮北投分宮_忠義廟 (Attraction_379000000A_000192)
[2026-08-18 06:22:45]    (透過策略2成功)
[2026-08-18 06:22:45]    ✅ 成功抓到 7 筆時段
[2026-08-18 06:22:47] [2556/5921] 臺北市中山堂 (Attraction_379000000A_000193)
[2026-08-18 06:22:51]    ✅ 成功抓到 7 筆時段
[2026-08-18 06:22:53] [2557/5921] 長榮海事博物館 (Attraction_379000000A_000197)
[2026-08-18 06:22:56]    ✅ 成功抓到 7 筆時段
[2026-08-18 06:22:58] [2558/5921] 大湖公園 (Attraction_379000000A_000198)
[2026-08-18 06:23:07]    ✅ 成功抓到 7 筆時段
[2026-08-18 06:23:09] [2559/5921] 碧湖公園 (Attraction_379000000A_000199)
[2026-08-18 06:23:13]    ✅ 成功抓到 7 筆時段
[2026-08-18 06:23:15] [2560/5921] 內溝溪生態展示館 (Attraction_379000000A_000200)
[2026-08-18 06:23:18]    ✅ 成功抓到 7 筆時段
[2026-08-18 06:23:18]    💾 存檔！已處理 2560/5921 | 成功 1770 | 失敗 790
[2026-08-18 06:23:18]       資料庫共 2727 筆，其中 1913 筆有營業時間
[2026-08-18 06:23:18]       速度 7.1 筆/分鐘 | 預估剩餘 471 分鐘
[2026-08-18 06:23:20] [2561/5921] 內溝溪生態步道 (Attraction_379000000A_000201)
[2026-08-18 06:23:29]    ✅ 成功抓到 7 筆時段
[2026-08-18 06:23:31] [2562/5921] 北投公園 (Attraction_379000000A_000202)
[2026-08-18 06:24:25]    ✅ 成功抓到 7 筆時段
[2026-08-18 06:24:27] [2563/5921] 國家兩廳院 (Attraction_379000000A_000203)
[2026-08-18 06:24:32]    ❌ 三種策略皆失敗
[2026-08-18 06:24:34] [2564/5921] 社子島島頭濕地 (Attraction_379000000A_000204)
[2026-08-18 06:24:38]    ✅ 成功抓到 7 筆時段
[2026-08-18 06:24:40] [2565/5921] 梅庭(目前暫停開放) (Attraction_379000000A_000206)
[2026-08-18 06:24:47]    ❌ 三種策略皆失敗
[2026-08-18 06:24:49] [2566/5921] 和平青草園_萬華402號公園 (Attraction_379000000A_000207)
[2026-08-18 06:24:53]    ✅ 成功抓到 7 筆時段
[2026-08-18 06:24:55] [2567/5921] 馬場町河濱公園 (Attraction_379000000A_000208)
[2026-08-18 06:25:00]    ❌ 三種策略皆失敗
[2026-08-18 06:25:02] [2568/5921] 地熱谷_地獄谷_鬼湖 (Attraction_379000000A_000210)
[2026-08-18 06:25:06]    ❌ 三種策略皆失敗
[2026-08-18 06:25:08] [2569/5921] 臺北市立動物園 (Attraction_379000000A_000211)
[2026-08-18 06:25:17]    ✅ 成功抓到 7 筆時段
[2026-08-18 06:25:19] [2570/5921] 臺北市立圖書館北投分館 (Attraction_379000000A_000212)
[2026-08-18 06:25:23]    ✅ 成功抓到 7 筆時段
[2026-08-18 06:25:23]    💾 存檔！已處理 2570/5921 | 成功 1776 | 失敗 794
[2026-08-18 06:25:23]       資料庫共 2737 筆，其中 1919 筆有營業時間
[2026-08-18 06:25:23]       速度 7.1 筆/分鐘 | 預估剩餘 471 分鐘
[2026-08-18 06:25:25] [2571/5921] 美堤碼頭 (Attraction_379000000A_000213)
[2026-08-18 06:25:29]    ❌ 三種策略皆失敗
[2026-08-18 06:25:31] [2572/5921] 錫口(彩虹)碼頭 (Attraction_379000000A_000214)
[2026-08-18 06:26:35]    ❌ 三種策略皆失敗
[2026-08-18 06:26:37] [2573/5921] 台北101 (Attraction_379000000A_000217)
[2026-08-18 06:26:42]    ❌ 三種策略皆失敗
[2026-08-18 06:26:44] [2574/5921] 臺北製糖所文化園區 (Attraction_379000000A_000218)
[2026-08-18 06:26:49]    ❌ 三種策略皆失敗
[2026-08-18 06:26:51] [2575/5921] 臺北市客家文化主題公園 (Attraction_379000000A_000219)
[2026-08-18 06:27:51]    ✅ 成功抓到 7 筆時段
[2026-08-18 06:27:53] [2576/5921] 國立臺灣大學博物館群_醫學人文博物館 (Attraction_379000000A_000220)
[2026-08-18 06:27:57]    ✅ 成功抓到 7 筆時段
[2026-08-18 06:27:59] [2577/5921] 樟山寺 (Attraction_379000000A_000221)
[2026-08-18 06:28:05]    (透過策略2成功)
[2026-08-18 06:28:05]    ✅ 成功抓到 7 筆時段
[2026-08-18 06:28:07] [2578/5921] 義芳居古厝 (Attraction_379000000A_000222)
[2026-08-18 06:28:11]    ✅ 成功抓到 7 筆時段
[2026-08-18 06:28:13] [2579/5921] 紀州庵文學森林 (Attraction_379000000A_000223)
[2026-08-18 06:28:16]    ✅ 成功抓到 7 筆時段
[2026-08-18 06:28:18] [2580/5921] 草山行館(目前暫停開放) (Attraction_379000000A_000224)
[2026-08-18 06:28:26]    ❌ 三種策略皆失敗
[2026-08-18 06:28:26]    💾 存檔！已處理 2580/5921 | 成功 1781 | 失敗 799
[2026-08-18 06:28:26]       資料庫共 2747 筆，其中 1924 筆有營業時間
[2026-08-18 06:28:26]       速度 7.1 筆/分鐘 | 預估剩餘 472 分鐘
[2026-08-18 06:28:28] [2581/5921] 郭元益糕餅博物館 (Attraction_379000000A_000225)
[2026-08-18 06:28:34]    (透過策略2成功)
[2026-08-18 06:28:34]    ✅ 成功抓到 7 筆時段
[2026-08-18 06:28:36] [2582/5921] 華中河濱公園 (Attraction_379000000A_000226)
[2026-08-18 06:28:44]    ✅ 成功抓到 7 筆時段
[2026-08-18 06:28:46] [2583/5921] 新生公園_玫瑰園 (Attraction_379000000A_000228)
[2026-08-18 06:28:52]    (透過策略2成功)
[2026-08-18 06:28:52]    ✅ 成功抓到 7 筆時段
[2026-08-18 06:28:54] [2584/5921] 松山文創園區 (Attraction_379000000A_000229)
[2026-08-18 06:28:58]    ✅ 成功抓到 7 筆時段
[2026-08-18 06:29:00] [2585/5921] 碧湖步道 (Attraction_379000000A_000230)
[2026-08-18 06:29:09]    ✅ 成功抓到 7 筆時段
[2026-08-18 06:29:11] [2586/5921] 白石湖吊橋 (Attraction_379000000A_000231)
[2026-08-18 06:29:14]    ✅ 成功抓到 7 筆時段
[2026-08-18 06:29:16] [2587/5921] 殷海光故居 (Attraction_379000000A_000232)
[2026-08-18 06:29:20]    ✅ 成功抓到 7 筆時段
[2026-08-18 06:29:22] [2588/5921] 內雙溪自然中心 (Attraction_379000000A_000233)
[2026-08-18 06:29:27]    ❌ 三種策略皆失敗
[2026-08-18 06:29:29] [2589/5921] 西園29服飾創作基地_臺北服飾文化館 (Attraction_379000000A_000235)
[2026-08-18 06:29:34]    ❌ 三種策略皆失敗
[2026-08-18 06:29:36] [2590/5921] 臺北松山機場觀景台 (Attraction_379000000A_000237)
[2026-08-18 06:29:39]    ✅ 成功抓到 7 筆時段
[2026-08-18 06:29:39]    💾 存檔！已處理 2590/5921 | 成功 1789 | 失敗 801
[2026-08-18 06:29:39]       資料庫共 2757 筆，其中 1932 筆有營業時間
[2026-08-18 06:29:39]       速度 7.1 筆/分鐘 | 預估剩餘 470 分鐘
[2026-08-18 06:29:41] [2591/5921] 蒲添生雕塑紀念館 (Attraction_379000000A_000240)
[2026-08-18 06:29:45]    ✅ 成功抓到 7 筆時段
[2026-08-18 06:29:47] [2592/5921] 馬廷英故居_青田七六 (Attraction_379000000A_000241)
[2026-08-18 06:29:51]    ✅ 成功抓到 7 筆時段
[2026-08-18 06:29:53] [2593/5921] 建成圓環 (Attraction_379000000A_000242)
[2026-08-18 06:29:56]    ✅ 成功抓到 7 筆時段
[2026-08-18 06:29:58] [2594/5921] 彩虹橋 (Attraction_379000000A_000243)
[2026-08-18 06:30:07]    ✅ 成功抓到 7 筆時段
[2026-08-18 06:30:09] [2595/5921] 優人神鼓山上劇場 (Attraction_379000000A_000244)
[2026-08-18 06:30:14]    ❌ 三種策略皆失敗
[2026-08-18 06:30:16] [2596/5921] 臺北市鐵觀音包種茶研發推廣中心 (Attraction_379000000A_000245)
[2026-08-18 06:30:19]    ✅ 成功抓到 7 筆時段
[2026-08-18 06:30:21] [2597/5921] 擎天崗 (Attraction_379000000A_000246)
[2026-08-18 06:30:26]    ❌ 三種策略皆失敗
[2026-08-18 06:30:28] [2598/5921] 自由巷及鄭南榕紀念館 (Attraction_379000000A_000248)
[2026-08-18 06:30:32]    ✅ 成功抓到 7 筆時段
[2026-08-18 06:30:34] [2599/5921] 大佳河濱公園 (Attraction_379000000A_000251)
[2026-08-18 06:30:43]    ✅ 成功抓到 7 筆時段
[2026-08-18 06:30:45] [2600/5921] 迎風河濱公園 (Attraction_379000000A_000252)
[2026-08-18 06:30:48]    ✅ 成功抓到 7 筆時段
[2026-08-18 06:30:48]    💾 存檔！已處理 2600/5921 | 成功 1797 | 失敗 803
[2026-08-18 06:30:48]       資料庫共 2767 筆，其中 1940 筆有營業時間
[2026-08-18 06:30:48]       速度 7.1 筆/分鐘 | 預估剩餘 468 分鐘
[2026-08-18 06:30:50] [2601/5921] 學學文化創意基金會 (Attraction_379000000A_000253)
[2026-08-18 06:30:54]    ✅ 成功抓到 7 筆時段
[2026-08-18 06:30:56] [2602/5921] 臺北藝術大學 (Attraction_379000000A_000254)
[2026-08-18 06:30:59]    ✅ 成功抓到 7 筆時段
[2026-08-18 06:31:01] [2603/5921] 寶藏巖國際藝術村 (Attraction_379000000A_000256)
[2026-08-18 06:31:05]    ✅ 成功抓到 7 筆時段
[2026-08-18 06:31:07] [2604/5921] 國立臺灣博物館_古生物館 (Attraction_379000000A_000257)
[2026-08-18 06:31:11]    ✅ 成功抓到 7 筆時段
[2026-08-18 06:31:13] [2605/5921] 撫臺街洋樓 (《人民導報》舊址)(暫停營業) (Attraction_379000000A_000258)
[2026-08-18 06:31:20]    ❌ 三種策略皆失敗
[2026-08-18 06:31:22] [2606/5921] 國立臺灣大學法律學院 (Attraction_379000000A_000259)
[2026-08-18 06:31:27]    ❌ 三種策略皆失敗
[2026-08-18 06:31:29] [2607/5921] 臺北植物園 (Attraction_379000000A_000260)
[2026-08-18 06:31:33]    ✅ 成功抓到 7 筆時段
[2026-08-18 06:31:35] [2608/5921] 富陽自然生態公園 (Attraction_379000000A_000261)
[2026-08-18 06:31:38]    ✅ 成功抓到 7 筆時段
[2026-08-18 06:31:40] [2609/5921] 圓山水神社 (Attraction_379000000A_000262)
[2026-08-18 06:31:44]    ✅ 成功抓到 7 筆時段
[2026-08-18 06:31:46] [2610/5921] 延平河濱公園 (Attraction_379000000A_000263)
[2026-08-18 06:31:50]    ✅ 成功抓到 7 筆時段
[2026-08-18 06:31:50]    💾 存檔！已處理 2610/5921 | 成功 1805 | 失敗 805
[2026-08-18 06:31:50]       資料庫共 2777 筆，其中 1948 筆有營業時間
[2026-08-18 06:31:50]       速度 7.1 筆/分鐘 | 預估剩餘 466 分鐘
[2026-08-18 06:31:52] [2611/5921] 國立臺灣大學 (Attraction_379000000A_000264)
[2026-08-18 06:31:56]    ✅ 成功抓到 7 筆時段
[2026-08-18 06:31:58] [2612/5921] 國史館 (Attraction_379000000A_000267)
[2026-08-18 06:32:06]    ✅ 成功抓到 7 筆時段
[2026-08-18 06:32:08] [2613/5921] 花博公園 (Attraction_379000000A_000268)
[2026-08-18 06:32:13]    ❌ 三種策略皆失敗
[2026-08-18 06:32:15] [2614/5921] 陽明山夜景 (Attraction_379000000A_000269)
[2026-08-18 06:32:20]    ❌ 三種策略皆失敗
[2026-08-18 06:32:22] [2615/5921] 基隆河河濱自行車道 (Attraction_379000000A_000270)
[2026-08-18 06:32:27]    ❌ 三種策略皆失敗
[2026-08-18 06:32:29] [2616/5921] 臺北小巨蛋 (Attraction_379000000A_000271)
[2026-08-18 06:32:38]    ✅ 成功抓到 7 筆時段
[2026-08-18 06:32:40] [2617/5921] 松山慈惠堂 (Attraction_379000000A_000272)
[2026-08-18 06:32:44]    ✅ 成功抓到 7 筆時段
[2026-08-18 06:32:46] [2618/5921] 華江雁鴨自然公園 (Attraction_379000000A_000273)
[2026-08-18 06:32:52]    (透過策略2成功)
[2026-08-18 06:32:52]    ✅ 成功抓到 7 筆時段
[2026-08-18 06:32:54] [2619/5921] 北投垃圾焚化廠_觀景台 (Attraction_379000000A_000274)
[2026-08-18 06:32:58]    ✅ 成功抓到 7 筆時段
[2026-08-18 06:33:00] [2620/5921] 南港公園 (Attraction_379000000A_000294)
[2026-08-18 06:33:03]    ✅ 成功抓到 7 筆時段
[2026-08-18 06:33:03]    💾 存檔！已處理 2620/5921 | 成功 1812 | 失敗 808
[2026-08-18 06:33:03]       資料庫共 2787 筆，其中 1955 筆有營業時間
[2026-08-18 06:33:03]       速度 7.1 筆/分鐘 | 預估剩餘 465 分鐘
[2026-08-18 06:33:05] [2621/5921] 興隆公園 (Attraction_379000000A_000317)
[2026-08-18 06:33:16]    (透過策略2成功)
[2026-08-18 06:33:16]    ✅ 成功抓到 7 筆時段
[2026-08-18 06:33:18] [2622/5921] 仙岩公園 (Attraction_379000000A_000318)
[2026-08-18 06:33:22]    ✅ 成功抓到 7 筆時段
[2026-08-18 06:33:24] [2623/5921] 青年公園 (Attraction_379000000A_000319)
[2026-08-18 06:33:28]    ✅ 成功抓到 7 筆時段
[2026-08-18 06:33:30] [2624/5921] 大稻埕戲苑 (Attraction_379000000A_000347)
[2026-08-18 06:33:40]    ❌ 三種策略皆失敗
[2026-08-18 06:33:42] [2625/5921] 臺北市交通資訊中心 (Attraction_379000000A_000348)
[2026-08-18 06:33:52]    ❌ 三種策略皆失敗
[2026-08-18 06:33:54] [2626/5921] 河流彎曲之處，域見繁花光穹 (Attraction_379000000A_000349)
[2026-08-18 06:33:59]    策略1失敗，嘗試下一個...
[2026-08-18 06:34:02]    ❌ 三種策略皆失敗
[2026-08-18 06:34:04] [2627/5921] 臺北市立兒童新樂園 (Attraction_379000000A_000351)
[2026-08-18 06:34:08]    ✅ 成功抓到 7 筆時段
[2026-08-18 06:34:10] [2628/5921] 迪化運動公園跨堤景觀平臺(暫時關閉) (Attraction_379000000A_000352)
[2026-08-18 06:34:17]    ❌ 三種策略皆失敗
[2026-08-18 06:34:19] [2629/5921] 士林神農宮 (Attraction_379000000A_000353)
[2026-08-18 06:34:23]    ✅ 成功抓到 7 筆時段
[2026-08-18 06:34:25] [2630/5921] 三腳渡擺渡口 (Attraction_379000000A_000354)
[2026-08-18 06:34:29]    ❌ 三種策略皆失敗
[2026-08-18 06:34:29]    💾 存檔！已處理 2630/5921 | 成功 1817 | 失敗 813
[2026-08-18 06:34:29]       資料庫共 2797 筆，其中 1960 筆有營業時間
[2026-08-18 06:34:29]       速度 7.1 筆/分鐘 | 預估剩餘 463 分鐘
[2026-08-18 06:34:31] [2631/5921] 平等里櫻花 (Attraction_379000000A_000355)
[2026-08-18 06:34:35]    ✅ 成功抓到 7 筆時段
[2026-08-18 06:34:37] [2632/5921] 西本願寺廣場 (Attraction_379000000A_000356)
[2026-08-18 06:34:41]    ✅ 成功抓到 7 筆時段
[2026-08-18 06:34:43] [2633/5921] 艋舺地藏庵 (Attraction_379000000A_000357)
[2026-08-18 06:34:46]    ✅ 成功抓到 7 筆時段
[2026-08-18 06:34:48] [2634/5921] 陳德星堂 (Attraction_379000000A_000358)
[2026-08-18 06:34:53]    ❌ 三種策略皆失敗
[2026-08-18 06:34:55] [2635/5921] 台灣基督長老教會大稻埕教會 (Attraction_379000000A_000359)
[2026-08-18 06:35:00]    ❌ 三種策略皆失敗
[2026-08-18 06:35:02] [2636/5921] 蔣渭水紀念公園 (Attraction_379000000A_000361)
[2026-08-18 06:35:06]    ✅ 成功抓到 7 筆時段
[2026-08-18 06:35:08] [2637/5921] 臺北監獄圍牆遺蹟 (Attraction_379000000A_000362)
[2026-08-18 06:35:12]    ✅ 成功抓到 7 筆時段
[2026-08-18 06:35:14] [2638/5921] 臺灣省城隍廟 (Attraction_379000000A_000366)
[2026-08-18 06:35:17]    ✅ 成功抓到 7 筆時段
[2026-08-18 06:35:19] [2639/5921] 國立臺灣藝術教育館 (Attraction_379000000A_000367)
[2026-08-18 06:35:28]    ✅ 成功抓到 7 筆時段
[2026-08-18 06:35:30] [2640/5921] 臺北市政府消防局防災科學教育館 (Attraction_379000000A_000368)
[2026-08-18 06:35:35]    ❌ 三種策略皆失敗
[2026-08-18 06:35:35]    💾 存檔！已處理 2640/5921 | 成功 1824 | 失敗 816
[2026-08-18 06:35:35]       資料庫共 2807 筆，其中 1967 筆有營業時間
[2026-08-18 06:35:35]       速度 7.1 筆/分鐘 | 預估剩餘 462 分鐘
[2026-08-18 06:35:37] [2641/5921] 碧山露營場 (Attraction_379000000A_000370)
[2026-08-18 06:35:42]    ❌ 三種策略皆失敗
[2026-08-18 06:35:44] [2642/5921] 文山公民會館 (Attraction_379000000A_000371)
[2026-08-18 06:35:47]    ✅ 成功抓到 7 筆時段
[2026-08-18 06:35:49] [2643/5921] 北投公民會館 (Attraction_379000000A_000374)
[2026-08-18 06:35:53]    ✅ 成功抓到 7 筆時段
[2026-08-18 06:35:55] [2644/5921] 復興三路櫻花隧道 (Attraction_379000000A_000375)
[2026-08-18 06:36:00]    ❌ 三種策略皆失敗
[2026-08-18 06:36:02] [2645/5921] 吉慶社區_聖誕巷 (Attraction_379000000A_000377)
[2026-08-18 06:36:12]    ❌ 三種策略皆失敗
[2026-08-18 06:36:14] [2646/5921] 富民生態公園 (Attraction_379000000A_000378)
[2026-08-18 06:36:17]    ✅ 成功抓到 7 筆時段
[2026-08-18 06:36:19] [2647/5921] 糶米古道 (Attraction_379000000A_000379)
[2026-08-18 06:36:28]    ✅ 成功抓到 7 筆時段
[2026-08-18 06:36:30] [2648/5921] 象山公園 (Attraction_379000000A_000380)
[2026-08-18 06:36:33]    ✅ 成功抓到 7 筆時段
[2026-08-18 06:36:35] [2649/5921] 松山奉天宮 (Attraction_379000000A_000381)
[2026-08-18 06:36:39]    ✅ 成功抓到 7 筆時段
[2026-08-18 06:36:41] [2650/5921] 山水綠生態公園 (Attraction_379000000A_000383)
[2026-08-18 06:36:45]    ✅ 成功抓到 7 筆時段
[2026-08-18 06:36:45]    💾 存檔！已處理 2650/5921 | 成功 1831 | 失敗 819
[2026-08-18 06:36:45]       資料庫共 2817 筆，其中 1974 筆有營業時間
[2026-08-18 06:36:45]       速度 7.1 筆/分鐘 | 預估剩餘 460 分鐘
[2026-08-18 06:36:47] [2651/5921] 文昌宮 (Attraction_379000000A_000385)
[2026-08-18 06:36:53]    (透過策略2成功)
[2026-08-18 06:36:53]    ✅ 成功抓到 7 筆時段
[2026-08-18 06:36:55] [2652/5921] 台灣基督長老教會_中山教會 (Attraction_379000000A_000387)
[2026-08-18 06:37:06]    (透過策略2成功)
[2026-08-18 06:37:06]    ✅ 成功抓到 7 筆時段
[2026-08-18 06:37:08] [2653/5921] 芝山公園 (Attraction_379000000A_000388)
[2026-08-18 06:37:19]    (透過策略2成功)
[2026-08-18 06:37:19]    ✅ 成功抓到 7 筆時段
[2026-08-18 06:37:21] [2654/5921] 南門町三二三 (Attraction_379000000A_000389)
[2026-08-18 06:37:25]    ✅ 成功抓到 7 筆時段
[2026-08-18 06:37:27] [2655/5921] 古亭河濱公園 (Attraction_379000000A_000390)
[2026-08-18 06:37:32]    ❌ 三種策略皆失敗
[2026-08-18 06:37:34] [2656/5921] 內湖復育園區 (Attraction_379000000A_000392)
[2026-08-18 06:37:37]    ✅ 成功抓到 7 筆時段
[2026-08-18 06:37:39] [2657/5921] 臨濟護國禪寺 (Attraction_379000000A_000393)
[2026-08-18 06:37:43]    ✅ 成功抓到 7 筆時段
[2026-08-18 06:37:45] [2658/5921] 三創生活 (Attraction_379000000A_000394)
[2026-08-18 06:37:49]    ✅ 成功抓到 7 筆時段
[2026-08-18 06:37:51] [2659/5921] 幾米月亮公車 (Attraction_379000000A_000396)
[2026-08-18 06:37:55]    ✅ 成功抓到 7 筆時段
[2026-08-18 06:37:57] [2660/5921] 和興炭坑 (Attraction_379000000A_000398)
[2026-08-18 06:38:00]    ✅ 成功抓到 7 筆時段
[2026-08-18 06:38:00]    💾 存檔！已處理 2660/5921 | 成功 1840 | 失敗 820
[2026-08-18 06:38:00]       資料庫共 2827 筆，其中 1983 筆有營業時間
[2026-08-18 06:38:00]       速度 7.1 筆/分鐘 | 預估剩餘 458 分鐘
[2026-08-18 06:38:02] [2661/5921] 通化公園 (Attraction_379000000A_000399)
[2026-08-18 06:38:12]    ❌ 三種策略皆失敗
[2026-08-18 06:38:14] [2662/5921] 錦町日式宿舍群 (Attraction_379000000A_000400)
[2026-08-18 06:38:25]    ❌ 三種策略皆失敗
[2026-08-18 06:38:27] [2663/5921] 榮星花園公園 (Attraction_379000000A_000401)
[2026-08-18 06:38:30]    ✅ 成功抓到 7 筆時段
[2026-08-18 06:38:32] [2664/5921] 幾米主題南港站 (Attraction_379000000A_000402)
[2026-08-18 06:38:41]    ✅ 成功抓到 7 筆時段
[2026-08-18 06:38:43] [2665/5921] 大直植福宮 (Attraction_379000000A_000403)
[2026-08-18 06:38:47]    ✅ 成功抓到 7 筆時段
[2026-08-18 06:38:49] [2666/5921] 法鼓山_農禪寺 (Attraction_379000000A_000404)
[2026-08-18 06:38:53]    ✅ 成功抓到 7 筆時段
[2026-08-18 06:38:55] [2667/5921] 140高地公園 (Attraction_379000000A_000406)
[2026-08-18 06:38:58]    ✅ 成功抓到 7 筆時段
[2026-08-18 06:39:00] [2668/5921] 福州山公園 (Attraction_379000000A_000407)
[2026-08-18 06:39:04]    ✅ 成功抓到 7 筆時段
[2026-08-18 06:39:06] [2669/5921] 遼寧公園 (Attraction_379000000A_000409)
[2026-08-18 06:39:10]    ✅ 成功抓到 7 筆時段
[2026-08-18 06:39:12] [2670/5921] 瓶蓋工廠台北製造所 (Attraction_379000000A_000410)
[2026-08-18 06:39:15]    ✅ 成功抓到 7 筆時段
[2026-08-18 06:39:15]    💾 存檔！已處理 2670/5921 | 成功 1848 | 失敗 822
[2026-08-18 06:39:15]       資料庫共 2837 筆，其中 1991 筆有營業時間
[2026-08-18 06:39:15]       速度 7.1 筆/分鐘 | 預估剩餘 457 分鐘
[2026-08-18 06:39:17] [2671/5921] 敦安公園 (Attraction_379000000A_000411)
[2026-08-18 06:39:21]    ✅ 成功抓到 7 筆時段
[2026-08-18 06:39:23] [2672/5921] 美麗華百樂園 (Attraction_379000000A_000413)
[2026-08-18 06:39:27]    ✅ 成功抓到 7 筆時段
[2026-08-18 06:39:29] [2673/5921] 陽明公園 (Attraction_379000000A_000414)
[2026-08-18 06:39:34]    ❌ 三種策略皆失敗
[2026-08-18 06:39:36] [2674/5921] 三重世貿公園 (Attraction_379000000A_000416)
[2026-08-18 06:39:39]    ✅ 成功抓到 7 筆時段
[2026-08-18 06:39:41] [2675/5921] 捷運北門站_台北鐵道局 (Attraction_379000000A_000417)
[2026-08-18 06:39:46]    ❌ 三種策略皆失敗
[2026-08-18 06:39:48] [2676/5921] 大稻埕慈聖宮 (Attraction_379000000A_000418)
[2026-08-18 06:39:57]    ✅ 成功抓到 7 筆時段
[2026-08-18 06:39:59] [2677/5921] 李臨秋故居 (Attraction_379000000A_000419)
[2026-08-18 06:40:03]    ✅ 成功抓到 7 筆時段
[2026-08-18 06:40:05] [2678/5921] 臺北迪化街郵局 (Attraction_379000000A_000420)
[2026-08-18 06:40:08]    ✅ 成功抓到 7 筆時段
[2026-08-18 06:40:10] [2679/5921] 貓空纜車 (Attraction_379000000A_000422)
[2026-08-18 06:40:16]    策略1失敗，嘗試下一個...
[2026-08-18 06:40:24]    (透過策略2成功)
[2026-08-18 06:40:24]    ✅ 成功抓到 7 筆時段
[2026-08-18 06:40:26] [2680/5921] 竹子湖海芋季 (Attraction_379000000A_000424)
[2026-08-18 06:40:31]    ❌ 三種策略皆失敗
[2026-08-18 06:40:31]    💾 存檔！已處理 2680/5921 | 成功 1855 | 失敗 825
[2026-08-18 06:40:31]       資料庫共 2847 筆，其中 1998 筆有營業時間
[2026-08-18 06:40:31]       速度 7.1 筆/分鐘 | 預估剩餘 455 分鐘
[2026-08-18 06:40:33] [2681/5921] 關渡水岸公園 (Attraction_379000000A_001531)
[2026-08-18 06:40:42]    ✅ 成功抓到 7 筆時段
[2026-08-18 06:40:44] [2682/5921] 孫運璿科技．人文紀念館 (Attraction_379000000A_001533)
[2026-08-18 06:40:48]    ✅ 成功抓到 7 筆時段
[2026-08-18 06:40:50] [2683/5921] 西昌街-青草巷 (Attraction_379000000A_001534)
[2026-08-18 06:40:53]    ✅ 成功抓到 7 筆時段
[2026-08-18 06:40:55] [2684/5921] 華西街觀光夜市 (Attraction_379000000A_001535)
[2026-08-18 06:40:59]    ✅ 成功抓到 7 筆時段
[2026-08-18 06:41:01] [2685/5921] 士林觀光夜市 (Attraction_379000000A_001536)
[2026-08-18 06:41:06]    ❌ 三種策略皆失敗
[2026-08-18 06:41:08] [2686/5921] 饒河街觀光夜市 (Attraction_379000000A_001538)
[2026-08-18 06:41:19]    (透過策略2成功)
[2026-08-18 06:41:19]    ✅ 成功抓到 7 筆時段
[2026-08-18 06:41:21] [2687/5921] 慈音山莊休閒農場 (Attraction_379000000A_001539)
[2026-08-18 06:41:33]    ✅ 成功抓到 7 筆時段
[2026-08-18 06:41:35] [2688/5921] 五分埔-成衣街 (Attraction_379000000A_001540)
[2026-08-18 06:41:39]    ✅ 成功抓到 7 筆時段
[2026-08-18 06:41:41] [2689/5921] 迪化街年貨大街 (Attraction_379000000A_001541)
[2026-08-18 06:41:45]    ✅ 成功抓到 7 筆時段
[2026-08-18 06:41:47] [2690/5921] 博愛路_漢口街_相機街 (Attraction_379000000A_001544)
[2026-08-18 06:41:51]    ✅ 成功抓到 7 筆時段
[2026-08-18 06:41:51]    💾 存檔！已處理 2690/5921 | 成功 1864 | 失敗 826
[2026-08-18 06:41:51]       資料庫共 2857 筆，其中 2007 筆有營業時間
[2026-08-18 06:41:51]       速度 7.1 筆/分鐘 | 預估剩餘 454 分鐘
[2026-08-18 06:41:53] [2691/5921] 文昌街_家具街 (Attraction_379000000A_001545)
[2026-08-18 06:41:58]    ❌ 三種策略皆失敗
[2026-08-18 06:42:00] [2692/5921] 重慶南路_書店街 (Attraction_379000000A_001546)
[2026-08-18 06:42:05]    ❌ 三種策略皆失敗
[2026-08-18 06:42:07] [2693/5921] 和平西路三段_鳥店街 (Attraction_379000000A_001547)
[2026-08-18 06:42:12]    ❌ 三種策略皆失敗
[2026-08-18 06:42:14] [2694/5921] 沅陵商店街_鞋子街 (Attraction_379000000A_001548)
[2026-08-18 06:42:17]    ✅ 成功抓到 7 筆時段
[2026-08-18 06:42:19] [2695/5921] 西園路_佛具街 (Attraction_379000000A_001550)
[2026-08-18 06:42:24]    ❌ 三種策略皆失敗
[2026-08-18 06:42:26] [2696/5921] 愛國東路_婚紗街 (Attraction_379000000A_001551)
[2026-08-18 06:42:30]    ✅ 成功抓到 7 筆時段
[2026-08-18 06:42:32] [2697/5921] 中山北路婚紗街 (Attraction_379000000A_001554)
[2026-08-18 06:42:37]    ❌ 三種策略皆失敗
[2026-08-18 06:42:39] [2698/5921] 甘州街_茶葉街 (Attraction_379000000A_001556)
[2026-08-18 06:42:44]    ❌ 三種策略皆失敗
[2026-08-18 06:42:46] [2699/5921] 捷運中山地下書街_誠品R79 (Attraction_379000000A_001557)
[2026-08-18 06:42:50]    ✅ 成功抓到 7 筆時段
[2026-08-18 06:42:52] [2700/5921] 命理街 (Attraction_379000000A_001558)
[2026-08-18 06:43:02]    ❌ 三種策略皆失敗
[2026-08-18 06:43:02]    💾 存檔！已處理 2700/5921 | 成功 1867 | 失敗 833
[2026-08-18 06:43:02]       資料庫共 2867 筆，其中 2010 筆有營業時間
[2026-08-18 06:43:02]       速度 7.1 筆/分鐘 | 預估剩餘 452 分鐘
[2026-08-18 06:43:04] [2701/5921] 寧夏觀光夜市 (Attraction_379000000A_001560)
[2026-08-18 06:43:07]    ✅ 成功抓到 7 筆時段
[2026-08-18 06:43:09] [2702/5921] 景美夜市 (Attraction_379000000A_001561)
[2026-08-18 06:43:13]    ✅ 成功抓到 7 筆時段
[2026-08-18 06:43:15] [2703/5921] 臨江街觀光夜市 (Attraction_379000000A_001562)
[2026-08-18 06:43:19]    ✅ 成功抓到 7 筆時段
[2026-08-18 06:43:21] [2704/5921] 雙城街夜市 (Attraction_379000000A_001563)
[2026-08-18 06:43:25]    ✅ 成功抓到 7 筆時段
[2026-08-18 06:43:27] [2705/5921] 南機場夜市 (Attraction_379000000A_001564)
[2026-08-18 06:43:31]    ✅ 成功抓到 7 筆時段
[2026-08-18 06:43:33] [2706/5921] 廣州街觀光夜市 (Attraction_379000000A_001565)
[2026-08-18 06:43:36]    ✅ 成功抓到 7 筆時段
[2026-08-18 06:43:38] [2707/5921] 梧州街觀光夜市 (Attraction_379000000A_001566)
[2026-08-18 06:43:42]    ✅ 成功抓到 7 筆時段
[2026-08-18 06:43:44] [2708/5921] 遼寧街夜市 (Attraction_379000000A_001567)
[2026-08-18 06:43:48]    ✅ 成功抓到 7 筆時段
[2026-08-18 06:43:50] [2709/5921] 大龍街夜市 (Attraction_379000000A_001568)
[2026-08-18 06:43:58]    ✅ 成功抓到 7 筆時段
[2026-08-18 06:44:00] [2710/5921] 西昌街觀光夜市 (Attraction_379000000A_001569)
[2026-08-18 06:44:04]    ✅ 成功抓到 7 筆時段
[2026-08-18 06:44:04]    💾 存檔！已處理 2710/5921 | 成功 1877 | 失敗 833
[2026-08-18 06:44:04]       資料庫共 2877 筆，其中 2020 筆有營業時間
[2026-08-18 06:44:04]       速度 7.1 筆/分鐘 | 預估剩餘 450 分鐘
[2026-08-18 06:44:06] [2711/5921] 延三觀光夜市 (Attraction_379000000A_001570)
[2026-08-18 06:44:15]    ✅ 成功抓到 7 筆時段
[2026-08-18 06:44:17] [2712/5921] 台北花市 (Attraction_379000000A_001571)
[2026-08-18 06:44:21]    ✅ 成功抓到 7 筆時段
[2026-08-18 06:44:23] [2713/5921] 西門町 (Attraction_379000000A_001572)
[2026-08-18 06:44:34]    (透過策略2成功)
[2026-08-18 06:44:34]    ✅ 成功抓到 7 筆時段
[2026-08-18 06:44:36] [2714/5921] 信義商圈 (Attraction_379000000A_001573)
[2026-08-18 06:44:41]    ❌ 三種策略皆失敗
[2026-08-18 06:44:43] [2715/5921] 台北市建國假日玉市 (Attraction_379000000A_001574)
[2026-08-18 06:44:47]    ✅ 成功抓到 7 筆時段
[2026-08-18 06:44:49] [2716/5921] 光華玉市 (Attraction_379000000A_001575)
[2026-08-18 06:44:52]    ✅ 成功抓到 7 筆時段
[2026-08-18 06:44:54] [2717/5921] 建國假日花市 (Attraction_379000000A_001577)
[2026-08-18 06:44:58]    ✅ 成功抓到 7 筆時段
[2026-08-18 06:45:00] [2718/5921] 四平陽光商圈 (Attraction_379000000A_001579)
[2026-08-18 06:45:04]    ✅ 成功抓到 7 筆時段
[2026-08-18 06:45:06] [2719/5921] 龍山寺地下街 (Attraction_379000000A_001580)
[2026-08-18 06:45:09]    ✅ 成功抓到 7 筆時段
[2026-08-18 06:45:11] [2720/5921] 富錦街 (Attraction_379000000A_001581)
[2026-08-18 06:45:16]    ❌ 三種策略皆失敗
[2026-08-18 06:45:16]    💾 存檔！已處理 2720/5921 | 成功 1885 | 失敗 835
[2026-08-18 06:45:16]       資料庫共 2887 筆，其中 2028 筆有營業時間
[2026-08-18 06:45:16]       速度 7.1 筆/分鐘 | 預估剩餘 448 分鐘
[2026-08-18 06:45:18] [2721/5921] 東區地下街 (Attraction_379000000A_001582)
[2026-08-18 06:45:22]    ✅ 成功抓到 7 筆時段
[2026-08-18 06:45:24] [2722/5921] 後站商圈 (Attraction_379000000A_001583)
[2026-08-18 06:45:34]    ❌ 三種策略皆失敗
[2026-08-18 06:45:36] [2723/5921] 艋舺服飾商圈 (Attraction_379000000A_001584)
[2026-08-18 06:45:40]    ✅ 成功抓到 7 筆時段
[2026-08-18 06:45:42] [2724/5921] 永樂布業商場_永樂市場 (Attraction_379000000A_001585)
[2026-08-18 06:45:45]    ✅ 成功抓到 7 筆時段
[2026-08-18 06:45:47] [2725/5921] 慈聖宮前小吃區 (Attraction_379000000A_001586)
[2026-08-18 06:45:52]    ❌ 三種策略皆失敗
[2026-08-18 06:45:54] [2726/5921] 永康街區 (Attraction_379000000A_001587)
[2026-08-18 06:45:59]    ❌ 三種策略皆失敗
[2026-08-18 06:46:01] [2727/5921] 捷運中山站街區_心中山線形公園 (Attraction_379000000A_001588)
[2026-08-18 06:46:05]    ✅ 成功抓到 7 筆時段
[2026-08-18 06:46:07] [2728/5921] 中山北路條通商圈 (Attraction_379000000A_001589)
[2026-08-18 06:46:17]    ❌ 三種策略皆失敗
[2026-08-18 06:46:19] [2729/5921] 臺北魚市 (Attraction_379000000A_001590)
[2026-08-18 06:46:22]    ✅ 成功抓到 7 筆時段
[2026-08-18 06:46:24] [2730/5921] 台北地下街 (Attraction_379000000A_001591)
[2026-08-18 06:46:31]    ✅ 成功抓到 7 筆時段
[2026-08-18 06:46:31]    💾 存檔！已處理 2730/5921 | 成功 1891 | 失敗 839
[2026-08-18 06:46:31]       資料庫共 2897 筆，其中 2034 筆有營業時間
[2026-08-18 06:46:31]       速度 7.1 筆/分鐘 | 預估剩餘 447 分鐘
[2026-08-18 06:46:33] [2731/5921] 華山1914文化創意產業園區 (Attraction_379000000A_001592)
[2026-08-18 06:46:45]    (透過策略2成功)
[2026-08-18 06:46:45]    ✅ 成功抓到 7 筆時段
[2026-08-18 06:46:47] [2732/5921] 濱江果菜市場 (Attraction_379000000A_001593)
[2026-08-18 06:46:50]    ✅ 成功抓到 7 筆時段
[2026-08-18 06:46:52] [2733/5921] 士東市場 (Attraction_379000000A_001594)
[2026-08-18 06:46:56]    ✅ 成功抓到 7 筆時段
[2026-08-18 06:46:58] [2734/5921] 晴光市場 (Attraction_379000000A_001596)
[2026-08-18 06:47:03]    ❌ 三種策略皆失敗
[2026-08-18 06:47:05] [2735/5921] 福林公園 (Attraction_379000000A_001685)
[2026-08-18 06:47:09]    ✅ 成功抓到 7 筆時段
[2026-08-18 06:47:11] [2736/5921] 臺鐵臺北車站 (Attraction_379000000A_001726)
[2026-08-18 06:47:20]    ✅ 成功抓到 7 筆時段
[2026-08-18 06:47:22] [2737/5921] 雙溪公園 (Attraction_379000000A_001729)
[2026-08-18 06:47:27]    ❌ 三種策略皆失敗
[2026-08-18 06:47:29] [2738/5921] 夢幻湖 (Attraction_379000000A_001730)
[2026-08-18 06:47:34]    ❌ 三種策略皆失敗
[2026-08-18 06:47:36] [2739/5921] 陽明山美軍俱樂部 Brick Yard 33 1/3 (Attraction_379000000A_001731)
[2026-08-18 06:47:40]    ✅ 成功抓到 7 筆時段
[2026-08-18 06:47:42] [2740/5921] 花卉試驗中心 (Attraction_379000000A_001732)
[2026-08-18 06:47:45]    ✅ 成功抓到 7 筆時段
[2026-08-18 06:47:45]    💾 存檔！已處理 2740/5921 | 成功 1898 | 失敗 842
[2026-08-18 06:47:45]       資料庫共 2907 筆，其中 2041 筆有營業時間
[2026-08-18 06:47:45]       速度 7.1 筆/分鐘 | 預估剩餘 445 分鐘
[2026-08-18 06:47:47] [2741/5921] 逸仙公園 (Attraction_379000000A_001733)
[2026-08-18 06:47:51]    ✅ 成功抓到 7 筆時段
[2026-08-18 06:47:53] [2742/5921] 彩虹河濱公園 (Attraction_379000000A_001734)
[2026-08-18 06:47:57]    ✅ 成功抓到 7 筆時段
[2026-08-18 06:47:59] [2743/5921] 平菁街42巷櫻花 (Attraction_379000000A_001735)
[2026-08-18 06:48:03]    ✅ 成功抓到 7 筆時段
[2026-08-18 06:48:05] [2744/5921] 國立臺灣博物館_南門館 (Attraction_379000000A_001736)
[2026-08-18 06:48:08]    ✅ 成功抓到 7 筆時段
[2026-08-18 06:48:10] [2745/5921] 新北投善光寺 (Attraction_379000000A_001737)
[2026-08-18 06:48:14]    ✅ 成功抓到 7 筆時段
[2026-08-18 06:48:16] [2746/5921] 菁礐古圳 (Attraction_379000000A_001738)
[2026-08-18 06:48:27]    (透過策略2成功)
[2026-08-18 06:48:27]    ✅ 成功抓到 7 筆時段
[2026-08-18 06:48:29] [2747/5921] 新北投車站 (Attraction_379000000A_001740)
[2026-08-18 06:48:34]    ❌ 三種策略皆失敗
[2026-08-18 06:48:36] [2748/5921] MAJI集食行樂_圓山花博爭豔館 (Attraction_379000000A_001794)
[2026-08-18 06:48:40]    ✅ 成功抓到 7 筆時段
[2026-08-18 06:48:42] [2749/5921] 阿嬤家-和平與女性人權館 (Attraction_379000000A_001795)
[2026-08-18 06:48:45]    ✅ 成功抓到 7 筆時段
[2026-08-18 06:48:47] [2750/5921] 新富町文化市場 (Attraction_379000000A_001798)
[2026-08-18 06:48:51]    ✅ 成功抓到 7 筆時段
[2026-08-18 06:48:51]    💾 存檔！已處理 2750/5921 | 成功 1907 | 失敗 843
[2026-08-18 06:48:51]       資料庫共 2917 筆，其中 2050 筆有營業時間
[2026-08-18 06:48:51]       速度 7.1 筆/分鐘 | 預估剩餘 444 分鐘
[2026-08-18 06:48:53] [2751/5921] 臺北典藏植物園_天使館 (Attraction_379000000A_001799)
[2026-08-18 06:48:58]    ❌ 三種策略皆失敗
[2026-08-18 06:49:00] [2752/5921] 松山火車站 (Attraction_379000000A_001800)
[2026-08-18 06:49:05]    ❌ 三種策略皆失敗
[2026-08-18 06:49:07] [2753/5921] 竹子湖 (Attraction_379000000A_001801)
[2026-08-18 06:49:11]    ✅ 成功抓到 7 筆時段
[2026-08-18 06:49:13] [2754/5921] 天人境界 (Attraction_379000000A_001802)
[2026-08-18 06:49:18]    ❌ 三種策略皆失敗
[2026-08-18 06:49:20] [2755/5921] 王大閎建築劇場 (Attraction_379000000A_001804)
[2026-08-18 06:49:24]    ❌ 三種策略皆失敗
[2026-08-18 06:49:26] [2756/5921] 洲美蜆仔港公園 (Attraction_379000000A_001808)
[2026-08-18 06:49:30]    ✅ 成功抓到 7 筆時段
[2026-08-18 06:49:32] [2757/5921] 松山文創園區_松菸風格店家 (Attraction_379000000A_001809)
[2026-08-18 06:49:36]    ✅ 成功抓到 7 筆時段
[2026-08-18 06:49:38] [2758/5921] 龍山文創基地 (Attraction_379000000A_001810)
[2026-08-18 06:49:41]    ✅ 成功抓到 7 筆時段
[2026-08-18 06:49:43] [2759/5921] 陽明山40砲陣地紀念公園 (Attraction_379000000A_001812)
[2026-08-18 06:49:52]    ✅ 成功抓到 7 筆時段
[2026-08-18 06:49:54] [2760/5921] 社子島迎星碼頭 (Attraction_379000000A_001851)
[2026-08-18 06:49:59]    ❌ 三種策略皆失敗
[2026-08-18 06:49:59]    💾 存檔！已處理 2760/5921 | 成功 1912 | 失敗 848
[2026-08-18 06:49:59]       資料庫共 2927 筆，其中 2055 筆有營業時間
[2026-08-18 06:49:59]       速度 7.2 筆/分鐘 | 預估剩餘 442 分鐘
[2026-08-18 06:50:01] [2761/5921] 福利社 FreeS Art Space (Attraction_379000000A_001855)
[2026-08-18 06:50:05]    ✅ 成功抓到 7 筆時段
[2026-08-18 06:50:07] [2762/5921] 台新銀行文化藝術基金會 (Attraction_379000000A_001856)
[2026-08-18 06:50:12]    ❌ 三種策略皆失敗
[2026-08-18 06:50:14] [2763/5921] 臺北戲棚 TaipeiEYE (Attraction_379000000A_001857)
[2026-08-18 06:50:19]    ❌ 三種策略皆失敗
[2026-08-18 06:50:21] [2764/5921] 十方樂集音樂劇場 (Attraction_379000000A_001858)
[2026-08-18 06:50:26]    ❌ 三種策略皆失敗
[2026-08-18 06:50:28] [2765/5921] 中油藝廊 (Attraction_379000000A_001859)
[2026-08-18 06:50:31]    ✅ 成功抓到 7 筆時段
[2026-08-18 06:50:33] [2766/5921] 卓悅藝文中心 (Attraction_379000000A_001861)
[2026-08-18 06:50:38]    ❌ 三種策略皆失敗
[2026-08-18 06:50:40] [2767/5921] The Wall Live House 這牆音樂藝文展演空間 (Attraction_379000000A_001862)
[2026-08-18 06:50:44]    ✅ 成功抓到 7 筆時段
[2026-08-18 06:50:46] [2768/5921] 秋刀魚藝術中心 (Attraction_379000000A_001863)
[2026-08-18 06:50:50]    ✅ 成功抓到 7 筆時段
[2026-08-18 06:50:52] [2769/5921] 誠品畫廊 (Attraction_379000000A_001864)
[2026-08-18 06:50:55]    ✅ 成功抓到 7 筆時段
[2026-08-18 06:50:57] [2770/5921] 朝代畫廊 Dynasty Gallery (Attraction_379000000A_001869)
[2026-08-18 06:51:01]    ✅ 成功抓到 7 筆時段
[2026-08-18 06:51:01]    💾 存檔！已處理 2770/5921 | 成功 1918 | 失敗 852
[2026-08-18 06:51:01]       資料庫共 2937 筆，其中 2061 筆有營業時間
[2026-08-18 06:51:01]       速度 7.2 筆/分鐘 | 預估剩餘 440 分鐘
[2026-08-18 06:51:03] [2771/5921] 赤粒藝術 (Attraction_379000000A_001870)
[2026-08-18 06:51:06]    ✅ 成功抓到 7 筆時段
[2026-08-18 06:51:08] [2772/5921] 非畫廊Beyond Gallery (Attraction_379000000A_001875)
[2026-08-18 06:51:12]    ✅ 成功抓到 7 筆時段
[2026-08-18 06:51:14] [2773/5921] 臺灣新文化運動紀念館 (Attraction_379000000A_001979)
[2026-08-18 06:51:18]    ✅ 成功抓到 7 筆時段
[2026-08-18 06:51:20] [2774/5921] 二二八國家紀念館 (Attraction_379000000A_001980)
[2026-08-18 06:51:26]    (透過策略2成功)
[2026-08-18 06:51:26]    ✅ 成功抓到 7 筆時段
[2026-08-18 06:51:28] [2775/5921] 東區商圈 (Attraction_379000000A_001981)
[2026-08-18 06:51:37]    ✅ 成功抓到 7 筆時段
[2026-08-18 06:51:39] [2776/5921] 大院子 (Attraction_379000000A_001983)
[2026-08-18 06:51:44]    ❌ 三種策略皆失敗
[2026-08-18 06:51:46] [2777/5921] 原住民文化主題公園 (Attraction_379000000A_001984)
[2026-08-18 06:51:49]    ✅ 成功抓到 7 筆時段
[2026-08-18 06:51:51] [2778/5921] 樂活公園 (Attraction_379000000A_002165)
[2026-08-18 06:51:55]    ✅ 成功抓到 7 筆時段
[2026-08-18 06:51:57] [2779/5921] 6號彩虹 / Rainbow Six (Attraction_379000000A_002166)
[2026-08-18 06:52:01]    ✅ 成功抓到 7 筆時段
[2026-08-18 06:52:03] [2780/5921] 硫磺谷_大磺嘴 (Attraction_379000000A_002167)
[2026-08-18 06:52:07]    ✅ 成功抓到 7 筆時段
[2026-08-18 06:52:07]    💾 存檔！已處理 2780/5921 | 成功 1927 | 失敗 853
[2026-08-18 06:52:07]       資料庫共 2947 筆，其中 2070 筆有營業時間
[2026-08-18 06:52:07]       速度 7.2 筆/分鐘 | 預估剩餘 438 分鐘
[2026-08-18 06:52:09] [2781/5921] 貓空樟樹步道 (Attraction_379000000A_002168)
[2026-08-18 06:52:13]    ✅ 成功抓到 7 筆時段
[2026-08-18 06:52:15] [2782/5921] 臺北市議會 (Attraction_379000000A_002169)
[2026-08-18 06:52:20]    ❌ 三種策略皆失敗
[2026-08-18 06:52:22] [2783/5921] 新新公園 (Attraction_379000000A_002170)
[2026-08-18 06:52:26]    ✅ 成功抓到 7 筆時段
[2026-08-18 06:52:28] [2784/5921] 臺灣戲曲中心 (Attraction_379000000A_002172)
[2026-08-18 06:52:33]    ❌ 三種策略皆失敗
[2026-08-18 06:52:35] [2785/5921] 東三水街市場_新富市場 (Attraction_379000000A_002173)
[2026-08-18 06:52:40]    ❌ 三種策略皆失敗
[2026-08-18 06:52:42] [2786/5921] 美堤河濱公園 (Attraction_379000000A_002175)
[2026-08-18 06:52:46]    ✅ 成功抓到 7 筆時段
[2026-08-18 06:52:48] [2787/5921] 林森_康樂公園 (Attraction_379000000A_002176)
[2026-08-18 06:52:52]    ❌ 三種策略皆失敗
[2026-08-18 06:52:54] [2788/5921] 郭子儀紀念堂_內湖紅樓 (Attraction_379000000A_002177)
[2026-08-18 06:52:59]    ❌ 三種策略皆失敗
[2026-08-18 06:53:01] [2789/5921] 前山公園 (Attraction_379000000A_002178)
[2026-08-18 06:53:06]    ❌ 三種策略皆失敗
[2026-08-18 06:53:08] [2790/5921] 公館水岸廣場 (Attraction_379000000A_002179)
[2026-08-18 06:53:12]    ✅ 成功抓到 7 筆時段
[2026-08-18 06:53:12]    💾 存檔！已處理 2790/5921 | 成功 1931 | 失敗 859
[2026-08-18 06:53:12]       資料庫共 2957 筆，其中 2074 筆有營業時間
[2026-08-18 06:53:12]       速度 7.2 筆/分鐘 | 預估剩餘 437 分鐘
[2026-08-18 06:53:14] [2791/5921] 台北奧萬大 (Attraction_379000000A_002180)
[2026-08-18 06:53:18]    ✅ 成功抓到 7 筆時段
[2026-08-18 06:53:20] [2792/5921] 公館商圈 (Attraction_379000000A_002181)
[2026-08-18 06:53:26]    ❌ 三種策略皆失敗
[2026-08-18 06:53:28] [2793/5921] 圓山自然景觀公園 (Attraction_379000000A_002194)
[2026-08-18 06:53:31]    ✅ 成功抓到 7 筆時段
[2026-08-18 06:53:33] [2794/5921] 北投社三層崎公園 (Attraction_379000000A_002197)
[2026-08-18 06:53:37]    ✅ 成功抓到 7 筆時段
[2026-08-18 06:53:39] [2795/5921] 臺北流行音樂中心 (Attraction_379000000A_002201)
[2026-08-18 06:53:48]    ✅ 成功抓到 7 筆時段
[2026-08-18 06:53:50] [2796/5921] 臺北表演藝術中心 (Attraction_379000000A_002206)
[2026-08-18 06:53:54]    ✅ 成功抓到 7 筆時段
[2026-08-18 06:53:56] [2797/5921] 葫蘆國小跨堤人行陸橋 (Attraction_379000000A_002213)
[2026-08-18 06:53:59]    ✅ 成功抓到 7 筆時段
[2026-08-18 06:54:01] [2798/5921] 天母夢想樂園 (Attraction_379000000A_002214)
[2026-08-18 06:54:06]    ❌ 三種策略皆失敗
[2026-08-18 06:54:08] [2799/5921] i-Ride TAIPEI飛行劇院 (Attraction_379000000A_002215)
[2026-08-18 06:54:12]    ✅ 成功抓到 7 筆時段
[2026-08-18 06:54:14] [2800/5921] 臺灣文學基地 (Attraction_379000000A_002216)
[2026-08-18 06:54:18]    ✅ 成功抓到 7 筆時段
[2026-08-18 06:54:18]    💾 存檔！已處理 2800/5921 | 成功 1939 | 失敗 861
[2026-08-18 06:54:18]       資料庫共 2967 筆，其中 2082 筆有營業時間
[2026-08-18 06:54:18]       速度 7.2 筆/分鐘 | 預估剩餘 435 分鐘
[2026-08-18 06:54:20] [2801/5921] 中央藝文公園_華山大草原遊戲場 (Attraction_379000000A_002217)
[2026-08-18 06:54:24]    ✅ 成功抓到 7 筆時段
[2026-08-18 06:54:26] [2802/5921] 香堤大道廣場 (Attraction_379000000A_002236)
[2026-08-18 06:54:30]    ✅ 成功抓到 7 筆時段
[2026-08-18 06:54:32] [2803/5921] 舞蝶共融遊戲場 (Attraction_379000000A_002250)
[2026-08-18 06:54:35]    ✅ 成功抓到 7 筆時段
[2026-08-18 06:54:37] [2804/5921] 歪腰郵筒 (Attraction_379000000A_002256)
[2026-08-18 06:54:41]    ✅ 成功抓到 7 筆時段
[2026-08-18 06:54:43] [2805/5921] 花博公園_花之隧道 (Attraction_379000000A_002257)
[2026-08-18 06:54:48]    ❌ 三種策略皆失敗
[2026-08-18 06:54:50] [2806/5921] 成美右岸河濱公園 (Attraction_379000000A_002259)
[2026-08-18 06:54:56]    (透過策略2成功)
[2026-08-18 06:54:56]    ✅ 成功抓到 7 筆時段
[2026-08-18 06:54:58] [2807/5921] 台北花卉村 (Attraction_379000000A_002260)
[2026-08-18 06:55:02]    ✅ 成功抓到 7 筆時段
[2026-08-18 06:55:04] [2808/5921] 新芳春茶行 (Attraction_379000000A_002261)
[2026-08-18 06:55:08]    ✅ 成功抓到 7 筆時段
[2026-08-18 06:55:10] [2809/5921] 永春陂生態濕地公園 (Attraction_379000000A_002262)
[2026-08-18 06:55:14]    ✅ 成功抓到 7 筆時段
[2026-08-18 06:55:16] [2810/5921] 赤峰街 (Attraction_379000000A_002263)
[2026-08-18 06:55:21]    ❌ 三種策略皆失敗
[2026-08-18 06:55:21]    💾 存檔！已處理 2810/5921 | 成功 1947 | 失敗 863
[2026-08-18 06:55:21]       資料庫共 2977 筆，其中 2090 筆有營業時間
[2026-08-18 06:55:21]       速度 7.2 筆/分鐘 | 預估剩餘 433 分鐘
[2026-08-18 06:55:23] [2811/5921] 東和禪寺 (Attraction_379000000A_002264)
[2026-08-18 06:55:26]    ✅ 成功抓到 7 筆時段
[2026-08-18 06:55:28] [2812/5921] 白石湖休閒農業區 (Attraction_379000000A_002265)
[2026-08-18 06:55:33]    ❌ 三種策略皆失敗
[2026-08-18 06:55:35] [2813/5921] 白石湖同心池 (Attraction_379000000A_002266)
[2026-08-18 06:55:39]    ✅ 成功抓到 7 筆時段
[2026-08-18 06:55:41] [2814/5921] 龍船岩步道 (Attraction_379000000A_002267)
[2026-08-18 06:55:52]    (透過策略2成功)
[2026-08-18 06:55:52]    ✅ 成功抓到 7 筆時段
[2026-08-18 06:55:54] [2815/5921] 大溝溪生態治水園區 (Attraction_379000000A_002269)
[2026-08-18 06:55:57]    ✅ 成功抓到 7 筆時段
[2026-08-18 06:55:59] [2816/5921] 內湖737商圈 (Attraction_379000000A_002270)
[2026-08-18 06:56:08]    ✅ 成功抓到 7 筆時段
[2026-08-18 06:56:10] [2817/5921] 圓覺瀑布 (Attraction_379000000A_002272)
[2026-08-18 06:56:19]    ✅ 成功抓到 7 筆時段
[2026-08-18 06:56:21] [2818/5921] 臺北市政府 (Attraction_379000000A_002273)
[2026-08-18 06:56:30]    ✅ 成功抓到 7 筆時段
[2026-08-18 06:56:32] [2819/5921] 台灣設計館 (Attraction_379000000A_002274)
[2026-08-18 06:56:35]    ✅ 成功抓到 7 筆時段
[2026-08-18 06:56:37] [2820/5921] 臺灣電力株式會社社長宿舍 (Attraction_379000000A_002336)
[2026-08-18 06:56:43]    ❌ 三種策略皆失敗
[2026-08-18 06:56:43]    💾 存檔！已處理 2820/5921 | 成功 1955 | 失敗 865
[2026-08-18 06:56:43]       資料庫共 2987 筆，其中 2098 筆有營業時間
[2026-08-18 06:56:43]       速度 7.2 筆/分鐘 | 預估剩餘 432 分鐘
[2026-08-18 06:56:45] [2821/5921] 忠泰美術館 (Attraction_379000000A_002340)
[2026-08-18 06:56:48]    ✅ 成功抓到 7 筆時段
[2026-08-18 06:56:50] [2822/5921] 楊英風美術館 (Attraction_379000000A_002342)
[2026-08-18 06:56:54]    ✅ 成功抓到 7 筆時段
[2026-08-18 06:56:56] [2823/5921] 華岡博物館 (Attraction_379000000A_002344)
[2026-08-18 06:57:00]    ✅ 成功抓到 7 筆時段
[2026-08-18 06:57:02] [2824/5921] 臺灣股票博物館 (Attraction_379000000A_002346)
[2026-08-18 06:57:06]    ✅ 成功抓到 7 筆時段
[2026-08-18 06:57:08] [2825/5921] 彩虹起跑線 (Attraction_379000000A_002365)
[2026-08-18 06:57:19]    (透過策略2成功)
[2026-08-18 06:57:19]    ✅ 成功抓到 7 筆時段
[2026-08-18 06:57:21] [2826/5921] 天母運動場區_棒球場 (Attraction_379000000A_002373)
[2026-08-18 06:57:26]    ❌ 三種策略皆失敗
[2026-08-18 06:57:28] [2827/5921] 湖山六號公園 (Attraction_379000000A_002374)
[2026-08-18 06:57:31]    ✅ 成功抓到 7 筆時段
[2026-08-18 06:57:33] [2828/5921] 松錦公園 (Attraction_379000000A_002375)
[2026-08-18 06:57:38]    ❌ 三種策略皆失敗
[2026-08-18 06:57:40] [2829/5921] 國立臺灣博物館_鐵道部園區 (Attraction_379000000A_002576)
[2026-08-18 06:57:44]    ✅ 成功抓到 7 筆時段
[2026-08-18 06:57:46] [2830/5921] 静心苑_松山療養所所長宿舍 (Attraction_379000000A_002636)
[2026-08-18 06:57:50]    ✅ 成功抓到 7 筆時段
[2026-08-18 06:57:50]    💾 存檔！已處理 2830/5921 | 成功 1963 | 失敗 867
[2026-08-18 06:57:50]       資料庫共 2997 筆，其中 2106 筆有營業時間
[2026-08-18 06:57:50]       速度 7.2 筆/分鐘 | 預估剩餘 430 分鐘
[2026-08-18 06:57:52] [2831/5921] 麗山農民廣場_麗山公園 (Attraction_379000000A_002637)
[2026-08-18 06:57:56]    ✅ 成功抓到 7 筆時段
[2026-08-18 06:57:58] [2832/5921] 大稻埕公園 (Attraction_379000000A_002638)
[2026-08-18 06:58:01]    ✅ 成功抓到 7 筆時段
[2026-08-18 06:58:03] [2833/5921] 五分吊橋遺址 (Attraction_379000000A_002639)
[2026-08-18 06:58:07]    ✅ 成功抓到 7 筆時段
[2026-08-18 06:58:09] [2834/5921] 內湖葫蘆洲吊橋橋墩 (Attraction_379000000A_002640)
[2026-08-18 06:58:14]    ❌ 三種策略皆失敗
[2026-08-18 06:58:16] [2835/5921] 順益台灣原住民博物館_美術分館 (Attraction_379000000A_002641)
[2026-08-18 06:58:21]    ❌ 三種策略皆失敗
[2026-08-18 06:58:23] [2836/5921] ｢花現台北杜鵑花季｣ 溫羅汀咖啡街區巷弄 (Attraction_379000000A_002642)
[2026-08-18 06:58:28]    ❌ 三種策略皆失敗
[2026-08-18 06:58:30] [2837/5921] 大橋教會(枋隙教會原址) (Attraction_379000000A_002643)
[2026-08-18 06:58:34]    ✅ 成功抓到 7 筆時段
[2026-08-18 06:58:36] [2838/5921] 經國七海文化園區 (Attraction_379000000A_002647)
[2026-08-18 06:58:42]    (透過策略2成功)
[2026-08-18 06:58:42]    ✅ 成功抓到 7 筆時段
[2026-08-18 06:58:44] [2839/5921] 捷運綠廊 (Attraction_379000000A_002649)
[2026-08-18 06:58:47]    ✅ 成功抓到 7 筆時段
[2026-08-18 06:58:49] [2840/5921] 城中市場 (Attraction_379000000A_002650)
[2026-08-18 06:58:53]    ✅ 成功抓到 7 筆時段
[2026-08-18 06:58:53]    💾 存檔！已處理 2840/5921 | 成功 1970 | 失敗 870
[2026-08-18 06:58:53]       資料庫共 3007 筆，其中 2113 筆有營業時間
[2026-08-18 06:58:53]       速度 7.2 筆/分鐘 | 預估剩餘 428 分鐘
[2026-08-18 06:58:55] [2841/5921] 師大龍泉商圈 (Attraction_379000000A_002651)
[2026-08-18 06:59:00]    ❌ 三種策略皆失敗
[2026-08-18 06:59:02] [2842/5921] 吳興街商圈 (Attraction_379000000A_002652)
[2026-08-18 06:59:06]    ✅ 成功抓到 7 筆時段
[2026-08-18 06:59:08] [2843/5921] 文化大學 (Attraction_379000000A_002653)
[2026-08-18 06:59:18]    ❌ 三種策略皆失敗
[2026-08-18 06:59:20] [2844/5921] CITYLINK南港店 (Attraction_379000000A_002654)
[2026-08-18 06:59:29]    ✅ 成功抓到 7 筆時段
[2026-08-18 06:59:31] [2845/5921] 東湖哈拉影城 (Attraction_379000000A_002655)
[2026-08-18 06:59:36]    ❌ 三種策略皆失敗
[2026-08-18 06:59:38] [2846/5921] 大屯瀑布 (Attraction_379000000A_002656)
[2026-08-18 06:59:42]    ✅ 成功抓到 7 筆時段
[2026-08-18 06:59:44] [2847/5921] 水車寮步道 (Attraction_379000000A_002657)
[2026-08-18 06:59:49]    ❌ 三種策略皆失敗
[2026-08-18 06:59:51] [2848/5921] 中華科技大學 (Attraction_379000000A_002658)
[2026-08-18 06:59:59]    ✅ 成功抓到 7 筆時段
[2026-08-18 07:00:01] [2849/5921] 綠光平台 (Attraction_379000000A_002659)
[2026-08-18 07:00:05]    ✅ 成功抓到 7 筆時段
[2026-08-18 07:00:07] [2850/5921] 12生肖步道 (Attraction_379000000A_002660)
[2026-08-18 07:00:11]    ✅ 成功抓到 7 筆時段
[2026-08-18 07:00:11]    💾 存檔！已處理 2850/5921 | 成功 1976 | 失敗 874
[2026-08-18 07:00:11]       資料庫共 3017 筆，其中 2119 筆有營業時間
[2026-08-18 07:00:11]       速度 7.2 筆/分鐘 | 預估剩餘 427 分鐘
[2026-08-18 07:00:13] [2851/5921] 戀人平台 (Attraction_379000000A_002661)
[2026-08-18 07:00:18]    ❌ 三種策略皆失敗
[2026-08-18 07:00:20] [2852/5921] 大成殿步道 (Attraction_379000000A_002662)
[2026-08-18 07:00:24]    ✅ 成功抓到 7 筆時段
[2026-08-18 07:00:26] [2853/5921] 天狗庵史蹟公園 (Attraction_379000000A_002663)
[2026-08-18 07:00:29]    ✅ 成功抓到 7 筆時段
[2026-08-18 07:00:31] [2854/5921] 艋舺水仙宮舊址 (Attraction_379000000A_002664)
[2026-08-18 07:00:35]    ✅ 成功抓到 7 筆時段
[2026-08-18 07:00:37] [2855/5921] 艋舺老街(台北第一街) (Attraction_379000000A_002665)
[2026-08-18 07:00:41]    ✅ 成功抓到 7 筆時段
[2026-08-18 07:00:43] [2856/5921] 佛光山台北道場 (Attraction_379000000A_002666)
[2026-08-18 07:00:46]    ✅ 成功抓到 7 筆時段
[2026-08-18 07:00:48] [2857/5921] 中正河濱公園 (Attraction_379000000A_002667)
[2026-08-18 07:00:57]    ✅ 成功抓到 7 筆時段
[2026-08-18 07:00:59] [2858/5921] 福安河濱公園 (Attraction_379000000A_002668)
[2026-08-18 07:01:04]    ❌ 三種策略皆失敗
[2026-08-18 07:01:06] [2859/5921] 《台灣新生報》舊址 (Attraction_379000000A_003667)
[2026-08-18 07:01:12]    (透過策略2成功)
[2026-08-18 07:01:12]    ✅ 成功抓到 7 筆時段
[2026-08-18 07:01:14] [2860/5921] 台北大橋 (Attraction_379000000A_003668)
[2026-08-18 07:01:24]    ❌ 三種策略皆失敗
[2026-08-18 07:01:24]    💾 存檔！已處理 2860/5921 | 成功 1983 | 失敗 877
[2026-08-18 07:01:24]       資料庫共 3027 筆，其中 2126 筆有營業時間
[2026-08-18 07:01:24]       速度 7.2 筆/分鐘 | 預估剩餘 425 分鐘
[2026-08-18 07:01:26] [2861/5921] 保密局北所(舊址) (Attraction_379000000A_003669)
[2026-08-18 07:01:44]    ❌ 三種策略皆失敗
[2026-08-18 07:01:46] [2862/5921] 憲兵第四團(舊址) (Attraction_379000000A_003670)
[2026-08-18 07:01:53]    ❌ 三種策略皆失敗
[2026-08-18 07:01:55] [2863/5921] 大頭鼓亭 (Attraction_379000000A_003671)
[2026-08-18 07:02:05]    ❌ 三種策略皆失敗
[2026-08-18 07:02:07] [2864/5921] 台灣省政治建設協會辦公處(舊址) (Attraction_379000000A_003672)
[2026-08-18 07:02:16]    ✅ 成功抓到 7 筆時段
[2026-08-18 07:02:18] [2865/5921] 國際書局(舊址) (Attraction_379000000A_003673)
[2026-08-18 07:02:26]    ❌ 三種策略皆失敗
[2026-08-18 07:02:28] [2866/5921] 天馬茶房 (Attraction_379000000A_003674)
[2026-08-18 07:02:34]    (透過策略2成功)
[2026-08-18 07:02:34]    ✅ 成功抓到 7 筆時段
[2026-08-18 07:02:36] [2867/5921] N24 台北方舟 (Attraction_379000000A_003675)
[2026-08-18 07:02:40]    ✅ 成功抓到 7 筆時段
[2026-08-18 07:02:42] [2868/5921] 臺北記憶倉庫(三井倉庫) (Attraction_379000000A_003676)
[2026-08-18 07:02:45]    ✅ 成功抓到 7 筆時段
[2026-08-18 07:02:47] [2869/5921] 渭水驛站 (Attraction_379000000A_003677)
[2026-08-18 07:02:51]    ✅ 成功抓到 7 筆時段
[2026-08-18 07:02:53] [2870/5921] 白色恐怖政治受難者紀念碑 (Attraction_379000000A_003678)
[2026-08-18 07:02:57]    ✅ 成功抓到 7 筆時段
[2026-08-18 07:02:57]    💾 存檔！已處理 2870/5921 | 成功 1989 | 失敗 881
[2026-08-18 07:02:57]       資料庫共 3037 筆，其中 2132 筆有營業時間
[2026-08-18 07:02:57]       速度 7.2 筆/分鐘 | 預估剩餘 424 分鐘
[2026-08-18 07:02:59] [2871/5921] 蟾蜍山煥民新村 (Attraction_379000000A_003679)
[2026-08-18 07:03:03]    ✅ 成功抓到 7 筆時段
[2026-08-18 07:03:05] [2872/5921] 太平國小 (Attraction_379000000A_003681)
[2026-08-18 07:03:15]    ❌ 三種策略皆失敗
[2026-08-18 07:03:17] [2873/5921] 永安藝文館 (Attraction_379000000A_003682)
[2026-08-18 07:03:22]    ❌ 三種策略皆失敗
[2026-08-18 07:03:24] [2874/5921] 水源劇場 (Attraction_379000000A_003683)
[2026-08-18 07:03:29]    ❌ 三種策略皆失敗
[2026-08-18 07:03:31] [2875/5921] 閻錫山故居 (Attraction_379000000A_003685)
[2026-08-18 07:03:35]    ✅ 成功抓到 7 筆時段
[2026-08-18 07:03:37] [2876/5921] 李國鼎故居 (Attraction_379000000A_003686)
[2026-08-18 07:03:42]    ❌ 三種策略皆失敗
[2026-08-18 07:03:44] [2877/5921] 臺北市電影主題公園 (Attraction_379000000A_003687)
[2026-08-18 07:03:47]    ✅ 成功抓到 7 筆時段
[2026-08-18 07:03:49] [2878/5921] 地下水宮殿_觀音山蓄水池 (Attraction_379000000A_003796)
[2026-08-18 07:03:53]    ✅ 成功抓到 7 筆時段
[2026-08-18 07:03:55] [2879/5921] 量水室 (Attraction_379000000A_003800)
[2026-08-18 07:03:59]    ✅ 成功抓到 7 筆時段
[2026-08-18 07:04:01] [2880/5921] 北投中心新村 (Attraction_379000000A_003805)
[2026-08-18 07:04:04]    ✅ 成功抓到 7 筆時段
[2026-08-18 07:04:04]    💾 存檔！已處理 2880/5921 | 成功 1995 | 失敗 885
[2026-08-18 07:04:04]       資料庫共 3047 筆，其中 2138 筆有營業時間
[2026-08-18 07:04:04]       速度 7.2 筆/分鐘 | 預估剩餘 422 分鐘
[2026-08-18 07:04:06] [2881/5921] 竹柏參道 (Attraction_379000000A_003811)
[2026-08-18 07:04:10]    ✅ 成功抓到 7 筆時段
[2026-08-18 07:04:12] [2882/5921] 臺北大巨蛋 (Attraction_379000000A_003812)
[2026-08-18 07:04:16]    ✅ 成功抓到 7 筆時段
[2026-08-18 07:04:18] [2883/5921] 艋舺夜市(俗稱萬華夜市) (Attraction_379000000A_003813)
[2026-08-18 07:04:26]    ❌ 三種策略皆失敗
[2026-08-18 07:04:28] [2884/5921] 永和樂華夜市 (Attraction_382000000A_107161)
[2026-08-18 07:04:32]    ✅ 成功抓到 7 筆時段
[2026-08-18 07:04:34] [2885/5921] 新莊廟街夜市 (Attraction_382000000A_107166)
[2026-08-18 07:04:37]    ✅ 成功抓到 7 筆時段
[2026-08-18 07:04:39] [2886/5921] 蘆洲廟口夜市(形象商圈) (Attraction_382000000A_107424)
[2026-08-18 07:04:43]    ✅ 成功抓到 7 筆時段
[2026-08-18 07:04:45] [2887/5921] 新北市立十三行博物館 (Attraction_382000000A_109607)
[2026-08-18 07:04:49]    ✅ 成功抓到 7 筆時段
[2026-08-18 07:04:51] [2888/5921] 十分瀑布公園 (Attraction_382000000A_109612)
[2026-08-18 07:04:56]    ❌ 三種策略皆失敗
[2026-08-18 07:04:58] [2889/5921] 碧潭風景區 (Attraction_382000000A_109613)
[2026-08-18 07:05:02]    ✅ 成功抓到 7 筆時段
[2026-08-18 07:05:04] [2890/5921] 新北市立鶯歌陶瓷博物館 (Attraction_382000000A_109616)
[2026-08-18 07:05:08]    ✅ 成功抓到 7 筆時段
[2026-08-18 07:05:08]    💾 存檔！已處理 2890/5921 | 成功 2003 | 失敗 887
[2026-08-18 07:05:08]       資料庫共 3057 筆，其中 2146 筆有營業時間
[2026-08-18 07:05:08]       速度 7.2 筆/分鐘 | 預估剩餘 420 分鐘
[2026-08-18 07:05:10] [2891/5921] 三峽歷史文物館 (Attraction_382000000A_109617)
[2026-08-18 07:05:13]    ✅ 成功抓到 7 筆時段
[2026-08-18 07:05:15] [2892/5921] 內洞國家森林遊樂區 (Attraction_382000000A_109618)
[2026-08-18 07:05:19]    ✅ 成功抓到 7 筆時段
[2026-08-18 07:05:21] [2893/5921] 新北市立黃金博物館 (Attraction_382000000A_109620)
[2026-08-18 07:05:25]    ✅ 成功抓到 7 筆時段
[2026-08-18 07:05:27] [2894/5921] 新北市坪林茶業博物館 (Attraction_382000000A_109621)
[2026-08-18 07:05:31]    ✅ 成功抓到 7 筆時段
[2026-08-18 07:05:33] [2895/5921] 三峽清水祖師廟 (Attraction_382000000A_109622)
[2026-08-18 07:05:37]    ✅ 成功抓到 7 筆時段
[2026-08-18 07:05:39] [2896/5921] 石門洞 (Attraction_382000000A_109624)
[2026-08-18 07:05:49]    ❌ 三種策略皆失敗
[2026-08-18 07:05:51] [2897/5921] 烘爐地南山福德宮 (Attraction_382000000A_109625)
[2026-08-18 07:05:55]    ✅ 成功抓到 7 筆時段
[2026-08-18 07:05:57] [2898/5921] 石碇老街 (Attraction_382000000A_109630)
[2026-08-18 07:06:01]    ✅ 成功抓到 7 筆時段
[2026-08-18 07:06:03] [2899/5921] 淺水灣海濱公園 (Attraction_382000000A_109631)
[2026-08-18 07:06:07]    ✅ 成功抓到 7 筆時段
[2026-08-18 07:06:09] [2900/5921] 板橋火車站旅遊服務中心 (Attraction_382000000A_109635)
[2026-08-18 07:06:14]    ❌ 三種策略皆失敗
[2026-08-18 07:06:14]    💾 存檔！已處理 2900/5921 | 成功 2011 | 失敗 889
[2026-08-18 07:06:14]       資料庫共 3067 筆，其中 2154 筆有營業時間
[2026-08-18 07:06:14]       速度 7.2 筆/分鐘 | 預估剩餘 419 分鐘
[2026-08-18 07:06:16] [2901/5921] 瑞芳火車站旅遊服務中心 (Attraction_382000000A_109636)
[2026-08-18 07:06:20]    ✅ 成功抓到 7 筆時段
[2026-08-18 07:06:22] [2902/5921] 北海岸及觀音山國家風景區 (Attraction_382000000A_109639)
[2026-08-18 07:06:26]    ❌ 三種策略皆失敗
[2026-08-18 07:06:28] [2903/5921] 富貴角 (Attraction_382000000A_109642)
[2026-08-18 07:06:39]    ❌ 三種策略皆失敗
[2026-08-18 07:06:41] [2904/5921] 東北角及宜蘭海岸國家風景區 (Attraction_382000000A_109644)
[2026-08-18 07:06:47]    (透過策略2成功)
[2026-08-18 07:06:47]    ✅ 成功抓到 7 筆時段
[2026-08-18 07:06:49] [2905/5921] 鹽寮海濱公園(藍灣海濱休憩園區) (Attraction_382000000A_109647)
[2026-08-18 07:06:52]    ✅ 成功抓到 7 筆時段
[2026-08-18 07:06:54] [2906/5921] 滿月圓國家森林遊樂區 (Attraction_382000000A_109649)
[2026-08-18 07:06:59]    ❌ 三種策略皆失敗
[2026-08-18 07:07:01] [2907/5921] 雲仙樂園 (Attraction_382000000A_109652)
[2026-08-18 07:07:11]    ❌ 三種策略皆失敗
[2026-08-18 07:07:13] [2908/5921] 紅樹林自然保留區 (Attraction_382000000A_109656)
[2026-08-18 07:07:18]    ❌ 三種策略皆失敗
[2026-08-18 07:07:20] [2909/5921] 淡水老街 (Attraction_382000000A_109658)
[2026-08-18 07:07:25]    ❌ 三種策略皆失敗
[2026-08-18 07:07:27] [2910/5921] 淡水漁人碼頭(淡二漁港) (Attraction_382000000A_109659)
[2026-08-18 07:07:39]    ❌ 三種策略皆失敗
[2026-08-18 07:07:39]    💾 存檔！已處理 2910/5921 | 成功 2014 | 失敗 896
[2026-08-18 07:07:39]       資料庫共 3077 筆，其中 2157 筆有營業時間
[2026-08-18 07:07:39]       速度 7.2 筆/分鐘 | 預估剩餘 417 分鐘
[2026-08-18 07:07:41] [2911/5921] 三峽老街 (Attraction_382000000A_109664)
[2026-08-18 07:07:48]    (透過策略2成功)
[2026-08-18 07:07:48]    ✅ 成功抓到 7 筆時段
[2026-08-18 07:07:50] [2912/5921] 烏來溫泉 (Attraction_382000000A_109666)
[2026-08-18 07:07:55]    ❌ 三種策略皆失敗
[2026-08-18 07:07:57] [2913/5921] 朱銘美術館 (Attraction_382000000A_109667)
[2026-08-18 07:08:01]    ✅ 成功抓到 7 筆時段
[2026-08-18 07:08:03] [2914/5921] 烏來泰雅民族博物館 (Attraction_382000000A_109669)
[2026-08-18 07:08:11]    ✅ 成功抓到 7 筆時段
[2026-08-18 07:08:13] [2915/5921] 世界宗教博物館 (Attraction_382000000A_109670)
[2026-08-18 07:09:17]    ✅ 成功抓到 7 筆時段
[2026-08-18 07:09:19] [2916/5921] 十八王公廟 (Attraction_382000000A_109671)
[2026-08-18 07:09:24]    ❌ 三種策略皆失敗
[2026-08-18 07:09:26] [2917/5921] 紅毛城園區(新北市立淡水古蹟博物館) (Attraction_382000000A_109672)
[2026-08-18 07:09:35]    (透過策略3成功)
[2026-08-18 07:09:35]    ✅ 成功抓到 7 筆時段
[2026-08-18 07:09:37] [2918/5921] 林本源園邸 (Attraction_382000000A_109673)
[2026-08-18 07:09:40]    ✅ 成功抓到 7 筆時段
[2026-08-18 07:09:42] [2919/5921] 法鼓山 (Attraction_382000000A_109674)
[2026-08-18 07:09:47]    ❌ 三種策略皆失敗
[2026-08-18 07:09:49] [2920/5921] 理學堂大書院 (Attraction_382000000A_109675)
[2026-08-18 07:09:53]    ✅ 成功抓到 7 筆時段
[2026-08-18 07:09:53]    💾 存檔！已處理 2920/5921 | 成功 2021 | 失敗 899
[2026-08-18 07:09:53]       資料庫共 3087 筆，其中 2164 筆有營業時間
[2026-08-18 07:09:53]       速度 7.2 筆/分鐘 | 預估剩餘 417 分鐘
[2026-08-18 07:09:55] [2921/5921] 鄞山寺 (Attraction_382000000A_109677)
[2026-08-18 07:09:59]    ✅ 成功抓到 7 筆時段
[2026-08-18 07:10:01] [2922/5921] 八里水上運動中心 (Attraction_382000000A_109678)
[2026-08-18 07:10:04]    ✅ 成功抓到 7 筆時段
[2026-08-18 07:10:06] [2923/5921] 福隆海水浴場 (Attraction_382000000A_109679)
[2026-08-18 07:10:11]    ❌ 三種策略皆失敗
[2026-08-18 07:10:13] [2924/5921] 白沙灣海水浴場 (Attraction_382000000A_109680)
[2026-08-18 07:10:24]    ❌ 三種策略皆失敗
[2026-08-18 07:10:26] [2925/5921] 文昌祠 (Attraction_382000000A_109683)
[2026-08-18 07:11:36]    (透過策略2成功)
[2026-08-18 07:11:36]    ✅ 成功抓到 7 筆時段
[2026-08-18 07:11:38] [2926/5921] 新莊廣福宮 (Attraction_382000000A_109684)
[2026-08-18 07:11:42]    ✅ 成功抓到 7 筆時段
[2026-08-18 07:11:44] [2927/5921] 新莊慈祐宮 (Attraction_382000000A_109685)
[2026-08-18 07:11:48]    ✅ 成功抓到 7 筆時段
[2026-08-18 07:11:50] [2928/5921] 武聖廟 (Attraction_382000000A_109686)
[2026-08-18 07:11:56]    (透過策略2成功)
[2026-08-18 07:11:56]    ✅ 成功抓到 7 筆時段
[2026-08-18 07:11:58] [2929/5921] 新莊廟街商圈 (Attraction_382000000A_109693)
[2026-08-18 07:12:03]    ❌ 三種策略皆失敗
[2026-08-18 07:12:05] [2930/5921] 响仁和鐘鼓廠 (Attraction_382000000A_109698)
[2026-08-18 07:12:10]    ❌ 三種策略皆失敗
[2026-08-18 07:12:10]    💾 存檔！已處理 2930/5921 | 成功 2027 | 失敗 903
[2026-08-18 07:12:10]       資料庫共 3097 筆，其中 2170 筆有營業時間
[2026-08-18 07:12:10]       速度 7.2 筆/分鐘 | 預估剩餘 416 分鐘
[2026-08-18 07:12:12] [2931/5921] 板橋湳雅觀光夜市 (Attraction_382000000A_109711)
[2026-08-18 07:12:17]    ❌ 三種策略皆失敗
[2026-08-18 07:12:19] [2932/5921] 接雲寺 (Attraction_382000000A_109712)
[2026-08-18 07:12:27]    ✅ 成功抓到 7 筆時段
[2026-08-18 07:12:29] [2933/5921] 板橋農村公園 (Attraction_382000000A_109714)
[2026-08-18 07:12:33]    ✅ 成功抓到 7 筆時段
[2026-08-18 07:12:35] [2934/5921] 新北市藝文中心 (Attraction_382000000A_109718)
[2026-08-18 07:12:46]    (透過策略2成功)
[2026-08-18 07:12:46]    ✅ 成功抓到 7 筆時段
[2026-08-18 07:12:48] [2935/5921] 板橋後站商圈(府中商圈) (Attraction_382000000A_109723)
[2026-08-18 07:12:57]    ✅ 成功抓到 7 筆時段
[2026-08-18 07:12:59] [2936/5921] 板橋435藝文特區 (Attraction_382000000A_109727)
[2026-08-18 07:13:03]    ✅ 成功抓到 7 筆時段
[2026-08-18 07:13:05] [2937/5921] 野柳漁港 (Attraction_382000000A_109728)
[2026-08-18 07:13:15]    ❌ 三種策略皆失敗
[2026-08-18 07:13:17] [2938/5921] 板橋慈惠宮 (Attraction_382000000A_109732)
[2026-08-18 07:13:21]    ✅ 成功抓到 7 筆時段
[2026-08-18 07:13:23] [2939/5921] 野柳地質公園 (Attraction_382000000A_109735)
[2026-08-18 07:13:32]    ✅ 成功抓到 7 筆時段
[2026-08-18 07:13:34] [2940/5921] 萬里漁村生活館 (Attraction_382000000A_109736)
[2026-08-18 07:13:38]    ✅ 成功抓到 7 筆時段
[2026-08-18 07:13:38]    💾 存檔！已處理 2940/5921 | 成功 2035 | 失敗 905
[2026-08-18 07:13:38]       資料庫共 3107 筆，其中 2178 筆有營業時間
[2026-08-18 07:13:38]       速度 7.2 筆/分鐘 | 預估剩餘 415 分鐘
[2026-08-18 07:13:40] [2941/5921] 湳仔溝自行車道 (Attraction_382000000A_109745)
[2026-08-18 07:13:45]    ❌ 三種策略皆失敗
[2026-08-18 07:13:47] [2942/5921] 野柳燈塔 (Attraction_382000000A_109751)
[2026-08-18 07:13:50]    ✅ 成功抓到 7 筆時段
[2026-08-18 07:13:52] [2943/5921] 浮洲藝術河濱公園 (Attraction_382000000A_109757)
[2026-08-18 07:13:56]    ✅ 成功抓到 7 筆時段
[2026-08-18 07:13:58] [2944/5921] 江子翠河口景觀河濱公園 (Attraction_382000000A_109764)
[2026-08-18 07:14:02]    ✅ 成功抓到 7 筆時段
[2026-08-18 07:14:04] [2945/5921] 金山老街(金包里老街) (Attraction_382000000A_109769)
[2026-08-18 07:14:08]    ✅ 成功抓到 7 筆時段
[2026-08-18 07:14:10] [2946/5921] 金山慈護宮 (Attraction_382000000A_109770)
[2026-08-18 07:14:14]    ✅ 成功抓到 7 筆時段
[2026-08-18 07:14:16] [2947/5921] 芑豐居(李芑豐古宅) (Attraction_382000000A_109772)
[2026-08-18 07:14:25]    ✅ 成功抓到 7 筆時段
[2026-08-18 07:14:27] [2948/5921] 筠園-鄧麗君墓園 (Attraction_382000000A_109774)
[2026-08-18 07:15:29]    ✅ 成功抓到 7 筆時段
[2026-08-18 07:15:31] [2949/5921] 新北市軍人忠靈祠(武器公園) (Attraction_382000000A_109781)
[2026-08-18 07:15:39]    (透過策略3成功)
[2026-08-18 07:15:39]    ✅ 成功抓到 7 筆時段
[2026-08-18 07:15:41] [2950/5921] 金山舊機場遺址 (Attraction_382000000A_109788)
[2026-08-18 07:15:45]    ✅ 成功抓到 7 筆時段
[2026-08-18 07:15:45]    💾 存檔！已處理 2950/5921 | 成功 2044 | 失敗 906
[2026-08-18 07:15:45]       資料庫共 3117 筆，其中 2187 筆有營業時間
[2026-08-18 07:15:45]       速度 7.2 筆/分鐘 | 預估剩餘 414 分鐘
[2026-08-18 07:15:47] [2951/5921] 獅頭山公園(獅頭山步道) (Attraction_382000000A_109792)
[2026-08-18 07:17:01]    (透過策略2成功)
[2026-08-18 07:17:01]    ✅ 成功抓到 7 筆時段
[2026-08-18 07:17:03] [2952/5921] 金包里大路(魚路古道) (Attraction_382000000A_109793)
[2026-08-18 07:17:07]    ✅ 成功抓到 7 筆時段
[2026-08-18 07:17:09] [2953/5921] 蓋淡坑遺址 (Attraction_382000000A_109805)
[2026-08-18 07:17:13]    ✅ 成功抓到 7 筆時段
[2026-08-18 07:17:15] [2954/5921] 南寮福德宮 (Attraction_382000000A_109821)
[2026-08-18 07:17:19]    ✅ 成功抓到 7 筆時段
[2026-08-18 07:17:21] [2955/5921] 茄苳瀑布 (Attraction_382000000A_109822)
[2026-08-18 07:17:25]    ❌ 三種策略皆失敗
[2026-08-18 07:17:27] [2956/5921] 青龍嶺 (Attraction_382000000A_109828)
[2026-08-18 07:17:43]    ❌ 三種策略皆失敗
[2026-08-18 07:17:45] [2957/5921] 鹿角溪人工濕地 (Attraction_382000000A_109829)
[2026-08-18 07:17:49]    ✅ 成功抓到 7 筆時段
[2026-08-18 07:17:51] [2958/5921] 鹿角溪公園 (Attraction_382000000A_109830)
[2026-08-18 07:17:55]    ✅ 成功抓到 7 筆時段
[2026-08-18 07:17:57] [2959/5921] 樹林車站 (Attraction_382000000A_109832)
[2026-08-18 07:19:08]    ❌ 三種策略皆失敗
[2026-08-18 07:19:10] [2960/5921] 山仔腳公園 (Attraction_382000000A_109833)
[2026-08-18 07:19:14]    ✅ 成功抓到 7 筆時段
[2026-08-18 07:19:14]    💾 存檔！已處理 2960/5921 | 成功 2051 | 失敗 909
[2026-08-18 07:19:14]       資料庫共 3127 筆，其中 2194 筆有營業時間
[2026-08-18 07:19:14]       速度 7.1 筆/分鐘 | 預估剩餘 415 分鐘
[2026-08-18 07:19:16] [2961/5921] 碧龍宮 (Attraction_382000000A_109835)
[2026-08-18 07:20:23]    ✅ 成功抓到 7 筆時段
[2026-08-18 07:20:25] [2962/5921] 宏德宮 (Attraction_382000000A_109836)
[2026-08-18 07:20:29]    ✅ 成功抓到 7 筆時段
[2026-08-18 07:20:31] [2963/5921] 二坑隧道 (Attraction_382000000A_109846)
[2026-08-18 07:20:35]    ✅ 成功抓到 7 筆時段
[2026-08-18 07:20:37] [2964/5921] 下泰山巖 (Attraction_382000000A_109853)
[2026-08-18 07:20:43]    (透過策略2成功)
[2026-08-18 07:20:43]    ✅ 成功抓到 7 筆時段
[2026-08-18 07:20:45] [2965/5921] 拱北殿 (Attraction_382000000A_109859)
[2026-08-18 07:20:49]    ✅ 成功抓到 7 筆時段
[2026-08-18 07:20:51] [2966/5921] 頂泰山巖 (Attraction_382000000A_109869)
[2026-08-18 07:20:55]    ✅ 成功抓到 7 筆時段
[2026-08-18 07:20:57] [2967/5921] 明志書院 (Attraction_382000000A_109870)
[2026-08-18 07:22:04]    ✅ 成功抓到 7 筆時段
[2026-08-18 07:22:06] [2968/5921] 大尖山風景區 (Attraction_382000000A_109882)
[2026-08-18 07:22:09]    ✅ 成功抓到 7 筆時段
[2026-08-18 07:22:11] [2969/5921] 烏來紅河谷 (Attraction_382000000A_109893)
[2026-08-18 07:23:25]    ❌ 三種策略皆失敗
[2026-08-18 07:23:27] [2970/5921] 竹林山觀音寺 (Attraction_382000000A_109896)
[2026-08-18 07:23:31]    ✅ 成功抓到 7 筆時段
[2026-08-18 07:23:31]    💾 存檔！已處理 2970/5921 | 成功 2060 | 失敗 910
[2026-08-18 07:23:31]       資料庫共 3137 筆，其中 2203 筆有營業時間
[2026-08-18 07:23:31]       速度 7.1 筆/分鐘 | 預估剩餘 417 分鐘
[2026-08-18 07:23:33] [2971/5921] 深坑老街 (Attraction_382000000A_109911)
[2026-08-18 07:23:38]    ❌ 三種策略皆失敗
[2026-08-18 07:23:40] [2972/5921] 青山香草教育農園 (Attraction_382000000A_109912)
[2026-08-18 07:23:45]    ❌ 三種策略皆失敗
[2026-08-18 07:23:47] [2973/5921] 炮子崙瀑布 (Attraction_382000000A_109920)
[2026-08-18 07:23:51]    ✅ 成功抓到 7 筆時段
[2026-08-18 07:23:53] [2974/5921] 格頭雲瀑 (Attraction_382000000A_109938)
[2026-08-18 07:24:04]    (透過策略2成功)
[2026-08-18 07:24:04]    ✅ 成功抓到 7 筆時段
[2026-08-18 07:24:06] [2975/5921] 吊腳樓 (Attraction_382000000A_109939)
[2026-08-18 07:24:10]    ✅ 成功抓到 7 筆時段
[2026-08-18 07:24:12] [2976/5921] 硬漢嶺 (Attraction_382000000A_109940)
[2026-08-18 07:24:17]    ❌ 三種策略皆失敗
[2026-08-18 07:24:19] [2977/5921] 石碇百年石頭屋 (Attraction_382000000A_109943)
[2026-08-18 07:24:23]    ✅ 成功抓到 7 筆時段
[2026-08-18 07:24:25] [2978/5921] 皇帝殿登山步道 (Attraction_382000000A_109946)
[2026-08-18 07:24:33]    ✅ 成功抓到 7 筆時段
[2026-08-18 07:24:35] [2979/5921] 五股智光禪寺 (Attraction_382000000A_109947)
[2026-08-18 07:24:40]    ❌ 三種策略皆失敗
[2026-08-18 07:24:42] [2980/5921] 茶鄉桂花農園 (Attraction_382000000A_109955)
[2026-08-18 07:24:46]    ✅ 成功抓到 7 筆時段
[2026-08-18 07:24:46]    💾 存檔！已處理 2980/5921 | 成功 2066 | 失敗 914
[2026-08-18 07:24:46]       資料庫共 3147 筆，其中 2209 筆有營業時間
[2026-08-18 07:24:46]       速度 7.1 筆/分鐘 | 預估剩餘 415 分鐘
[2026-08-18 07:24:48] [2981/5921] 豎崎路 (Attraction_382000000A_109961)
[2026-08-18 07:24:52]    ✅ 成功抓到 7 筆時段
[2026-08-18 07:24:54] [2982/5921] 翡翠水庫 (Attraction_382000000A_109969)
[2026-08-18 07:24:59]    ❌ 三種策略皆失敗
[2026-08-18 07:25:01] [2983/5921] 聖明宮 (Attraction_382000000A_109970)
[2026-08-18 07:25:06]    ❌ 三種策略皆失敗
[2026-08-18 07:25:08] [2984/5921] 文山農場 (Attraction_382000000A_109976)
[2026-08-18 07:25:13]    ❌ 三種策略皆失敗
[2026-08-18 07:25:15] [2985/5921] 開成殿(天公廟) (Attraction_382000000A_109977)
[2026-08-18 07:25:19]    ✅ 成功抓到 7 筆時段
[2026-08-18 07:25:21] [2986/5921] 琉榔路步道 (Attraction_382000000A_109980)
[2026-08-18 07:25:24]    ✅ 成功抓到 7 筆時段
[2026-08-18 07:25:26] [2987/5921] 基隆山 (Attraction_382000000A_109981)
[2026-08-18 07:25:31]    ❌ 三種策略皆失敗
[2026-08-18 07:25:33] [2988/5921] 勸濟堂 (Attraction_382000000A_109985)
[2026-08-18 07:25:44]    (透過策略2成功)
[2026-08-18 07:25:44]    ✅ 成功抓到 7 筆時段
[2026-08-18 07:25:46] [2989/5921] 無耳茶壺山步道 (Attraction_382000000A_109986)
[2026-08-18 07:25:51]    ❌ 三種策略皆失敗
[2026-08-18 07:25:53] [2990/5921] 新店老街 (Attraction_382000000A_109987)
[2026-08-18 07:25:57]    ✅ 成功抓到 7 筆時段
[2026-08-18 07:25:57]    💾 存檔！已處理 2990/5921 | 成功 2071 | 失敗 919
[2026-08-18 07:25:57]       資料庫共 3157 筆，其中 2214 筆有營業時間
[2026-08-18 07:25:57]       速度 7.1 筆/分鐘 | 預估剩餘 413 分鐘
[2026-08-18 07:25:59] [2991/5921] 九份老街 (Attraction_382000000A_109990)
[2026-08-18 07:26:04]    ❌ 三種策略皆失敗
[2026-08-18 07:26:06] [2992/5921] 李梅樹紀念館 (Attraction_382000000A_109991)
[2026-08-18 07:26:11]    ❌ 三種策略皆失敗
[2026-08-18 07:26:13] [2993/5921] 陰陽海 (Attraction_382000000A_109992)
[2026-08-18 07:26:18]    ❌ 三種策略皆失敗
[2026-08-18 07:26:20] [2994/5921] 瑞芳火車站 (Attraction_382000000A_109993)
[2026-08-18 07:26:25]    ❌ 三種策略皆失敗
[2026-08-18 07:26:27] [2995/5921] 新北市客家文化園區 (Attraction_382000000A_109995)
[2026-08-18 07:26:30]    ✅ 成功抓到 7 筆時段
[2026-08-18 07:26:32] [2996/5921] 深澳漁港 (Attraction_382000000A_110001)
[2026-08-18 07:27:44]    ❌ 三種策略皆失敗
[2026-08-18 07:27:46] [2997/5921] 蝙蝠洞公園 (Attraction_382000000A_110005)
[2026-08-18 07:27:50]    ✅ 成功抓到 7 筆時段
[2026-08-18 07:27:52] [2998/5921] 南雅奇岩(南雅奇石) (Attraction_382000000A_110010)
[2026-08-18 07:29:03]    ❌ 三種策略皆失敗
[2026-08-18 07:29:05] [2999/5921] 皇后鎮森林 (Attraction_382000000A_110023)
[2026-08-18 07:29:11]    ❌ 三種策略皆失敗
[2026-08-18 07:29:13] [3000/5921] 昇平戲院 (Attraction_382000000A_110024)
[2026-08-18 07:29:16]    ✅ 成功抓到 7 筆時段
[2026-08-18 07:29:16]    💾 存檔！已處理 3000/5921 | 成功 2074 | 失敗 926
[2026-08-18 07:29:16]       資料庫共 3167 筆，其中 2217 筆有營業時間
[2026-08-18 07:29:16]       速度 7.1 筆/分鐘 | 預估剩餘 414 分鐘
[2026-08-18 07:29:18] [3001/5921] 桐花公園 (Attraction_382000000A_110028)
[2026-08-18 07:29:27]    ✅ 成功抓到 7 筆時段
[2026-08-18 07:29:29] [3002/5921] 平溪老街 (Attraction_382000000A_110030)
[2026-08-18 07:29:41]    (透過策略2成功)
[2026-08-18 07:29:41]    ✅ 成功抓到 7 筆時段
[2026-08-18 07:29:43] [3003/5921] 孝子山登山步道 (Attraction_382000000A_110036)
[2026-08-18 07:29:46]    ✅ 成功抓到 7 筆時段
[2026-08-18 07:29:48] [3004/5921] 十分老街 (Attraction_382000000A_110037)
[2026-08-18 07:29:54]    ❌ 三種策略皆失敗
[2026-08-18 07:29:56] [3005/5921] 平溪車站 (Attraction_382000000A_110038)
[2026-08-18 07:30:01]    ❌ 三種策略皆失敗
[2026-08-18 07:30:03] [3006/5921] 靜安吊橋 (Attraction_382000000A_110039)
[2026-08-18 07:30:07]    ✅ 成功抓到 7 筆時段
[2026-08-18 07:30:09] [3007/5921] 菁桐車站 (Attraction_382000000A_110042)
[2026-08-18 07:30:14]    ❌ 三種策略皆失敗
[2026-08-18 07:30:16] [3008/5921] 菁桐老街 (Attraction_382000000A_110043)
[2026-08-18 07:30:19]    ✅ 成功抓到 7 筆時段
[2026-08-18 07:30:21] [3009/5921] 菁桐礦業生活館 (Attraction_382000000A_110044)
[2026-08-18 07:30:25]    ✅ 成功抓到 7 筆時段
[2026-08-18 07:30:27] [3010/5921] 紫東社區(平溪區農會東勢生態教育會館) (Attraction_382000000A_110050)
[2026-08-18 07:30:36]    ✅ 成功抓到 7 筆時段
[2026-08-18 07:30:36]    💾 存檔！已處理 3010/5921 | 成功 2081 | 失敗 929
[2026-08-18 07:30:36]       資料庫共 3177 筆，其中 2224 筆有營業時間
[2026-08-18 07:30:36]       速度 7.1 筆/分鐘 | 預估剩餘 412 分鐘
[2026-08-18 07:30:38] [3011/5921] 大華壺穴 (Attraction_382000000A_110053)
[2026-08-18 07:30:42]    ✅ 成功抓到 7 筆時段
[2026-08-18 07:30:44] [3012/5921] 三忠廟 (Attraction_382000000A_110057)
[2026-08-18 07:30:47]    ✅ 成功抓到 7 筆時段
[2026-08-18 07:30:49] [3013/5921] 連舉人古厝 (Attraction_382000000A_110058)
[2026-08-18 07:30:53]    ✅ 成功抓到 7 筆時段
[2026-08-18 07:30:55] [3014/5921] 丁蘭谷 (Attraction_382000000A_110059)
[2026-08-18 07:31:00]    ❌ 三種策略皆失敗
[2026-08-18 07:31:02] [3015/5921] 虎豹潭 (Attraction_382000000A_110060)
[2026-08-18 07:31:07]    ❌ 三種策略皆失敗
[2026-08-18 07:31:09] [3016/5921] 小白宮(新北市立淡水古蹟博物館) (Attraction_382000000A_110071)
[2026-08-18 07:31:18]    ✅ 成功抓到 7 筆時段
[2026-08-18 07:31:20] [3017/5921] 二叭子植物園 (Attraction_382000000A_110075)
[2026-08-18 07:31:24]    ✅ 成功抓到 7 筆時段
[2026-08-18 07:31:26] [3018/5921] 南天花苑 (Attraction_382000000A_110079)
[2026-08-18 07:31:36]    ❌ 三種策略皆失敗
[2026-08-18 07:31:38] [3019/5921] 軟橋段親水公園 (Attraction_382000000A_110080)
[2026-08-18 07:31:42]    ✅ 成功抓到 7 筆時段
[2026-08-18 07:31:44] [3020/5921] 聖南寺 (Attraction_382000000A_110081)
[2026-08-18 07:31:55]    (透過策略2成功)
[2026-08-18 07:31:55]    ✅ 成功抓到 7 筆時段
[2026-08-18 07:31:55]    💾 存檔！已處理 3020/5921 | 成功 2088 | 失敗 932
[2026-08-18 07:31:55]       資料庫共 3187 筆，其中 2231 筆有營業時間
[2026-08-18 07:31:55]       速度 7.1 筆/分鐘 | 預估剩餘 411 分鐘
[2026-08-18 07:31:57] [3021/5921] 茶花莊 (Attraction_382000000A_110082)
[2026-08-18 07:33:05]    ❌ 三種策略皆失敗
[2026-08-18 07:33:07] [3022/5921] 雙溪區自行車道 (Attraction_382000000A_110085)
[2026-08-18 07:33:17]    ❌ 三種策略皆失敗
[2026-08-18 07:33:19] [3023/5921] 平林休閒農場 (Attraction_382000000A_110086)
[2026-08-18 07:33:24]    ❌ 三種策略皆失敗
[2026-08-18 07:33:26] [3024/5921] 不厭亭 (Attraction_382000000A_110088)
[2026-08-18 07:33:30]    ✅ 成功抓到 7 筆時段
[2026-08-18 07:33:32] [3025/5921] 碧潭吊橋 (Attraction_382000000A_110096)
[2026-08-18 07:33:36]    ✅ 成功抓到 7 筆時段
[2026-08-18 07:33:38] [3026/5921] 太平宮 (Attraction_382000000A_110100)
[2026-08-18 07:33:42]    ✅ 成功抓到 7 筆時段
[2026-08-18 07:33:44] [3027/5921] 花園新城 (Attraction_382000000A_110102)
[2026-08-18 07:33:54]    ❌ 三種策略皆失敗
[2026-08-18 07:33:56] [3028/5921] 潤濟宮 (Attraction_382000000A_110103)
[2026-08-18 07:34:02]    (透過策略2成功)
[2026-08-18 07:34:02]    ✅ 成功抓到 7 筆時段
[2026-08-18 07:34:04] [3029/5921] 虎字碑 (Attraction_382000000A_110106)
[2026-08-18 07:34:08]    ✅ 成功抓到 7 筆時段
[2026-08-18 07:34:10] [3030/5921] 三貂角燈塔 (Attraction_382000000A_110112)
[2026-08-18 07:34:25]    ❌ 三種策略皆失敗
[2026-08-18 07:34:25]    💾 存檔！已處理 3030/5921 | 成功 2093 | 失敗 937
[2026-08-18 07:34:25]       資料庫共 3197 筆，其中 2236 筆有營業時間
[2026-08-18 07:34:25]       速度 7.0 筆/分鐘 | 預估剩餘 410 分鐘
[2026-08-18 07:34:27] [3031/5921] 挖子尾自然保留區 (Attraction_382000000A_110124)
[2026-08-18 07:35:32]    ✅ 成功抓到 7 筆時段
[2026-08-18 07:35:34] [3032/5921] 八里左岸漫步廣場 (Attraction_382000000A_110132)
[2026-08-18 07:35:38]    ✅ 成功抓到 7 筆時段
[2026-08-18 07:35:40] [3033/5921] 永續環境教育中心 (Attraction_382000000A_110133)
[2026-08-18 07:35:44]    ✅ 成功抓到 7 筆時段
[2026-08-18 07:35:46] [3034/5921] 觀海長堤 (Attraction_382000000A_110135)
[2026-08-18 07:35:50]    ✅ 成功抓到 7 筆時段
[2026-08-18 07:35:52] [3035/5921] 馬崗漁港 (Attraction_382000000A_110151)
[2026-08-18 07:35:57]    ❌ 三種策略皆失敗
[2026-08-18 07:35:59] [3036/5921] 卯澳漁港 (Attraction_382000000A_110152)
[2026-08-18 07:36:03]    ❌ 三種策略皆失敗
[2026-08-18 07:36:05] [3037/5921] 卯澳石頭古厝建築 (Attraction_382000000A_110153)
[2026-08-18 07:36:09]    ✅ 成功抓到 7 筆時段
[2026-08-18 07:36:11] [3038/5921] 馬崗潮間帶 (Attraction_382000000A_110154)
[2026-08-18 07:36:15]    ✅ 成功抓到 7 筆時段
[2026-08-18 07:36:17] [3039/5921] 坪林生態園區 (Attraction_382000000A_110177)
[2026-08-18 07:36:22]    ❌ 三種策略皆失敗
[2026-08-18 07:36:24] [3040/5921] 觀音臺 (Attraction_382000000A_110178)
[2026-08-18 07:36:28]    ✅ 成功抓到 7 筆時段
[2026-08-18 07:36:28]    💾 存檔！已處理 3040/5921 | 成功 2100 | 失敗 940
[2026-08-18 07:36:28]       資料庫共 3207 筆，其中 2243 筆有營業時間
[2026-08-18 07:36:28]       速度 7.0 筆/分鐘 | 預估剩餘 410 分鐘
[2026-08-18 07:36:30] [3041/5921] 坪林親水吊橋 (Attraction_382000000A_110180)
[2026-08-18 07:36:33]    ✅ 成功抓到 7 筆時段
[2026-08-18 07:36:35] [3042/5921] 坪林老街 (Attraction_382000000A_110183)
[2026-08-18 07:36:39]    ✅ 成功抓到 7 筆時段
[2026-08-18 07:36:41] [3043/5921] 虎寮潭吊橋 (Attraction_382000000A_110184)
[2026-08-18 07:36:46]    ✅ 成功抓到 7 筆時段
[2026-08-18 07:36:48] [3044/5921] 虎寮潭 (Attraction_382000000A_110185)
[2026-08-18 07:36:53]    ❌ 三種策略皆失敗
[2026-08-18 07:36:55] [3045/5921] 粗坑口登山步道 (Attraction_382000000A_110186)
[2026-08-18 07:37:04]    ✅ 成功抓到 7 筆時段
[2026-08-18 07:37:06] [3046/5921] 獅公髻尾山登山步道 (Attraction_382000000A_110188)
[2026-08-18 07:37:10]    ✅ 成功抓到 7 筆時段
[2026-08-18 07:37:12] [3047/5921] 粗石斛吊橋 (Attraction_382000000A_110189)
[2026-08-18 07:37:17]    ❌ 三種策略皆失敗
[2026-08-18 07:37:19] [3048/5921] 保福宮 (Attraction_382000000A_110192)
[2026-08-18 07:37:23]    ✅ 成功抓到 7 筆時段
[2026-08-18 07:37:25] [3049/5921] 中興街(韓國街) (Attraction_382000000A_110194)
[2026-08-18 07:37:32]    ❌ 三種策略皆失敗
[2026-08-18 07:37:34] [3050/5921] 綠寶石河濱公園 (Attraction_382000000A_110195)
[2026-08-18 07:37:38]    ✅ 成功抓到 7 筆時段
[2026-08-18 07:37:38]    💾 存檔！已處理 3050/5921 | 成功 2107 | 失敗 943
[2026-08-18 07:37:38]       資料庫共 3217 筆，其中 2250 筆有營業時間
[2026-08-18 07:37:38]       速度 7.0 筆/分鐘 | 預估剩餘 408 分鐘
[2026-08-18 07:37:40] [3051/5921] 圓通禪寺(圓通寺) (Attraction_382000000A_110198)
[2026-08-18 07:37:43]    ✅ 成功抓到 7 筆時段
[2026-08-18 07:37:45] [3052/5921] 白馬寺 (Attraction_382000000A_110202)
[2026-08-18 07:37:52]    (透過策略2成功)
[2026-08-18 07:37:52]    ✅ 成功抓到 7 筆時段
[2026-08-18 07:37:54] [3053/5921] 八二三紀念公園(中和公園) (Attraction_382000000A_110227)
[2026-08-18 07:37:58]    ✅ 成功抓到 7 筆時段
[2026-08-18 07:38:00] [3054/5921] 華新街(緬甸街) (Attraction_382000000A_110246)
[2026-08-18 07:38:08]    ✅ 成功抓到 7 筆時段
[2026-08-18 07:38:10] [3055/5921] 山佳車站 (Attraction_382000000A_110301)
[2026-08-18 07:38:15]    ❌ 三種策略皆失敗
[2026-08-18 07:38:17] [3056/5921] 海山神社遺跡 (Attraction_382000000A_110306)
[2026-08-18 07:38:21]    ✅ 成功抓到 7 筆時段
[2026-08-18 07:38:23] [3057/5921] 中和瑞穗配水池 (Attraction_382000000A_110307)
[2026-08-18 07:38:27]    ✅ 成功抓到 7 筆時段
[2026-08-18 07:38:29] [3058/5921] 金瓜石神社(黃金神社) (Attraction_382000000A_110309)
[2026-08-18 07:38:33]    ✅ 成功抓到 7 筆時段
[2026-08-18 07:38:35] [3059/5921] 翁山英故居(九份茶坊) (Attraction_382000000A_110315)
[2026-08-18 07:38:39]    ✅ 成功抓到 7 筆時段
[2026-08-18 07:38:41] [3060/5921] 旗竿湖教育農場 (Attraction_382000000A_110319)
[2026-08-18 07:39:56]    ✅ 成功抓到 7 筆時段
[2026-08-18 07:39:56]    💾 存檔！已處理 3060/5921 | 成功 2116 | 失敗 944
[2026-08-18 07:39:56]       資料庫共 3227 筆，其中 2259 筆有營業時間
[2026-08-18 07:39:56]       速度 7.0 筆/分鐘 | 預估剩餘 407 分鐘
[2026-08-18 07:39:58] [3061/5921] 疏洪生態公園 (Attraction_382000000A_110321)
[2026-08-18 07:40:02]    ✅ 成功抓到 7 筆時段
[2026-08-18 07:40:04] [3062/5921] 三重林氏古厝(崇德居) (Attraction_382000000A_110334)
[2026-08-18 07:40:12]    ❌ 三種策略皆失敗
[2026-08-18 07:40:14] [3063/5921] 碧華布街(三重布莊博物園區) (Attraction_382000000A_110339)
[2026-08-18 07:40:18]    ✅ 成功抓到 7 筆時段
[2026-08-18 07:40:20] [3064/5921] 三和觀光夜市 (Attraction_382000000A_110341)
[2026-08-18 07:40:24]    ✅ 成功抓到 7 筆時段
[2026-08-18 07:40:26] [3065/5921] 新北大都會公園 (二重疏洪道河濱公園) (Attraction_382000000A_110343)
[2026-08-18 07:41:47]    (透過策略3成功)
[2026-08-18 07:41:47]    ✅ 成功抓到 7 筆時段
[2026-08-18 07:41:49] [3066/5921] 義塚大墓公 (Attraction_382000000A_110354)
[2026-08-18 07:41:53]    ✅ 成功抓到 7 筆時段
[2026-08-18 07:41:55] [3067/5921] 土城廣承岩寺 (Attraction_382000000A_110360)
[2026-08-18 07:41:59]    ✅ 成功抓到 7 筆時段
[2026-08-18 07:42:01] [3068/5921] 石門風力發電站(風車公園) (Attraction_382000000A_110362)
[2026-08-18 07:42:12]    (透過策略2成功)
[2026-08-18 07:42:12]    ✅ 成功抓到 7 筆時段
[2026-08-18 07:42:14] [3069/5921] 新十八王公廟 (Attraction_382000000A_110363)
[2026-08-18 07:42:20]    (透過策略2成功)
[2026-08-18 07:42:20]    ✅ 成功抓到 7 筆時段
[2026-08-18 07:42:22] [3070/5921] 麟山鼻地質景觀生態步道 (Attraction_382000000A_110365)
[2026-08-18 07:42:26]    ✅ 成功抓到 7 筆時段
[2026-08-18 07:42:26]    💾 存檔！已處理 3070/5921 | 成功 2125 | 失敗 945
[2026-08-18 07:42:26]       資料庫共 3237 筆，其中 2268 筆有營業時間
[2026-08-18 07:42:26]       速度 7.0 筆/分鐘 | 預估剩餘 407 分鐘
[2026-08-18 07:42:28] [3071/5921] 富貴角公園 (Attraction_382000000A_110368)
[2026-08-18 07:42:32]    ✅ 成功抓到 7 筆時段
[2026-08-18 07:42:34] [3072/5921] 三峽拱橋 (Attraction_382000000A_110370)
[2026-08-18 07:42:38]    ✅ 成功抓到 7 筆時段
[2026-08-18 07:42:40] [3073/5921] 富基漁港 (Attraction_382000000A_110371)
[2026-08-18 07:42:45]    ❌ 三種策略皆失敗
[2026-08-18 07:42:47] [3074/5921] 石門婚紗廣場 (Attraction_382000000A_110372)
[2026-08-18 07:43:59]    ✅ 成功抓到 7 筆時段
[2026-08-18 07:44:01] [3075/5921] 金山跳石海岸 (Attraction_382000000A_110374)
[2026-08-18 07:44:04]    ✅ 成功抓到 7 筆時段
[2026-08-18 07:44:06] [3076/5921] 尖山湖紀念碑 (Attraction_382000000A_110375)
[2026-08-18 07:44:10]    ✅ 成功抓到 7 筆時段
[2026-08-18 07:44:12] [3077/5921] 石門風箏公園 (Attraction_382000000A_110377)
[2026-08-18 07:44:17]    ❌ 三種策略皆失敗
[2026-08-18 07:44:19] [3078/5921] 老梅石槽 (Attraction_382000000A_110378)
[2026-08-18 07:44:24]    ❌ 三種策略皆失敗
[2026-08-18 07:44:26] [3079/5921] 青山瀑布 (Attraction_382000000A_110382)
[2026-08-18 07:44:30]    ✅ 成功抓到 7 筆時段
[2026-08-18 07:44:32] [3080/5921] 草里漁港 (Attraction_382000000A_110394)
[2026-08-18 07:44:48]    (透過策略2成功)
[2026-08-18 07:44:48]    ✅ 成功抓到 7 筆時段
[2026-08-18 07:44:48]    💾 存檔！已處理 3080/5921 | 成功 2132 | 失敗 948
[2026-08-18 07:44:48]       資料庫共 3247 筆，其中 2275 筆有營業時間
[2026-08-18 07:44:48]       速度 7.0 筆/分鐘 | 預估剩餘 406 分鐘
[2026-08-18 07:44:50] [3081/5921] 石門情人廟 (Attraction_382000000A_110395)
[2026-08-18 07:45:57]    ❌ 三種策略皆失敗
[2026-08-18 07:45:59] [3082/5921] 佛光山石門北海道場 (Attraction_382000000A_110397)
[2026-08-18 07:46:03]    ✅ 成功抓到 7 筆時段
[2026-08-18 07:46:05] [3083/5921] 滬尾礮臺(新北市立淡水古蹟博物館) (Attraction_382000000A_110398)
[2026-08-18 07:46:17]    (透過策略2成功)
[2026-08-18 07:46:17]    ✅ 成功抓到 7 筆時段
[2026-08-18 07:46:19] [3084/5921] 淡水龍山寺 (Attraction_382000000A_110399)
[2026-08-18 07:46:22]    ✅ 成功抓到 7 筆時段
[2026-08-18 07:46:24] [3085/5921] 三芝三板橋 (Attraction_382000000A_110400)
[2026-08-18 07:46:33]    ✅ 成功抓到 7 筆時段
[2026-08-18 07:46:35] [3086/5921] 後厝漁港 (Attraction_382000000A_110404)
[2026-08-18 07:46:51]    ❌ 三種策略皆失敗
[2026-08-18 07:46:53] [3087/5921] 淡水福佑宮 (Attraction_382000000A_110406)
[2026-08-18 07:46:57]    ✅ 成功抓到 7 筆時段
[2026-08-18 07:46:59] [3088/5921] 馬偕墓園 (Attraction_382000000A_110407)
[2026-08-18 07:47:04]    ❌ 三種策略皆失敗
[2026-08-18 07:47:06] [3089/5921] 淡水禮拜堂 (Attraction_382000000A_110409)
[2026-08-18 07:47:11]    ❌ 三種策略皆失敗
[2026-08-18 07:47:13] [3090/5921] 滬尾馬偕醫館 (Attraction_382000000A_110411)
[2026-08-18 07:47:16]    ✅ 成功抓到 7 筆時段
[2026-08-18 07:47:16]    💾 存檔！已處理 3090/5921 | 成功 2138 | 失敗 952
[2026-08-18 07:47:16]       資料庫共 3257 筆，其中 2281 筆有營業時間
[2026-08-18 07:47:16]       速度 7.0 筆/分鐘 | 預估剩餘 406 分鐘
[2026-08-18 07:47:18] [3091/5921] 淡水文化園區-殼牌倉庫 (Attraction_382000000A_110415)
[2026-08-18 07:47:22]    ✅ 成功抓到 7 筆時段
[2026-08-18 07:47:24] [3092/5921] 淡水海關碼頭園區 (Attraction_382000000A_110416)
[2026-08-18 07:47:28]    ✅ 成功抓到 7 筆時段
[2026-08-18 07:47:30] [3093/5921] 淡水氣候觀測所 (Attraction_382000000A_110417)
[2026-08-18 07:47:34]    ✅ 成功抓到 7 筆時段
[2026-08-18 07:47:36] [3094/5921] 滬尾水道 (Attraction_382000000A_110421)
[2026-08-18 07:47:39]    ✅ 成功抓到 7 筆時段
[2026-08-18 07:47:41] [3095/5921] 多田榮吉故居 (Attraction_382000000A_110422)
[2026-08-18 07:47:45]    ✅ 成功抓到 7 筆時段
[2026-08-18 07:47:47] [3096/5921] 公司田溪程氏古厝 (Attraction_382000000A_110427)
[2026-08-18 07:47:51]    ✅ 成功抓到 7 筆時段
[2026-08-18 07:47:53] [3097/5921] 淡水八角塔 (Attraction_382000000A_110429)
[2026-08-18 07:47:59]    (透過策略2成功)
[2026-08-18 07:47:59]    ✅ 成功抓到 7 筆時段
[2026-08-18 07:48:01] [3098/5921] 淡江大學海事博物館 (Attraction_382000000A_110430)
[2026-08-18 07:48:05]    ✅ 成功抓到 7 筆時段
[2026-08-18 07:48:07] [3099/5921] 淡水紅樓 (Attraction_382000000A_110431)
[2026-08-18 07:48:12]    ❌ 三種策略皆失敗
[2026-08-18 07:48:14] [3100/5921] 新北市忠烈祠 (Attraction_382000000A_110434)
[2026-08-18 07:48:17]    ✅ 成功抓到 7 筆時段
[2026-08-18 07:48:17]    💾 存檔！已處理 3100/5921 | 成功 2147 | 失敗 953
[2026-08-18 07:48:17]       資料庫共 3267 筆，其中 2290 筆有營業時間
[2026-08-18 07:48:17]       速度 7.0 筆/分鐘 | 預估剩餘 404 分鐘
[2026-08-18 07:48:19] [3101/5921] 淡水漁業生活文化影像館 (Attraction_382000000A_110439)
[2026-08-18 07:48:23]    ✅ 成功抓到 7 筆時段
[2026-08-18 07:48:25] [3102/5921] 三協成糕餅博物館 (Attraction_382000000A_110440)
[2026-08-18 07:48:36]    (透過策略2成功)
[2026-08-18 07:48:36]    ✅ 成功抓到 7 筆時段
[2026-08-18 07:48:38] [3103/5921] 北新有機休閒農場 (Attraction_382000000A_110442)
[2026-08-18 07:49:45]    ✅ 成功抓到 7 筆時段
[2026-08-18 07:49:47] [3104/5921] 紅樹林生態教育館 (Attraction_382000000A_110450)
[2026-08-18 07:49:51]    ✅ 成功抓到 7 筆時段
[2026-08-18 07:49:53] [3105/5921] 番婆林觀光花園 (Attraction_382000000A_110457)
[2026-08-18 07:49:56]    ✅ 成功抓到 7 筆時段
[2026-08-18 07:49:58] [3106/5921] 二號倉庫．文創 (Attraction_382000000A_110461)
[2026-08-18 07:50:10]    (透過策略2成功)
[2026-08-18 07:50:10]    ✅ 成功抓到 7 筆時段
[2026-08-18 07:50:12] [3107/5921] 木屐寮農莊 (Attraction_382000000A_110465)
[2026-08-18 07:51:20]    ✅ 成功抓到 7 筆時段
[2026-08-18 07:51:22] [3108/5921] 源興居 (Attraction_382000000A_110475)
[2026-08-18 07:51:26]    ✅ 成功抓到 7 筆時段
[2026-08-18 07:51:28] [3109/5921] 谷垚陶坊生活藝術館 (Attraction_382000000A_110477)
[2026-08-18 07:51:31]    ✅ 成功抓到 7 筆時段
[2026-08-18 07:51:33] [3110/5921] 桶後溪 (Attraction_382000000A_110501)
[2026-08-18 07:51:39]    ❌ 三種策略皆失敗
[2026-08-18 07:51:39]    💾 存檔！已處理 3110/5921 | 成功 2156 | 失敗 954
[2026-08-18 07:51:39]       資料庫共 3277 筆，其中 2299 筆有營業時間
[2026-08-18 07:51:39]       速度 7.0 筆/分鐘 | 預估剩餘 404 分鐘
[2026-08-18 07:51:41] [3111/5921] 直潭山登山步道 (Attraction_382000000A_110503)
[2026-08-18 07:51:46]    ❌ 三種策略皆失敗
[2026-08-18 07:51:48] [3112/5921] 新店渡船頭 (Attraction_382000000A_110510)
[2026-08-18 07:51:53]    ❌ 三種策略皆失敗
[2026-08-18 07:51:55] [3113/5921] 水資源生態教育館 (Attraction_382000000A_110516)
[2026-08-18 07:51:58]    ✅ 成功抓到 7 筆時段
[2026-08-18 07:52:00] [3114/5921] 泰山娃娃產業文化館 (Attraction_382000000A_110539)
[2026-08-18 07:52:08]    ✅ 成功抓到 7 筆時段
[2026-08-18 07:52:10] [3115/5921] 三峽染工坊暨三峽藍染中心 (Attraction_382000000A_110546)
[2026-08-18 07:52:15]    ❌ 三種策略皆失敗
[2026-08-18 07:52:17] [3116/5921] 簡單生活藍染工作室 (Attraction_382000000A_110550)
[2026-08-18 07:52:22]    ❌ 三種策略皆失敗
[2026-08-18 07:52:24] [3117/5921] 山尖路步道 (Attraction_382000000A_110577)
[2026-08-18 07:52:28]    ✅ 成功抓到 7 筆時段
[2026-08-18 07:52:30] [3118/5921] 漁光里步道 (Attraction_382000000A_110584)
[2026-08-18 07:52:38]    ✅ 成功抓到 7 筆時段
[2026-08-18 07:52:40] [3119/5921] 天上山系步道 (Attraction_382000000A_110585)
[2026-08-18 07:52:45]    ❌ 三種策略皆失敗
[2026-08-18 07:52:47] [3120/5921] 鳶山登山步道 (Attraction_382000000A_110588)
[2026-08-18 07:52:51]    ✅ 成功抓到 7 筆時段
[2026-08-18 07:52:51]    💾 存檔！已處理 3120/5921 | 成功 2161 | 失敗 959
[2026-08-18 07:52:51]       資料庫共 3287 筆，其中 2304 筆有營業時間
[2026-08-18 07:52:51]       速度 7.0 筆/分鐘 | 預估剩餘 403 分鐘
[2026-08-18 07:52:53] [3121/5921] 五寮尖登山步道 (Attraction_382000000A_110589)
[2026-08-18 07:52:58]    ❌ 三種策略皆失敗
[2026-08-18 07:53:00] [3122/5921] 雲森瀑布 (Attraction_382000000A_110603)
[2026-08-18 07:53:04]    ✅ 成功抓到 7 筆時段
[2026-08-18 07:53:06] [3123/5921] 大同山登山步道 (Attraction_382000000A_110604)
[2026-08-18 07:53:10]    ✅ 成功抓到 7 筆時段
[2026-08-18 07:53:12] [3124/5921] 八里左岸自行車道 (Attraction_382000000A_110618)
[2026-08-18 07:53:16]    ✅ 成功抓到 7 筆時段
[2026-08-18 07:53:18] [3125/5921] 金色水岸自行車道 (Attraction_382000000A_110619)
[2026-08-18 07:53:22]    ✅ 成功抓到 7 筆時段
[2026-08-18 07:53:24] [3126/5921] 瑞芳風景特定區 (Attraction_382000000A_110624)
[2026-08-18 07:53:27]    ✅ 成功抓到 7 筆時段
[2026-08-18 07:53:29] [3127/5921] 烏來風景區 (Attraction_382000000A_110625)
[2026-08-18 07:53:38]    ✅ 成功抓到 7 筆時段
[2026-08-18 07:53:40] [3128/5921] 黃金瀑布 (Attraction_382000000A_110626)
[2026-08-18 07:53:49]    ✅ 成功抓到 7 筆時段
[2026-08-18 07:53:51] [3129/5921] 新北市政府景觀瞭望台 (Attraction_382000000A_110633)
[2026-08-18 07:53:55]    ✅ 成功抓到 7 筆時段
[2026-08-18 07:53:57] [3130/5921] 牧師樓與姑娘樓 (Attraction_382000000A_110650)
[2026-08-18 07:55:11]    ✅ 成功抓到 7 筆時段
[2026-08-18 07:55:11]    💾 存檔！已處理 3130/5921 | 成功 2170 | 失敗 960
[2026-08-18 07:55:11]       資料庫共 3297 筆，其中 2313 筆有營業時間
[2026-08-18 07:55:11]       速度 6.9 筆/分鐘 | 預估剩餘 402 分鐘
[2026-08-18 07:55:13] [3131/5921] 芝柏藝術村 (Attraction_382000000A_110651)
[2026-08-18 07:55:16]    ✅ 成功抓到 7 筆時段
[2026-08-18 07:55:18] [3132/5921] 八連溪休閒步道 (Attraction_382000000A_110656)
[2026-08-18 07:55:22]    ✅ 成功抓到 7 筆時段
[2026-08-18 07:55:24] [3133/5921] 無極真元天壇(天元宮) (Attraction_382000000A_110657)
[2026-08-18 07:55:28]    ✅ 成功抓到 7 筆時段
[2026-08-18 07:55:30] [3134/5921] 八里(渡船頭)老街 (Attraction_382000000A_110659)
[2026-08-18 07:55:34]    ✅ 成功抓到 7 筆時段
[2026-08-18 07:55:36] [3135/5921] 烏來老街 (Attraction_382000000A_110660)
[2026-08-18 07:55:40]    ✅ 成功抓到 7 筆時段
[2026-08-18 07:55:42] [3136/5921] 鶯歌老街 (Attraction_382000000A_110661)
[2026-08-18 07:55:47]    ❌ 三種策略皆失敗
[2026-08-18 07:55:49] [3137/5921] 菁桐鐵道故事館 (Attraction_382000000A_110662)
[2026-08-18 07:57:05]    ✅ 成功抓到 7 筆時段
[2026-08-18 07:57:07] [3138/5921] 酋長文創園區 (Attraction_382000000A_110665)
[2026-08-18 07:57:10]    ✅ 成功抓到 7 筆時段
[2026-08-18 07:57:12] [3139/5921] 九份金礦博物館 (Attraction_382000000A_110668)
[2026-08-18 07:57:18]    ❌ 三種策略皆失敗
[2026-08-18 07:57:20] [3140/5921] 新店文史館 (Attraction_382000000A_110669)
[2026-08-18 07:57:24]    ✅ 成功抓到 7 筆時段
[2026-08-18 07:57:24]    💾 存檔！已處理 3140/5921 | 成功 2178 | 失敗 962
[2026-08-18 07:57:24]       資料庫共 3307 筆，其中 2321 筆有營業時間
[2026-08-18 07:57:24]       速度 6.9 筆/分鐘 | 預估剩餘 401 分鐘
[2026-08-18 07:57:26] [3141/5921] 富士坪古道 (Attraction_382000000A_110672)
[2026-08-18 07:57:30]    ✅ 成功抓到 7 筆時段
[2026-08-18 07:57:32] [3142/5921] 鹿堀(窟)坪古道 (Attraction_382000000A_110673)
[2026-08-18 07:57:40]    ✅ 成功抓到 7 筆時段
[2026-08-18 07:57:42] [3143/5921] 磺港漁港 (Attraction_382000000A_110674)
[2026-08-18 07:57:47]    ❌ 三種策略皆失敗
[2026-08-18 07:57:49] [3144/5921] 慈母峰登山步道 (Attraction_382000000A_110680)
[2026-08-18 07:57:53]    ✅ 成功抓到 7 筆時段
[2026-08-18 07:57:55] [3145/5921] 十分車站 (Attraction_382000000A_110699)
[2026-08-18 07:58:06]    ❌ 三種策略皆失敗
[2026-08-18 07:58:08] [3146/5921] 望古車站 (Attraction_382000000A_110700)
[2026-08-18 07:58:23]    ❌ 三種策略皆失敗
[2026-08-18 07:58:25] [3147/5921] 大華車站 (Attraction_382000000A_110701)
[2026-08-18 07:59:45]    ❌ 三種策略皆失敗
[2026-08-18 07:59:47] [3148/5921] 三貂嶺車站 (Attraction_382000000A_110702)
[2026-08-18 07:59:52]    ❌ 三種策略皆失敗
[2026-08-18 07:59:54] [3149/5921] 嶺腳車站 (Attraction_382000000A_110703)
[2026-08-18 08:01:22]    ❌ 三種策略皆失敗
[2026-08-18 08:01:24] [3150/5921] 楊三郎美術館 (Attraction_382000000A_110708)
[2026-08-18 08:01:28]    ✅ 成功抓到 7 筆時段
[2026-08-18 08:01:28]    💾 存檔！已處理 3150/5921 | 成功 2182 | 失敗 968
[2026-08-18 08:01:28]       資料庫共 3317 筆，其中 2325 筆有營業時間
[2026-08-18 08:01:28]       速度 6.9 筆/分鐘 | 預估剩餘 402 分鐘
[2026-08-18 08:01:30] [3151/5921] 金瓜寮茶香生態村 (Attraction_382000000A_110733)
[2026-08-18 08:01:35]    ❌ 三種策略皆失敗
[2026-08-18 08:01:37] [3152/5921] 大棟山 (Attraction_382000000A_110735)
[2026-08-18 08:01:42]    ❌ 三種策略皆失敗
[2026-08-18 08:01:44] [3153/5921] 前清英國領事官邸 (Attraction_382000000A_110746)
[2026-08-18 08:01:48]    ✅ 成功抓到 7 筆時段
[2026-08-18 08:01:50] [3154/5921] 猴硐煤礦博物園區 (Attraction_382000000A_110748)
[2026-08-18 08:01:55]    ✅ 成功抓到 7 筆時段
[2026-08-18 08:01:57] [3155/5921] 運煤橋 (Attraction_382000000A_110749)
[2026-08-18 08:03:15]    (透過策略2成功)
[2026-08-18 08:03:15]    ✅ 成功抓到 7 筆時段
[2026-08-18 08:03:17] [3156/5921] 瑞三鑛業整煤廠 (Attraction_382000000A_110750)
[2026-08-18 08:03:21]    ✅ 成功抓到 7 筆時段
[2026-08-18 08:03:23] [3157/5921] 手信坊創意和菓子文化館 (Attraction_382000000A_110760)
[2026-08-18 08:03:27]    ✅ 成功抓到 7 筆時段
[2026-08-18 08:03:29] [3158/5921] 許新旺陶瓷紀念博物館 (Attraction_382000000A_110761)
[2026-08-18 08:03:34]    ❌ 三種策略皆失敗
[2026-08-18 08:03:36] [3159/5921] 烏來吊橋 (Attraction_382000000A_110767)
[2026-08-18 08:03:39]    ✅ 成功抓到 7 筆時段
[2026-08-18 08:03:41] [3160/5921] 烏來遊客中心 (Attraction_382000000A_110768)
[2026-08-18 08:03:50]    ✅ 成功抓到 7 筆時段
[2026-08-18 08:03:50]    💾 存檔！已處理 3160/5921 | 成功 2189 | 失敗 971
[2026-08-18 08:03:50]       資料庫共 3327 筆，其中 2332 筆有營業時間
[2026-08-18 08:03:50]       速度 6.9 筆/分鐘 | 預估剩餘 402 分鐘
[2026-08-18 08:03:52] [3161/5921] 獅頭山登山步道 (Attraction_382000000A_110769)
[2026-08-18 08:03:57]    ❌ 三種策略皆失敗
[2026-08-18 08:03:59] [3162/5921] 石碇淡蘭藝文館 (Attraction_382000000A_110783)
[2026-08-18 08:04:03]    ✅ 成功抓到 7 筆時段
[2026-08-18 08:04:05] [3163/5921] 一滴水紀念館 (Attraction_382000000A_110786)
[2026-08-18 08:04:09]    ✅ 成功抓到 7 筆時段
[2026-08-18 08:04:11] [3164/5921] 琉傳天下琉星花園 (Attraction_382000000A_110789)
[2026-08-18 08:04:15]    ✅ 成功抓到 7 筆時段
[2026-08-18 08:04:17] [3165/5921] 空軍三重一村 (Attraction_382000000A_110790)
[2026-08-18 08:04:22]    ❌ 三種策略皆失敗
[2026-08-18 08:04:24] [3166/5921] 北大特區藝術大道 (Attraction_382000000A_110797)
[2026-08-18 08:04:28]    ✅ 成功抓到 7 筆時段
[2026-08-18 08:04:30] [3167/5921] 新山夢湖 (Attraction_382000000A_110799)
[2026-08-18 08:04:34]    ❌ 三種策略皆失敗
[2026-08-18 08:04:36] [3168/5921] 猴硐貓村 (Attraction_382000000A_110802)
[2026-08-18 08:04:40]    ✅ 成功抓到 7 筆時段
[2026-08-18 08:04:42] [3169/5921] 山宛然客家布袋戲團 (Attraction_382000000A_110804)
[2026-08-18 08:04:47]    ❌ 三種策略皆失敗
[2026-08-18 08:04:49] [3170/5921] 澳底漁港 (Attraction_382000000A_110808)
[2026-08-18 08:05:00]    ❌ 三種策略皆失敗
[2026-08-18 08:05:00]    💾 存檔！已處理 3170/5921 | 成功 2194 | 失敗 976
[2026-08-18 08:05:00]       資料庫共 3337 筆，其中 2337 筆有營業時間
[2026-08-18 08:05:00]       速度 6.9 筆/分鐘 | 預估剩餘 400 分鐘
[2026-08-18 08:05:02] [3171/5921] 遠望坑親水公園 (Attraction_382000000A_110809)
[2026-08-18 08:05:05]    ✅ 成功抓到 7 筆時段
[2026-08-18 08:05:07] [3172/5921] 龍門公園(龍門露營度假基地) (Attraction_382000000A_110814)
[2026-08-18 08:05:15]    ❌ 三種策略皆失敗
[2026-08-18 08:05:17] [3173/5921] 中角灣(中角灣國際衝浪基地) (Attraction_382000000A_110815)
[2026-08-18 08:05:21]    ✅ 成功抓到 7 筆時段
[2026-08-18 08:05:23] [3174/5921] 水尾景觀公園 (Attraction_382000000A_110816)
[2026-08-18 08:05:27]    ✅ 成功抓到 7 筆時段
[2026-08-18 08:05:29] [3175/5921] 烏來觀光台車 (Attraction_382000000A_110819)
[2026-08-18 08:05:32]    ✅ 成功抓到 7 筆時段
[2026-08-18 08:05:34] [3176/5921] 大漢溪自行車道 (Attraction_382000000A_110824)
[2026-08-18 08:05:39]    ❌ 三種策略皆失敗
[2026-08-18 08:05:41] [3177/5921] 新店溪自行車道 (Attraction_382000000A_110825)
[2026-08-18 08:05:45]    ✅ 成功抓到 7 筆時段
[2026-08-18 08:05:47] [3178/5921] 萬金自行車道 (Attraction_382000000A_110827)
[2026-08-18 08:05:51]    ✅ 成功抓到 7 筆時段
[2026-08-18 08:05:53] [3179/5921] 坪林觀魚步道 (Attraction_382000000A_110828)
[2026-08-18 08:05:58]    ❌ 三種策略皆失敗
[2026-08-18 08:06:00] [3180/5921] 舊草嶺隧道 (Attraction_382000000A_110829)
[2026-08-18 08:06:05]    ❌ 三種策略皆失敗
[2026-08-18 08:06:05]    💾 存檔！已處理 3180/5921 | 成功 2200 | 失敗 980
[2026-08-18 08:06:05]       資料庫共 3347 筆，其中 2343 筆有營業時間
[2026-08-18 08:06:05]       速度 6.9 筆/分鐘 | 預估剩餘 398 分鐘
[2026-08-18 08:06:07] [3181/5921] 石碇北宜公路 (Attraction_382000000A_110830)
[2026-08-18 08:06:13]    (透過策略2成功)
[2026-08-18 08:06:13]    ✅ 成功抓到 7 筆時段
[2026-08-18 08:06:15] [3182/5921] 林益和堂中藥店 (Attraction_382000000A_110832)
[2026-08-18 08:06:19]    ✅ 成功抓到 7 筆時段
[2026-08-18 08:06:21] [3183/5921] 雙溪老街 (Attraction_382000000A_110833)
[2026-08-18 08:06:25]    ✅ 成功抓到 7 筆時段
[2026-08-18 08:06:27] [3184/5921] 新北市政府行政大樓 (Attraction_382000000A_110836)
[2026-08-18 08:06:35]    ✅ 成功抓到 7 筆時段
[2026-08-18 08:06:37] [3185/5921] 博愛藝術街 (Attraction_382000000A_110837)
[2026-08-18 08:07:58]    ❌ 三種策略皆失敗
[2026-08-18 08:08:00] [3186/5921] 烏來空中纜車 (Attraction_382000000A_110844)
[2026-08-18 08:08:06]    ❌ 三種策略皆失敗
[2026-08-18 08:08:08] [3187/5921] 礦工宿舍 (Attraction_382000000A_110847)
[2026-08-18 08:08:13]    ❌ 三種策略皆失敗
[2026-08-18 08:08:15] [3188/5921] 小赤壁 (Attraction_382000000A_110851)
[2026-08-18 08:08:19]    ✅ 成功抓到 7 筆時段
[2026-08-18 08:08:21] [3189/5921] 祈堂老街(金瓜石老街) (Attraction_382000000A_110857)
[2026-08-18 08:09:34]    ✅ 成功抓到 7 筆時段
[2026-08-18 08:09:36] [3190/5921] 牡丹車站 (Attraction_382000000A_110860)
[2026-08-18 08:09:46]    ❌ 三種策略皆失敗
[2026-08-18 08:09:46]    💾 存檔！已處理 3190/5921 | 成功 2206 | 失敗 984
[2026-08-18 08:09:46]       資料庫共 3357 筆，其中 2349 筆有營業時間
[2026-08-18 08:09:46]       速度 6.9 筆/分鐘 | 預估剩餘 399 分鐘
[2026-08-18 08:09:48] [3191/5921] 雙溪車站 (Attraction_382000000A_110861)
[2026-08-18 08:09:59]    ❌ 三種策略皆失敗
[2026-08-18 08:10:01] [3192/5921] 十三層親水公園(三貂親水公園) (Attraction_382000000A_110865)
[2026-08-18 08:10:09]    (透過策略3成功)
[2026-08-18 08:10:09]    ✅ 成功抓到 7 筆時段
[2026-08-18 08:10:11] [3193/5921] 櫻木花道 (Attraction_382000000A_110870)
[2026-08-18 08:10:20]    ✅ 成功抓到 7 筆時段
[2026-08-18 08:10:22] [3194/5921] 蘆洲李宅古蹟-李友邦將軍紀念館 (Attraction_382000000A_110877)
[2026-08-18 08:10:26]    ✅ 成功抓到 7 筆時段
[2026-08-18 08:10:28] [3195/5921] 汐止老街 (Attraction_382000000A_110883)
[2026-08-18 08:10:32]    ✅ 成功抓到 7 筆時段
[2026-08-18 08:10:34] [3196/5921] 國際終戰和平紀念園區 (Attraction_382000000A_110892)
[2026-08-18 08:10:38]    ✅ 成功抓到 7 筆時段
[2026-08-18 08:10:40] [3197/5921] 板橋車站 (Attraction_382000000A_110901)
[2026-08-18 08:10:51]    ❌ 三種策略皆失敗
[2026-08-18 08:10:53] [3198/5921] 龍洞四季灣 (Attraction_382000000A_110915)
[2026-08-18 08:11:03]    ❌ 三種策略皆失敗
[2026-08-18 08:11:05] [3199/5921] 卯澳漁村 (Attraction_382000000A_110917)
[2026-08-18 08:12:16]    ❌ 三種策略皆失敗
[2026-08-18 08:12:18] [3200/5921] 水湳洞十三層遺址 (Attraction_382000000A_110923)
[2026-08-18 08:12:22]    ✅ 成功抓到 7 筆時段
[2026-08-18 08:12:22]    💾 存檔！已處理 3200/5921 | 成功 2212 | 失敗 988
[2026-08-18 08:12:22]       資料庫共 3367 筆，其中 2355 筆有營業時間
[2026-08-18 08:12:22]       速度 6.8 筆/分鐘 | 預估剩餘 398 分鐘
[2026-08-18 08:12:24] [3201/5921] 蔡家洋樓 (Attraction_382000000A_110925)
[2026-08-18 08:12:28]    ✅ 成功抓到 7 筆時段
[2026-08-18 08:12:30] [3202/5921] 菁桐煤礦紀念公園 (Attraction_382000000A_110926)
[2026-08-18 08:12:34]    ✅ 成功抓到 7 筆時段
[2026-08-18 08:12:36] [3203/5921] 烏來林業生活館 (Attraction_382000000A_110930)
[2026-08-18 08:12:40]    ✅ 成功抓到 7 筆時段
[2026-08-18 08:12:42] [3204/5921] 莊貢生古厝 (Attraction_382000000A_110938)
[2026-08-18 08:12:51]    ✅ 成功抓到 7 筆時段
[2026-08-18 08:12:53] [3205/5921] 平溪石底橋 (Attraction_382000000A_110941)
[2026-08-18 08:12:56]    ✅ 成功抓到 7 筆時段
[2026-08-18 08:12:58] [3206/5921] 廣安宮 (Attraction_382000000A_110947)
[2026-08-18 08:13:05]    (透過策略2成功)
[2026-08-18 08:13:05]    ✅ 成功抓到 7 筆時段
[2026-08-18 08:13:07] [3207/5921] 關渡大橋 (Attraction_382000000A_110955)
[2026-08-18 08:13:11]    ✅ 成功抓到 7 筆時段
[2026-08-18 08:13:13] [3208/5921] 蘆堤寵物公園 (Attraction_382000000A_110958)
[2026-08-18 08:13:17]    ✅ 成功抓到 7 筆時段
[2026-08-18 08:13:19] [3209/5921] 幸福水漾公園 (Attraction_382000000A_110960)
[2026-08-18 08:13:24]    ❌ 三種策略皆失敗
[2026-08-18 08:13:26] [3210/5921] 龜吼漁港 (Attraction_382000000A_110964)
[2026-08-18 08:13:37]    (透過策略2成功)
[2026-08-18 08:13:37]    ✅ 成功抓到 7 筆時段
[2026-08-18 08:13:37]    💾 存檔！已處理 3210/5921 | 成功 2221 | 失敗 989
[2026-08-18 08:13:37]       資料庫共 3377 筆，其中 2364 筆有營業時間
[2026-08-18 08:13:37]       速度 6.8 筆/分鐘 | 預估剩餘 396 分鐘
[2026-08-18 08:13:39] [3211/5921] 福隆車站 (Attraction_382000000A_110967)
[2026-08-18 08:13:50]    ❌ 三種策略皆失敗
[2026-08-18 08:13:52] [3212/5921] 玉美人孕婦裝觀光工廠 (Attraction_382000000A_110969)
[2026-08-18 08:13:56]    ✅ 成功抓到 7 筆時段
[2026-08-18 08:13:58] [3213/5921] 鶯歌車站 (Attraction_382000000A_110972)
[2026-08-18 08:14:13]    ❌ 三種策略皆失敗
[2026-08-18 08:14:15] [3214/5921] 東興宮 (Attraction_382000000A_110978)
[2026-08-18 08:14:22]    (透過策略2成功)
[2026-08-18 08:14:22]    ✅ 成功抓到 7 筆時段
[2026-08-18 08:14:24] [3215/5921] 淡水渡船頭 (Attraction_382000000A_111403)
[2026-08-18 08:14:34]    ❌ 三種策略皆失敗
[2026-08-18 08:14:36] [3216/5921] 彭園 (台陽公司附設醫院) (Attraction_382000000A_111420)
[2026-08-18 08:14:44]    ❌ 三種策略皆失敗
[2026-08-18 08:14:46] [3217/5921] 金瓜石地質公園 (本山礦體) (Attraction_382000000A_111421)
[2026-08-18 08:14:52]    (透過策略2成功)
[2026-08-18 08:14:52]    ✅ 成功抓到 7 筆時段
[2026-08-18 08:14:54] [3218/5921] 九份遊客中心 (Attraction_382000000A_111422)
[2026-08-18 08:14:58]    ✅ 成功抓到 7 筆時段
[2026-08-18 08:15:00] [3219/5921] 十分風景特定區(十分遊客中心) (Attraction_382000000A_111423)
[2026-08-18 08:15:11]    (透過策略2成功)
[2026-08-18 08:15:11]    ✅ 成功抓到 7 筆時段
[2026-08-18 08:15:13] [3220/5921] 德興居(歐里人文咖啡) (Attraction_382000000A_112138)
[2026-08-18 08:15:17]    ✅ 成功抓到 7 筆時段
[2026-08-18 08:15:17]    💾 存檔！已處理 3220/5921 | 成功 2227 | 失敗 993
[2026-08-18 08:15:17]       資料庫共 3387 筆，其中 2370 筆有營業時間
[2026-08-18 08:15:17]       速度 6.8 筆/分鐘 | 預估剩餘 395 分鐘
[2026-08-18 08:15:19] [3221/5921] 猴硐車站 (Attraction_382000000A_112146)
[2026-08-18 08:15:29]    ❌ 三種策略皆失敗
[2026-08-18 08:15:31] [3222/5921] 福隆遊客服務中心 (Attraction_382000000A_112147)
[2026-08-18 08:15:35]    ✅ 成功抓到 7 筆時段
[2026-08-18 08:15:37] [3223/5921] 大羅蘭溪 (Attraction_382000000A_112154)
[2026-08-18 08:15:48]    ❌ 三種策略皆失敗
[2026-08-18 08:15:50] [3224/5921] 平溪藍染工作坊 (Attraction_382000000A_112159)
[2026-08-18 08:15:59]    ✅ 成功抓到 7 筆時段
[2026-08-18 08:16:01] [3225/5921] 燭臺雙嶼 (Attraction_382000000A_112163)
[2026-08-18 08:16:06]    ❌ 三種策略皆失敗
[2026-08-18 08:16:08] [3226/5921] 金溪駐在所 (Attraction_382000000A_112241)
[2026-08-18 08:16:11]    ✅ 成功抓到 7 筆時段
[2026-08-18 08:16:13] [3227/5921] 陳逢顯毫芒雕刻博物館 (Attraction_382000000A_112378)
[2026-08-18 08:17:28]    ✅ 成功抓到 7 筆時段
[2026-08-18 08:17:30] [3228/5921] 陽光運動園區 (Attraction_382000000A_112381)
[2026-08-18 08:17:34]    ✅ 成功抓到 7 筆時段
[2026-08-18 08:17:36] [3229/5921] 甘樂文創展演空間 (Attraction_382000000A_112392)
[2026-08-18 08:17:43]    (透過策略2成功)
[2026-08-18 08:17:43]    ✅ 成功抓到 7 筆時段
[2026-08-18 08:17:45] [3230/5921] 府中15新北市動畫故事館暨新北市紀錄片放映院 (Attraction_382000000A_112404)
[2026-08-18 08:17:50]    ❌ 三種策略皆失敗
[2026-08-18 08:17:50]    💾 存檔！已處理 3230/5921 | 成功 2233 | 失敗 997
[2026-08-18 08:17:50]       資料庫共 3397 筆，其中 2376 筆有營業時間
[2026-08-18 08:17:50]       速度 6.8 筆/分鐘 | 預估剩餘 395 分鐘
[2026-08-18 08:17:52] [3231/5921] 汪洋居古厝 (Attraction_382000000A_112412)
[2026-08-18 08:17:56]    ✅ 成功抓到 7 筆時段
[2026-08-18 08:17:58] [3232/5921] 三個磅空自行車道 (Attraction_382000000A_112420)
[2026-08-18 08:18:01]    ✅ 成功抓到 7 筆時段
[2026-08-18 08:18:03] [3233/5921] 猴硐貓橋 (Attraction_382000000A_112430)
[2026-08-18 08:18:07]    ✅ 成功抓到 7 筆時段
[2026-08-18 08:18:09] [3234/5921] 烏來瀑布遊客中心 (Attraction_382000000A_112492)
[2026-08-18 08:18:15]    (透過策略2成功)
[2026-08-18 08:18:15]    ✅ 成功抓到 7 筆時段
[2026-08-18 08:18:17] [3235/5921] 土城區原住民族生態公園 (Attraction_382000000A_112494)
[2026-08-18 08:18:21]    ✅ 成功抓到 7 筆時段
[2026-08-18 08:18:23] [3236/5921] 樹林原住民主題部落公園 (Attraction_382000000A_112496)
[2026-08-18 08:18:32]    ✅ 成功抓到 7 筆時段
[2026-08-18 08:18:34] [3237/5921] 米靈岸音樂劇場 (Attraction_382000000A_112500)
[2026-08-18 08:18:44]    ❌ 三種策略皆失敗
[2026-08-18 08:18:46] [3238/5921] 菁桐電子天燈館 (Attraction_382000000A_112529)
[2026-08-18 08:18:52]    ❌ 三種策略皆失敗
[2026-08-18 08:18:54] [3239/5921] 靈鷲山無生道場 (Attraction_382000000A_112548)
[2026-08-18 08:18:58]    ✅ 成功抓到 7 筆時段
[2026-08-18 08:19:00] [3240/5921] 新月橋 (Attraction_382000000A_112549)
[2026-08-18 08:19:04]    ✅ 成功抓到 7 筆時段
[2026-08-18 08:19:04]    💾 存檔！已處理 3240/5921 | 成功 2241 | 失敗 999
[2026-08-18 08:19:04]       資料庫共 3407 筆，其中 2384 筆有營業時間
[2026-08-18 08:19:04]       速度 6.8 筆/分鐘 | 預估剩餘 393 分鐘
[2026-08-18 08:19:06] [3241/5921] 新店溪陽光橋 (Attraction_382000000A_112670)
[2026-08-18 08:19:10]    ✅ 成功抓到 7 筆時段
[2026-08-18 08:19:12] [3242/5921] 吳福洋襪子故事館 (Attraction_382000000A_112672)
[2026-08-18 08:19:16]    ✅ 成功抓到 7 筆時段
[2026-08-18 08:19:18] [3243/5921] 王鼎時間科藝體驗館 (Attraction_382000000A_112673)
[2026-08-18 08:19:21]    ✅ 成功抓到 7 筆時段
[2026-08-18 08:19:23] [3244/5921] 阮的肉干產業概念館 (Attraction_382000000A_112746)
[2026-08-18 08:19:27]    ✅ 成功抓到 7 筆時段
[2026-08-18 08:19:29] [3245/5921] 淡水藝術工坊 (Attraction_382000000A_112783)
[2026-08-18 08:19:33]    ✅ 成功抓到 7 筆時段
[2026-08-18 08:19:35] [3246/5921] 綠光農園 (Attraction_382000000A_112786)
[2026-08-18 08:19:39]    ✅ 成功抓到 7 筆時段
[2026-08-18 08:19:41] [3247/5921] 翡翠茶園 (Attraction_382000000A_112787)
[2026-08-18 08:19:46]    ❌ 三種策略皆失敗
[2026-08-18 08:19:48] [3248/5921] 藍染遊客服務中心 (Attraction_382000000A_112799)
[2026-08-18 08:19:52]    ✅ 成功抓到 7 筆時段
[2026-08-18 08:19:54] [3249/5921] 貂山古道(無緣之墓登山步道) (Attraction_382000000A_112838)
[2026-08-18 08:19:58]    ✅ 成功抓到 7 筆時段
[2026-08-18 08:20:00] [3250/5921] 雲門劇場 (Attraction_382000000A_112866)
[2026-08-18 08:20:11]    ❌ 三種策略皆失敗
[2026-08-18 08:20:11]    💾 存檔！已處理 3250/5921 | 成功 2249 | 失敗 1001
[2026-08-18 08:20:11]       資料庫共 3417 筆，其中 2392 筆有營業時間
[2026-08-18 08:20:11]       速度 6.8 筆/分鐘 | 預估剩餘 391 分鐘
[2026-08-18 08:20:13] [3251/5921] 基隆山步道 (Attraction_382000000A_112882)
[2026-08-18 08:20:17]    ✅ 成功抓到 7 筆時段
[2026-08-18 08:20:19] [3252/5921] 磅坑口 (Attraction_382000000A_112887)
[2026-08-18 08:20:24]    ❌ 三種策略皆失敗
[2026-08-18 08:20:26] [3253/5921] 本山五坑 (Attraction_382000000A_112913)
[2026-08-18 08:20:37]    (透過策略2成功)
[2026-08-18 08:20:37]    ✅ 成功抓到 7 筆時段
[2026-08-18 08:20:39] [3254/5921] 樹梅坪古道 (Attraction_382000000A_112926)
[2026-08-18 08:20:43]    ✅ 成功抓到 7 筆時段
[2026-08-18 08:20:45] [3255/5921] 大粗坑古道 (Attraction_382000000A_112966)
[2026-08-18 08:20:50]    ❌ 三種策略皆失敗
[2026-08-18 08:20:52] [3256/5921] 淡水金色水岸 (Attraction_382000000A_209657)
[2026-08-18 08:20:56]    ✅ 成功抓到 7 筆時段
[2026-08-18 08:20:58] [3257/5921] 三才靈芝農場 (Attraction_382000000A_209954)
[2026-08-18 08:21:04]    ❌ 三種策略皆失敗
[2026-08-18 08:21:06] [3258/5921] 望古瀑布 (Attraction_382000000A_302751)
[2026-08-18 08:21:09]    ✅ 成功抓到 7 筆時段
[2026-08-18 08:21:11] [3259/5921] 雙溪渡船頭 (Attraction_382000000A_302752)
[2026-08-18 08:21:15]    ✅ 成功抓到 7 筆時段
[2026-08-18 08:21:17] [3260/5921] 新板特區 (Attraction_382000000A_302753)
[2026-08-18 08:21:21]    ✅ 成功抓到 7 筆時段
[2026-08-18 08:21:21]    💾 存檔！已處理 3260/5921 | 成功 2256 | 失敗 1004
[2026-08-18 08:21:21]       資料庫共 3427 筆，其中 2399 筆有營業時間
[2026-08-18 08:21:21]       速度 6.8 筆/分鐘 | 預估剩餘 389 分鐘
[2026-08-18 08:21:23] [3261/5921] 舊草嶺環狀自行車道 (Attraction_382000000A_302757)
[2026-08-18 08:21:28]    ❌ 三種策略皆失敗
[2026-08-18 08:21:30] [3262/5921] 新北市市民廣場 (Attraction_382000000A_302758)
[2026-08-18 08:21:39]    ✅ 成功抓到 7 筆時段
[2026-08-18 08:21:41] [3263/5921] 猴硐貓公所 (Attraction_382000000A_302759)
[2026-08-18 08:21:45]    ✅ 成功抓到 7 筆時段
[2026-08-18 08:21:47] [3264/5921] 淡蘭吊橋(外按古道) (Attraction_382000000A_302763)
[2026-08-18 08:21:56]    (透過策略3成功)
[2026-08-18 08:21:56]    ✅ 成功抓到 7 筆時段
[2026-08-18 08:21:58] [3265/5921] 草嶺古道 (Attraction_382000000A_302764)
[2026-08-18 08:22:11]    (透過策略2成功)
[2026-08-18 08:22:11]    ✅ 成功抓到 7 筆時段
[2026-08-18 08:22:13] [3266/5921] 三貂嶺瀑布步道 (Attraction_382000000A_302768)
[2026-08-18 08:22:17]    ✅ 成功抓到 7 筆時段
[2026-08-18 08:22:19] [3267/5921] 嶺腳寮山登山步道 (Attraction_382000000A_302769)
[2026-08-18 08:22:24]    ❌ 三種策略皆失敗
[2026-08-18 08:22:26] [3268/5921] 得忌利士商行 (Attraction_382000000A_400297)
[2026-08-18 08:22:30]    ✅ 成功抓到 7 筆時段
[2026-08-18 08:22:32] [3269/5921] 新北市立圖書館 (Attraction_382000000A_400300)
[2026-08-18 08:23:57]    (透過策略2成功)
[2026-08-18 08:23:57]    ✅ 成功抓到 7 筆時段
[2026-08-18 08:23:59] [3270/5921] 鴨鴨公園 (Attraction_382000000A_400311)
[2026-08-18 08:24:03]    ✅ 成功抓到 7 筆時段
[2026-08-18 08:24:03]    💾 存檔！已處理 3270/5921 | 成功 2264 | 失敗 1006
[2026-08-18 08:24:03]       資料庫共 3437 筆，其中 2407 筆有營業時間
[2026-08-18 08:24:03]       速度 6.8 筆/分鐘 | 預估剩餘 389 分鐘
[2026-08-18 08:24:05] [3271/5921] 中和恐龍園區 (Attraction_382000000A_400312)
[2026-08-18 08:24:09]    ✅ 成功抓到 7 筆時段
[2026-08-18 08:24:11] [3272/5921] 鐵道地景公園 (Attraction_382000000A_402118)
[2026-08-18 08:24:17]    (透過策略2成功)
[2026-08-18 08:24:17]    ✅ 成功抓到 7 筆時段
[2026-08-18 08:24:19] [3273/5921] 瑞芳老街 (Attraction_382000000A_402150)
[2026-08-18 08:24:28]    ✅ 成功抓到 7 筆時段
[2026-08-18 08:24:30] [3274/5921] 土城藝文館 (Attraction_382000000A_402213)
[2026-08-18 08:24:34]    ✅ 成功抓到 7 筆時段
[2026-08-18 08:24:36] [3275/5921] 太極嶺 (Attraction_382000000A_402214)
[2026-08-18 08:24:45]    ✅ 成功抓到 7 筆時段
[2026-08-18 08:24:47] [3276/5921] 星光橋 (Attraction_382000000A_402217)
[2026-08-18 08:24:51]    ✅ 成功抓到 7 筆時段
[2026-08-18 08:24:53] [3277/5921] 北勢溪自行車道 (Attraction_382000000A_402220)
[2026-08-18 08:26:09]    ✅ 成功抓到 7 筆時段
[2026-08-18 08:26:11] [3278/5921] 淡水漁人舞台 (Attraction_382000000A_402222)
[2026-08-18 08:26:14]    ✅ 成功抓到 7 筆時段
[2026-08-18 08:26:16] [3279/5921] 三芝田心子 (Attraction_382000000A_402250)
[2026-08-18 08:26:20]    ✅ 成功抓到 7 筆時段
[2026-08-18 08:26:22] [3280/5921] 野柳里登山步道 (Attraction_382000000A_402251)
[2026-08-18 08:26:26]    ✅ 成功抓到 7 筆時段
[2026-08-18 08:26:26]    💾 存檔！已處理 3280/5921 | 成功 2274 | 失敗 1006
[2026-08-18 08:26:26]       資料庫共 3447 筆，其中 2417 筆有營業時間
[2026-08-18 08:26:26]       速度 6.8 筆/分鐘 | 預估剩餘 388 分鐘
[2026-08-18 08:26:28] [3281/5921] 和美山登山步道 (Attraction_382000000A_402304)
[2026-08-18 08:26:33]    ❌ 三種策略皆失敗
[2026-08-18 08:26:35] [3282/5921] 泰平假日農夫市集(壽山宮假日農夫市集) (Attraction_382000000A_402318)
[2026-08-18 08:26:43]    ❌ 三種策略皆失敗
[2026-08-18 08:26:45] [3283/5921] 楓樹湖 (Attraction_382000000A_402390)
[2026-08-18 08:26:50]    ❌ 三種策略皆失敗
[2026-08-18 08:26:52] [3284/5921] 芝蘭公園海上觀景平台 (Attraction_382000000A_402418)
[2026-08-18 08:26:55]    ✅ 成功抓到 7 筆時段
[2026-08-18 08:26:57] [3285/5921] 火燄山系步道 (Attraction_382000000A_402575)
[2026-08-18 08:27:04]    ❌ 三種策略皆失敗
[2026-08-18 08:27:06] [3286/5921] 承天禪寺步道 (Attraction_382000000A_402580)
[2026-08-18 08:27:10]    ✅ 成功抓到 7 筆時段
[2026-08-18 08:27:12] [3287/5921] 烘爐地登山步道 (Attraction_382000000A_402583)
[2026-08-18 08:27:17]    ❌ 三種策略皆失敗
[2026-08-18 08:27:19] [3288/5921] 銀河洞登山步道 (Attraction_382000000A_402655)
[2026-08-18 08:27:24]    ❌ 三種策略皆失敗
[2026-08-18 08:27:26] [3289/5921] 鶯歌百年大榕樹 (Attraction_382000000A_402673)
[2026-08-18 08:27:30]    ✅ 成功抓到 7 筆時段
[2026-08-18 08:27:32] [3290/5921] 陀彌天 紫竹林寺 (Attraction_382000000A_402690)
[2026-08-18 08:27:35]    ✅ 成功抓到 7 筆時段
[2026-08-18 08:27:35]    💾 存檔！已處理 3290/5921 | 成功 2278 | 失敗 1012
[2026-08-18 08:27:35]       資料庫共 3457 筆，其中 2421 筆有營業時間
[2026-08-18 08:27:35]       速度 6.8 筆/分鐘 | 預估剩餘 387 分鐘
[2026-08-18 08:27:38] [3291/5921] 板橋放送所 (Attraction_382000000A_402691)
[2026-08-18 08:27:41]    ✅ 成功抓到 7 筆時段
[2026-08-18 08:27:43] [3292/5921] 桃源谷 (Attraction_382000000A_402692)
[2026-08-18 08:27:48]    ❌ 三種策略皆失敗
[2026-08-18 08:27:50] [3293/5921] 樂福卡丁小型賽車場 (Attraction_382000000A_402770)
[2026-08-18 08:27:54]    ✅ 成功抓到 7 筆時段
[2026-08-18 08:27:56] [3294/5921] 萊萊地質區 (Attraction_382000000A_402785)
[2026-08-18 08:28:01]    ❌ 三種策略皆失敗
[2026-08-18 08:28:03] [3295/5921] 淡水重建街 (Attraction_382000000A_402787)
[2026-08-18 08:28:08]    ❌ 三種策略皆失敗
[2026-08-18 08:28:10] [3296/5921] 國立臺灣圖書館 (Attraction_382000000A_402791)
[2026-08-18 08:28:14]    ✅ 成功抓到 7 筆時段
[2026-08-18 08:28:16] [3297/5921] 石門嵩山社區百年石砌梯田 (Attraction_382000000A_402835)
[2026-08-18 08:28:27]    (透過策略2成功)
[2026-08-18 08:28:27]    ✅ 成功抓到 7 筆時段
[2026-08-18 08:28:29] [3298/5921] 新北市立圖書館林口分館 (Attraction_382000000A_402836)
[2026-08-18 08:28:33]    ✅ 成功抓到 7 筆時段
[2026-08-18 08:28:35] [3299/5921] 新北市立圖書館林口東勢閱讀室 (Attraction_382000000A_402837)
[2026-08-18 08:28:39]    ✅ 成功抓到 7 筆時段
[2026-08-18 08:28:41] [3300/5921] 幸運草地景溜滑梯 (Attraction_382000000A_402867)
[2026-08-18 08:28:45]    ✅ 成功抓到 7 筆時段
[2026-08-18 08:28:45]    💾 存檔！已處理 3300/5921 | 成功 2285 | 失敗 1015
[2026-08-18 08:28:45]       資料庫共 3467 筆，其中 2428 筆有營業時間
[2026-08-18 08:28:45]       速度 6.8 筆/分鐘 | 預估剩餘 385 分鐘
[2026-08-18 08:28:47] [3301/5921] 滬尾櫻花大道 (Attraction_382000000A_402891)
[2026-08-18 08:28:51]    ✅ 成功抓到 7 筆時段
[2026-08-18 08:28:53] [3302/5921] 興南夜市 (Attraction_382000000A_402920)
[2026-08-18 08:28:57]    ✅ 成功抓到 7 筆時段
[2026-08-18 08:28:59] [3303/5921] 湳仔溝鐵馬驛站 (Attraction_382000000A_402933)
[2026-08-18 08:29:03]    ✅ 成功抓到 7 筆時段
[2026-08-18 08:29:05] [3304/5921] 辰光橋 (Attraction_382000000A_402934)
[2026-08-18 08:29:09]    ✅ 成功抓到 7 筆時段
[2026-08-18 08:29:11] [3305/5921] 新北市滬尾防災宣導主題館 (Attraction_382000000A_402944)
[2026-08-18 08:29:15]    ✅ 成功抓到 7 筆時段
[2026-08-18 08:29:17] [3306/5921] 陳萬乞古厝 (Attraction_382000000A_403016)
[2026-08-18 08:29:21]    ✅ 成功抓到 7 筆時段
[2026-08-18 08:29:23] [3307/5921] 員山公園 (Attraction_382000000A_403022)
[2026-08-18 08:29:30]    (透過策略2成功)
[2026-08-18 08:29:30]    ✅ 成功抓到 7 筆時段
[2026-08-18 08:29:32] [3308/5921] 滬尾藝文休閒園區 (Attraction_382000000A_403025)
[2026-08-18 08:29:37]    ❌ 三種策略皆失敗
[2026-08-18 08:29:39] [3309/5921] 中港大排親水步道 (Attraction_382000000A_403026)
[2026-08-18 08:29:43]    ✅ 成功抓到 7 筆時段
[2026-08-18 08:29:45] [3310/5921] 汪汪地瓜園產業故事館 (Attraction_382000000A_403062)
[2026-08-18 08:29:49]    ✅ 成功抓到 7 筆時段
[2026-08-18 08:29:49]    💾 存檔！已處理 3310/5921 | 成功 2294 | 失敗 1016
[2026-08-18 08:29:49]       資料庫共 3477 筆，其中 2437 筆有營業時間
[2026-08-18 08:29:49]       速度 6.8 筆/分鐘 | 預估剩餘 383 分鐘
[2026-08-18 08:29:51] [3311/5921] 文山煤礦公車站 (Attraction_382000000A_403065)
[2026-08-18 08:29:57]    策略1失敗，嘗試下一個...
[2026-08-18 08:30:05]    ❌ 三種策略皆失敗
[2026-08-18 08:30:07] [3312/5921] 國立臺北大學 (Attraction_382000000A_403091)
[2026-08-18 08:30:11]    ✅ 成功抓到 7 筆時段
[2026-08-18 08:30:13] [3313/5921] 八里十三行文化公園 (Attraction_382000000A_403100)
[2026-08-18 08:30:17]    ✅ 成功抓到 7 筆時段
[2026-08-18 08:30:19] [3314/5921] 王子創意文具國 (Attraction_382000000A_403101)
[2026-08-18 08:30:23]    ✅ 成功抓到 7 筆時段
[2026-08-18 08:30:25] [3315/5921] 安美得傷口照護產業文化館 (Attraction_382000000A_403102)
[2026-08-18 08:30:29]    ✅ 成功抓到 7 筆時段
[2026-08-18 08:30:31] [3316/5921] 聖瑪莉丹麥麵包莊園 (Attraction_382000000A_403104)
[2026-08-18 08:30:35]    ✅ 成功抓到 7 筆時段
[2026-08-18 08:30:37] [3317/5921] 坪林茶產業文化館 (Attraction_382000000A_403106)
[2026-08-18 08:30:42]    ❌ 三種策略皆失敗
[2026-08-18 08:30:44] [3318/5921] 香帥蛋糕芋製所 (Attraction_382000000A_403107)
[2026-08-18 08:30:48]    ✅ 成功抓到 7 筆時段
[2026-08-18 08:30:50] [3319/5921] 白雲派出所 (Attraction_382000000A_403115)
[2026-08-18 08:30:54]    ✅ 成功抓到 7 筆時段
[2026-08-18 08:30:56] [3320/5921] 新旺集瓷 (Attraction_382000000A_403122)
[2026-08-18 08:31:00]    ✅ 成功抓到 7 筆時段
[2026-08-18 08:31:00]    💾 存檔！已處理 3320/5921 | 成功 2302 | 失敗 1018
[2026-08-18 08:31:00]       資料庫共 3487 筆，其中 2445 筆有營業時間
[2026-08-18 08:31:00]       速度 6.8 筆/分鐘 | 預估剩餘 381 分鐘
[2026-08-18 08:31:02] [3321/5921] 三空泉登山步道 (Attraction_382000000A_403158)
[2026-08-18 08:31:17]    ❌ 三種策略皆失敗
[2026-08-18 08:31:19] [3322/5921] 陽明山天籟渡假酒店 (Attraction_382000000A_403238)
[2026-08-18 08:31:25]    ❌ 三種策略皆失敗
[2026-08-18 08:31:27] [3323/5921] 泰山森林書屋 (Attraction_382000000A_403279)
[2026-08-18 08:31:31]    ✅ 成功抓到 7 筆時段
[2026-08-18 08:31:33] [3324/5921] 錦繡莊文化園區 (Attraction_382000000A_403283)
[2026-08-18 08:31:37]    ✅ 成功抓到 7 筆時段
[2026-08-18 08:31:39] [3325/5921] 中山溫泉公園 (Attraction_382000000A_403288)
[2026-08-18 08:31:43]    ✅ 成功抓到 7 筆時段
[2026-08-18 08:31:45] [3326/5921] Mitsui Outlet Park 林口 (Attraction_382000000A_403309)
[2026-08-18 08:31:49]    ✅ 成功抓到 7 筆時段
[2026-08-18 08:31:51] [3327/5921] 卡滋爆米花 (Attraction_382000000A_403310)
[2026-08-18 08:32:01]    ✅ 成功抓到 7 筆時段
[2026-08-18 08:32:03] [3328/5921] 高家繡球花田-第三園區 (Attraction_382000000A_403312)
[2026-08-18 08:32:07]    ✅ 成功抓到 7 筆時段
[2026-08-18 08:32:09] [3329/5921] 牡丹老街 (Attraction_382000000A_403313)
[2026-08-18 08:32:13]    ✅ 成功抓到 7 筆時段
[2026-08-18 08:32:15] [3330/5921] 公司田溪自行車道 (Attraction_382000000A_403314)
[2026-08-18 08:32:24]    ✅ 成功抓到 7 筆時段
[2026-08-18 08:32:24]    💾 存檔！已處理 3330/5921 | 成功 2310 | 失敗 1020
[2026-08-18 08:32:24]       資料庫共 3497 筆，其中 2453 筆有營業時間
[2026-08-18 08:32:24]       速度 6.8 筆/分鐘 | 預估剩餘 380 分鐘
[2026-08-18 08:32:26] [3331/5921] 螃蟹主題公園 (Attraction_382000000A_403315)
[2026-08-18 08:32:30]    ✅ 成功抓到 7 筆時段
[2026-08-18 08:32:32] [3332/5921] 野柳保安宮 (Attraction_382000000A_403316)
[2026-08-18 08:32:36]    ✅ 成功抓到 7 筆時段
[2026-08-18 08:32:38] [3333/5921] 猴硐壺穴 (Attraction_382000000A_403317)
[2026-08-18 08:32:42]    ✅ 成功抓到 7 筆時段
[2026-08-18 08:32:44] [3334/5921] 瑞猴自行車道 (Attraction_382000000A_403318)
[2026-08-18 08:32:49]    ❌ 三種策略皆失敗
[2026-08-18 08:32:51] [3335/5921] 磺清大橋 (Attraction_382000000A_403319)
[2026-08-18 08:32:55]    ✅ 成功抓到 7 筆時段
[2026-08-18 08:32:57] [3336/5921] 磺港公共浴室(黃金之湯) (Attraction_382000000A_403320)
[2026-08-18 08:33:11]    (透過策略3成功)
[2026-08-18 08:33:11]    ✅ 成功抓到 7 筆時段
[2026-08-18 08:33:13] [3337/5921] 柚花香道 (Attraction_382000000A_403321)
[2026-08-18 08:33:17]    ✅ 成功抓到 7 筆時段
[2026-08-18 08:33:19] [3338/5921] 新北市衝浪運動教育園區 (Attraction_382000000A_403322)
[2026-08-18 08:33:24]    ❌ 三種策略皆失敗
[2026-08-18 08:33:26] [3339/5921] 三貂嶺生態友善隧道 (Attraction_382000000A_403323)
[2026-08-18 08:34:54]    (透過策略2成功)
[2026-08-18 08:34:54]    ✅ 成功抓到 7 筆時段
[2026-08-18 08:34:56] [3340/5921] 和美漁港 (Attraction_382000000A_403324)
[2026-08-18 08:36:19]    ❌ 三種策略皆失敗
[2026-08-18 08:36:19]    💾 存檔！已處理 3340/5921 | 成功 2317 | 失敗 1023
[2026-08-18 08:36:19]       資料庫共 3507 筆，其中 2460 筆有營業時間
[2026-08-18 08:36:19]       速度 6.8 筆/分鐘 | 預估剩餘 380 分鐘
[2026-08-18 08:36:22] [3341/5921] 橫山梯田 (Attraction_382000000A_403330)
[2026-08-18 08:36:27]    ❌ 三種策略皆失敗
[2026-08-18 08:36:29] [3342/5921] 鶯歌陶趣家馬賽克DIY工坊 (Attraction_382000000A_403331)
[2026-08-18 08:36:33]    ✅ 成功抓到 7 筆時段
[2026-08-18 08:36:35] [3343/5921] 猴硐 (Attraction_382000000A_403332)
[2026-08-18 08:36:40]    ❌ 三種策略皆失敗
[2026-08-18 08:36:42] [3344/5921] 金瓜寮溪自行車道 (Attraction_382000000A_403333)
[2026-08-18 08:36:46]    ✅ 成功抓到 7 筆時段
[2026-08-18 08:36:48] [3345/5921] 臺華窯 (Attraction_382000000A_403334)
[2026-08-18 08:36:56]    ✅ 成功抓到 7 筆時段
[2026-08-18 08:36:58] [3346/5921] 四腳亭砲台 (Attraction_382000000A_403335)
[2026-08-18 08:37:02]    ✅ 成功抓到 7 筆時段
[2026-08-18 08:37:04] [3347/5921] 觀音巖警報鐘亭 (Attraction_382000000A_403336)
[2026-08-18 08:37:10]    ✅ 成功抓到 7 筆時段
[2026-08-18 08:37:12] [3348/5921] 敢部隊指揮部碉堡遺址(文史影像公園) (Attraction_382000000A_403337)
[2026-08-18 08:38:34]    ❌ 三種策略皆失敗
[2026-08-18 08:38:36] [3349/5921] 鹽寮抗日紀念碑 (Attraction_382000000A_403339)
[2026-08-18 08:38:40]    ✅ 成功抓到 7 筆時段
[2026-08-18 08:38:42] [3350/5921] 迪毅堂 (Attraction_382000000A_403340)
[2026-08-18 08:38:45]    ✅ 成功抓到 7 筆時段
[2026-08-18 08:38:45]    💾 存檔！已處理 3350/5921 | 成功 2324 | 失敗 1026
[2026-08-18 08:38:45]       資料庫共 3517 筆，其中 2467 筆有營業時間
[2026-08-18 08:38:45]       速度 6.8 筆/分鐘 | 預估剩餘 380 分鐘
[2026-08-18 08:38:47] [3351/5921] 燦光寮古道 (Attraction_382000000A_403341)
[2026-08-18 08:38:51]    ✅ 成功抓到 7 筆時段
[2026-08-18 08:38:53] [3352/5921] 鎮南宮 (Attraction_382000000A_403343)
[2026-08-18 08:38:59]    ❌ 三種策略皆失敗
[2026-08-18 08:39:01] [3353/5921] 白雞行修宮 (Attraction_382000000A_403344)
[2026-08-18 08:39:10]    ✅ 成功抓到 7 筆時段
[2026-08-18 08:39:12] [3354/5921] 烏來覽勝大橋 (Attraction_382000000A_403409)
[2026-08-18 08:39:15]    ✅ 成功抓到 7 筆時段
[2026-08-18 08:39:17] [3355/5921] 四分尾山 (Attraction_382000000A_403410)
[2026-08-18 08:39:21]    ✅ 成功抓到 7 筆時段
[2026-08-18 08:39:23] [3356/5921] 漳和濕地 (Attraction_382000000A_403412)
[2026-08-18 08:39:27]    ✅ 成功抓到 7 筆時段
[2026-08-18 08:39:29] [3357/5921] 國旗嶺 (Attraction_382000000A_403413)
[2026-08-18 08:39:38]    ✅ 成功抓到 7 筆時段
[2026-08-18 08:39:40] [3358/5921] 南勢崗公園 (Attraction_382000000A_403417)
[2026-08-18 08:39:45]    ❌ 三種策略皆失敗
[2026-08-18 08:39:47] [3359/5921] 汐止金龍湖環湖步道 (Attraction_382000000A_403418)
[2026-08-18 08:39:53]    ❌ 三種策略皆失敗
[2026-08-18 08:39:55] [3360/5921] 金龍山北峰寺 (Attraction_382000000A_403419)
[2026-08-18 08:41:18]    ✅ 成功抓到 7 筆時段
[2026-08-18 08:41:18]    💾 存檔！已處理 3360/5921 | 成功 2331 | 失敗 1029
[2026-08-18 08:41:18]       資料庫共 3527 筆，其中 2474 筆有營業時間
[2026-08-18 08:41:18]       速度 6.8 筆/分鐘 | 預估剩餘 379 分鐘
[2026-08-18 08:41:20] [3361/5921] 內溝山 翠湖步道 (Attraction_382000000A_403420)
[2026-08-18 08:41:24]    ✅ 成功抓到 7 筆時段
[2026-08-18 08:41:26] [3362/5921] 錦和運動公園 (Attraction_382000000A_403421)
[2026-08-18 08:42:46]    ✅ 成功抓到 7 筆時段
[2026-08-18 08:42:48] [3363/5921] 觀音山遊客中心 (Attraction_382000000A_403422)
[2026-08-18 08:44:13]    (透過策略2成功)
[2026-08-18 08:44:13]    ✅ 成功抓到 7 筆時段
[2026-08-18 08:44:15] [3364/5921] 馬偕紀念館 (Attraction_382000000A_403423)
[2026-08-18 08:44:20]    ❌ 三種策略皆失敗
[2026-08-18 08:44:22] [3365/5921] 野柳海洋世界 (Attraction_382000000A_403424)
[2026-08-18 08:44:26]    ✅ 成功抓到 7 筆時段
[2026-08-18 08:44:28] [3366/5921] 土城媽祖田運動公園 (Attraction_382000000A_403425)
[2026-08-18 08:45:47]    ✅ 成功抓到 7 筆時段
[2026-08-18 08:45:49] [3367/5921] 碧華寺 (Attraction_382000000A_403426)
[2026-08-18 08:45:58]    ✅ 成功抓到 7 筆時段
[2026-08-18 08:46:00] [3368/5921] 八里左岸公園 (Attraction_382000000A_403427)
[2026-08-18 08:46:05]    ❌ 三種策略皆失敗
[2026-08-18 08:46:07] [3369/5921] 八里渡船頭公園 (Attraction_382000000A_403428)
[2026-08-18 08:47:34]    (透過策略2成功)
[2026-08-18 08:47:34]    ✅ 成功抓到 7 筆時段
[2026-08-18 08:47:36] [3370/5921] 八里商港公園 (Attraction_382000000A_403429)
[2026-08-18 08:47:40]    ✅ 成功抓到 7 筆時段
[2026-08-18 08:47:40]    💾 存檔！已處理 3370/5921 | 成功 2339 | 失敗 1031
[2026-08-18 08:47:40]       資料庫共 3537 筆，其中 2482 筆有營業時間
[2026-08-18 08:47:40]       速度 6.7 筆/分鐘 | 預估剩餘 381 分鐘
[2026-08-18 08:47:42] [3371/5921] 浮洲遊戲場 (Attraction_382000000A_403472)
[2026-08-18 08:47:46]    ✅ 成功抓到 7 筆時段
[2026-08-18 08:47:48] [3372/5921] 下罟子漁港 (Attraction_382000000A_403473)
[2026-08-18 08:47:53]    ❌ 三種策略皆失敗
[2026-08-18 08:47:55] [3373/5921] 宏匯廣場 (Attraction_382000000A_403478)
[2026-08-18 08:47:59]    ✅ 成功抓到 7 筆時段
[2026-08-18 08:48:01] [3374/5921] 新莊晶冠廣場 (Attraction_382000000A_403479)
[2026-08-18 08:48:07]    ❌ 三種策略皆失敗
[2026-08-18 08:48:09] [3375/5921] 板樹體育館 (Attraction_382000000A_403480)
[2026-08-18 08:48:14]    ❌ 三種策略皆失敗
[2026-08-18 08:48:16] [3376/5921] 新莊青年公園(牡丹心生態公園) (Attraction_382000000A_403481)
[2026-08-18 08:48:25]    ✅ 成功抓到 7 筆時段
[2026-08-18 08:48:27] [3377/5921] 國家電影及視聽文化中心 (Attraction_382000000A_403482)
[2026-08-18 08:48:31]    ✅ 成功抓到 7 筆時段
[2026-08-18 08:48:33] [3378/5921] 湧蓮寺 (Attraction_382000000A_403483)
[2026-08-18 08:48:42]    ✅ 成功抓到 7 筆時段
[2026-08-18 08:48:44] [3379/5921] 汐止星際遊戲場 (Attraction_382000000A_403484)
[2026-08-18 08:48:50]    ❌ 三種策略皆失敗
[2026-08-18 08:48:52] [3380/5921] 新莊體育園區 (Attraction_382000000A_403485)
[2026-08-18 08:49:03]    (透過策略2成功)
[2026-08-18 08:49:03]    ✅ 成功抓到 7 筆時段
[2026-08-18 08:49:03]    💾 存檔！已處理 3380/5921 | 成功 2345 | 失敗 1035
[2026-08-18 08:49:03]       資料庫共 3547 筆，其中 2488 筆有營業時間
[2026-08-18 08:49:03]       速度 6.7 筆/分鐘 | 預估剩餘 380 分鐘
[2026-08-18 08:49:05] [3381/5921] 願景館 (Attraction_382000000A_403486)
[2026-08-18 08:50:27]    ❌ 三種策略皆失敗
[2026-08-18 08:50:29] [3382/5921] 塭仔底溼地公園 (Attraction_382000000A_403487)
[2026-08-18 08:50:33]    ✅ 成功抓到 7 筆時段
[2026-08-18 08:50:35] [3383/5921] 水牛坑(水牛坑越野場地) (Attraction_382000000A_403490)
[2026-08-18 08:50:39]    ✅ 成功抓到 7 筆時段
[2026-08-18 08:50:41] [3384/5921] 水碓觀景公園 (Attraction_382000000A_403491)
[2026-08-18 08:50:45]    ✅ 成功抓到 7 筆時段
[2026-08-18 08:50:47] [3385/5921] 龍泉溪系步道 (Attraction_382000000A_403492)
[2026-08-18 08:50:56]    ✅ 成功抓到 7 筆時段
[2026-08-18 08:50:58] [3386/5921] 二格山系步道 (Attraction_382000000A_403494)
[2026-08-18 08:51:07]    ✅ 成功抓到 7 筆時段
[2026-08-18 08:51:09] [3387/5921] 菁桐古道 (Attraction_382000000A_403495)
[2026-08-18 08:51:13]    ✅ 成功抓到 7 筆時段
[2026-08-18 08:51:15] [3388/5921] 大崎嶺登山步道 (Attraction_382000000A_403496)
[2026-08-18 08:51:18]    ✅ 成功抓到 7 筆時段
[2026-08-18 08:51:20] [3389/5921] 光明山稜線 (Attraction_382000000A_403497)
[2026-08-18 08:51:24]    ✅ 成功抓到 7 筆時段
[2026-08-18 08:51:26] [3390/5921] HA SOCK襪子娃娃專賣店 (Attraction_382000000A_403498)
[2026-08-18 08:52:53]    ❌ 三種策略皆失敗
[2026-08-18 08:52:54]    💾 存檔！已處理 3390/5921 | 成功 2353 | 失敗 1037
[2026-08-18 08:52:54]       資料庫共 3557 筆，其中 2496 筆有營業時間
[2026-08-18 08:52:54]       速度 6.7 筆/分鐘 | 預估剩餘 380 分鐘
[2026-08-18 08:52:56] [3391/5921] 猴硐遊客中心 (Attraction_382000000A_403499)
[2026-08-18 08:53:00]    ✅ 成功抓到 7 筆時段
[2026-08-18 08:53:02] [3392/5921] 猴硐神社 (Attraction_382000000A_403500)
[2026-08-18 08:53:06]    ✅ 成功抓到 7 筆時段
[2026-08-18 08:53:08] [3393/5921] 福龍海洋驛站 (Attraction_382000000A_403516)
[2026-08-18 08:53:13]    ❌ 三種策略皆失敗
[2026-08-18 08:53:15] [3394/5921] 龍門吊橋 (Attraction_382000000A_403517)
[2026-08-18 08:53:19]    ✅ 成功抓到 7 筆時段
[2026-08-18 08:53:21] [3395/5921] 鮮物本鋪 (Attraction_382000000A_403518)
[2026-08-18 08:53:25]    ✅ 成功抓到 7 筆時段
[2026-08-18 08:53:27] [3396/5921] 斬龍山遺址文化公園 (Attraction_382000000A_403519)
[2026-08-18 08:53:31]    ✅ 成功抓到 7 筆時段
[2026-08-18 08:53:33] [3397/5921] 安心橋 (Attraction_382000000A_403520)
[2026-08-18 08:53:37]    ✅ 成功抓到 7 筆時段
[2026-08-18 08:53:39] [3398/5921] 台灣原住民族企業社(瑪伐流國際工藝社) (Attraction_382000000A_403521)
[2026-08-18 08:53:52]    ❌ 三種策略皆失敗
[2026-08-18 08:53:54] [3399/5921] 萬里大鵬足湯公園 (Attraction_382000000A_403522)
[2026-08-18 08:53:58]    ✅ 成功抓到 7 筆時段
[2026-08-18 08:54:00] [3400/5921] 三芝遊客中心及名人文物館 (Attraction_382000000A_403523)
[2026-08-18 08:54:06]    (透過策略2成功)
[2026-08-18 08:54:06]    ✅ 成功抓到 7 筆時段
[2026-08-18 08:54:06]    💾 存檔！已處理 3400/5921 | 成功 2361 | 失敗 1039
[2026-08-18 08:54:06]       資料庫共 3567 筆，其中 2504 筆有營業時間
[2026-08-18 08:54:06]       速度 6.7 筆/分鐘 | 預估剩餘 378 分鐘
[2026-08-18 08:54:08] [3401/5921] 新北大橋 (Attraction_382000000A_403524)
[2026-08-18 08:54:12]    ✅ 成功抓到 7 筆時段
[2026-08-18 08:54:14] [3402/5921] 五股夏綠地 (Attraction_382000000A_403525)
[2026-08-18 08:55:37]    ✅ 成功抓到 7 筆時段
[2026-08-18 08:55:39] [3403/5921] 南子吝步道 (Attraction_382000000A_403526)
[2026-08-18 08:55:43]    ✅ 成功抓到 7 筆時段
[2026-08-18 08:55:45] [3404/5921] 緣道觀音廟 (Attraction_382000000A_403527)
[2026-08-18 08:55:49]    ✅ 成功抓到 7 筆時段
[2026-08-18 08:55:51] [3405/5921] 安坑輕軌公共藝術 (Attraction_382000000A_403554)
[2026-08-18 08:56:02]    ❌ 三種策略皆失敗
[2026-08-18 08:56:04] [3406/5921] 瑪鋉運動公園 (Attraction_382000000A_403555)
[2026-08-18 08:56:08]    ✅ 成功抓到 7 筆時段
[2026-08-18 08:56:10] [3407/5921] 胡璉故居紀念館 (Attraction_382000000A_403557)
[2026-08-18 08:56:19]    ✅ 成功抓到 7 筆時段
[2026-08-18 08:56:21] [3408/5921] 坪林石雕公園 (Attraction_382000000A_403558)
[2026-08-18 08:56:25]    ✅ 成功抓到 7 筆時段
[2026-08-18 08:56:27] [3409/5921] 鶯歌永吉公園 (Attraction_382000000A_403559)
[2026-08-18 08:56:31]    ✅ 成功抓到 7 筆時段
[2026-08-18 08:56:33] [3410/5921] 新北市美術館 (Attraction_382000000A_403560)
[2026-08-18 08:56:37]    ✅ 成功抓到 7 筆時段
[2026-08-18 08:56:37]    💾 存檔！已處理 3410/5921 | 成功 2370 | 失敗 1040
[2026-08-18 08:56:37]       資料庫共 3577 筆，其中 2513 筆有營業時間
[2026-08-18 08:56:37]       速度 6.7 筆/分鐘 | 預估剩餘 377 分鐘
[2026-08-18 08:56:39] [3411/5921] 鶯歌山水步道 (Attraction_382000000A_403561)
[2026-08-18 08:56:43]    ✅ 成功抓到 7 筆時段
[2026-08-18 08:56:45] [3412/5921] 泰山義學坑步道 (Attraction_382000000A_403562)
[2026-08-18 08:56:50]    ❌ 三種策略皆失敗
[2026-08-18 08:56:52] [3413/5921] 觀音山林梢步道 (Attraction_382000000A_403563)
[2026-08-18 08:56:56]    ✅ 成功抓到 7 筆時段
[2026-08-18 08:56:58] [3414/5921] 遇見雞母嶺 (Attraction_382000000A_403564)
[2026-08-18 08:57:02]    ✅ 成功抓到 7 筆時段
[2026-08-18 08:57:04] [3415/5921] 貢寮老街 (Attraction_382000000A_403565)
[2026-08-18 08:57:10]    ✅ 成功抓到 7 筆時段
[2026-08-18 08:57:12] [3416/5921] 猴硐礦工文史館 (Attraction_382000000A_403575)
[2026-08-18 08:57:16]    ✅ 成功抓到 7 筆時段
[2026-08-18 08:57:18] [3417/5921] 五番坑 (Attraction_382000000A_403576)
[2026-08-18 08:57:22]    ✅ 成功抓到 7 筆時段
[2026-08-18 08:57:24] [3418/5921] 十四張歷史公園 (Attraction_382000000A_403581)
[2026-08-18 08:57:28]    ✅ 成功抓到 7 筆時段
[2026-08-18 08:57:30] [3419/5921] 豐得好食觀光工廠 (Attraction_382000000A_403582)
[2026-08-18 08:57:34]    ✅ 成功抓到 7 筆時段
[2026-08-18 08:57:36] [3420/5921] 臺北榮家韓戰義士史蹟室 (Attraction_382000000A_403583)
[2026-08-18 08:59:03]    ❌ 三種策略皆失敗
[2026-08-18 08:59:03]    💾 存檔！已處理 3420/5921 | 成功 2378 | 失敗 1042
[2026-08-18 08:59:03]       資料庫共 3587 筆，其中 2521 筆有營業時間
[2026-08-18 08:59:03]       速度 6.6 筆/分鐘 | 預估剩餘 376 分鐘
[2026-08-18 08:59:05] [3421/5921] 新北市輪椅夢公園 (Attraction_382000000A_403628)
[2026-08-18 08:59:11]    ❌ 三種策略皆失敗
[2026-08-18 08:59:13] [3422/5921] 葛思悠農場 (Attraction_382000000A_403629)
[2026-08-18 08:59:18]    ❌ 三種策略皆失敗
[2026-08-18 08:59:20] [3423/5921] 鶯歌美食廣場 (Attraction_382000000A_403630)
[2026-08-18 08:59:24]    ✅ 成功抓到 7 筆時段
[2026-08-18 08:59:26] [3424/5921] 龍洞灣海洋公園 (Attraction_382000000A_403631)
[2026-08-18 08:59:30]    ✅ 成功抓到 7 筆時段
[2026-08-18 08:59:32] [3425/5921] 三芝興華驛站 (Attraction_382000000A_403679)
[2026-08-18 08:59:36]    ✅ 成功抓到 7 筆時段
[2026-08-18 08:59:38] [3426/5921] 土城彈藥庫 (Attraction_382000000A_403681)
[2026-08-18 08:59:43]    ❌ 三種策略皆失敗
[2026-08-18 08:59:45] [3427/5921] 雙溪蝙蝠山步道 (Attraction_382000000A_403687)
[2026-08-18 08:59:56]    ❌ 三種策略皆失敗
[2026-08-18 08:59:58] [3428/5921] 信賢步道 (Attraction_382000000A_403688)
[2026-08-18 09:00:02]    ✅ 成功抓到 7 筆時段
[2026-08-18 09:00:04] [3429/5921] 電幻1號所 (Attraction_382000000A_403689)
[2026-08-18 09:00:08]    ✅ 成功抓到 7 筆時段
[2026-08-18 09:00:10] [3430/5921] 湳仔溝生態新樂園 (Attraction_382000000A_403690)
[2026-08-18 09:00:15]    ❌ 三種策略皆失敗
[2026-08-18 09:00:15]    💾 存檔！已處理 3430/5921 | 成功 2383 | 失敗 1047
[2026-08-18 09:00:15]       資料庫共 3597 筆，其中 2526 筆有營業時間
[2026-08-18 09:00:15]       速度 6.6 筆/分鐘 | 預估剩餘 375 分鐘
[2026-08-18 09:00:17] [3431/5921] 碧潭堰 (Attraction_382000000A_403691)
[2026-08-18 09:00:22]    ❌ 三種策略皆失敗
[2026-08-18 09:00:24] [3432/5921] 落羽松秘境 (Attraction_382000000A_403694)
[2026-08-18 09:01:48]    (透過策略2成功)
[2026-08-18 09:01:48]    ✅ 成功抓到 7 筆時段
[2026-08-18 09:01:50] [3433/5921] 魚行驛站 (Attraction_382000000A_403695)
[2026-08-18 09:01:53]    ✅ 成功抓到 7 筆時段
[2026-08-18 09:01:55] [3434/5921] 貢寮環保公園 (Attraction_382000000A_403696)
[2026-08-18 09:01:59]    ✅ 成功抓到 7 筆時段
[2026-08-18 09:02:01] [3435/5921] 新店十四張歷史建築園區 (Attraction_382000000A_403712)
[2026-08-18 09:02:05]    ✅ 成功抓到 7 筆時段
[2026-08-18 09:02:07] [3436/5921] 巫登益美術館 (Attraction_382000000A_403730)
[2026-08-18 09:02:18]    ✅ 成功抓到 7 筆時段
[2026-08-18 09:02:20] [3437/5921] 東澳漁港 (Attraction_382000000A_403731)
[2026-08-18 09:02:25]    ❌ 三種策略皆失敗
[2026-08-18 09:02:27] [3438/5921] Zepp New Taipei (Attraction_382000000A_403749)
[2026-08-18 09:02:33]    ❌ 三種策略皆失敗
[2026-08-18 09:02:35] [3439/5921] 金山遊客中心 (Attraction_382000000A_403750)
[2026-08-18 09:02:39]    ✅ 成功抓到 7 筆時段
[2026-08-18 09:02:41] [3440/5921] 觀音巖步道 (Attraction_382000000A_403757)
[2026-08-18 09:02:46]    ❌ 三種策略皆失敗
[2026-08-18 09:02:46]    💾 存檔！已處理 3440/5921 | 成功 2389 | 失敗 1051
[2026-08-18 09:02:46]       資料庫共 3607 筆，其中 2532 筆有營業時間
[2026-08-18 09:02:46]       速度 6.6 筆/分鐘 | 預估剩餘 374 分鐘
[2026-08-18 09:02:48] [3441/5921] 九芎根親水公園 (Attraction_382000000A_403758)
[2026-08-18 09:02:52]    ✅ 成功抓到 7 筆時段
[2026-08-18 09:02:54] [3442/5921] Lipahak三峽野菜園區 (Attraction_382000000A_403759)
[2026-08-18 09:02:58]    ✅ 成功抓到 7 筆時段
[2026-08-18 09:03:00] [3443/5921] Lipahak三鶯原生態園區 (Attraction_382000000A_403760)
[2026-08-18 09:03:05]    ❌ 三種策略皆失敗
[2026-08-18 09:03:07] [3444/5921] 裕隆城 (Attraction_382000000A_403761)
[2026-08-18 09:03:11]    ✅ 成功抓到 7 筆時段
[2026-08-18 09:03:13] [3445/5921] 國家人權博物館白色恐怖景美紀念園區 (Attraction_382000000A_403762)
[2026-08-18 09:03:17]    ✅ 成功抓到 7 筆時段
[2026-08-18 09:03:19] [3446/5921] 板橋黃石市場 (Attraction_382000000A_403763)
[2026-08-18 09:03:23]    ✅ 成功抓到 7 筆時段
[2026-08-18 09:03:25] [3447/5921] 新店大碧潭商圈 (Attraction_382000000A_403764)
[2026-08-18 09:03:30]    ❌ 三種策略皆失敗
[2026-08-18 09:03:32] [3448/5921] 國家檔案館 (Attraction_382000000A_403765)
[2026-08-18 09:03:44]    (透過策略2成功)
[2026-08-18 09:03:44]    ✅ 成功抓到 7 筆時段
[2026-08-18 09:03:46] [3449/5921] 吳宗霖銅鑼銅雕工作室 (Attraction_382000000A_403766)
[2026-08-18 09:05:03]    ✅ 成功抓到 7 筆時段
[2026-08-18 09:05:05] [3450/5921] 新北電競基地 (Attraction_382000000A_403767)
[2026-08-18 09:05:09]    ✅ 成功抓到 7 筆時段
[2026-08-18 09:05:09]    💾 存檔！已處理 3450/5921 | 成功 2397 | 失敗 1053
[2026-08-18 09:05:09]       資料庫共 3617 筆，其中 2540 筆有營業時間
[2026-08-18 09:05:09]       速度 6.6 筆/分鐘 | 預估剩餘 373 分鐘
[2026-08-18 09:05:11] [3451/5921] 汐止康誥坑溪 (Attraction_382000000A_403793)
[2026-08-18 09:05:16]    ❌ 三種策略皆失敗
[2026-08-18 09:05:18] [3452/5921] 淡江大橋 (Attraction_382000000A_403794)
[2026-08-18 09:06:42]    ✅ 成功抓到 7 筆時段
[2026-08-18 09:06:44] [3453/5921] 石碇宗教文化園區 (Attraction_382000000A_403795)
[2026-08-18 09:06:48]    ✅ 成功抓到 7 筆時段
[2026-08-18 09:06:50] [3454/5921] Top City臺中大遠百 (Attraction_387000000A_000001)
[2026-08-18 09:06:55]    ✅ 成功抓到 7 筆時段
[2026-08-18 09:06:57] [3455/5921] 柳原教會 (Attraction_387000000A_000003)
[2026-08-18 09:07:01]    ✅ 成功抓到 7 筆時段
[2026-08-18 09:07:03] [3456/5921] 白冷圳紀念公園 (Attraction_387000000A_000009)
[2026-08-18 09:08:23]    ✅ 成功抓到 7 筆時段
[2026-08-18 09:08:25] [3457/5921] 梧棲觀光漁港 (Attraction_387000000A_000010)
[2026-08-18 09:08:31]    (透過策略2成功)
[2026-08-18 09:08:31]    ✅ 成功抓到 7 筆時段
[2026-08-18 09:08:33] [3458/5921] 八二三紀念公園 (Attraction_387000000A_000013)
[2026-08-18 09:08:40]    (透過策略2成功)
[2026-08-18 09:08:40]    ✅ 成功抓到 7 筆時段
[2026-08-18 09:08:42] [3459/5921] 精明一街 (Attraction_387000000A_000024)
[2026-08-18 09:08:47]    ❌ 三種策略皆失敗
[2026-08-18 09:08:49] [3460/5921] 潭雅神綠園道 (Attraction_387000000A_000025)
[2026-08-18 09:08:55]    ❌ 三種策略皆失敗
[2026-08-18 09:08:55]    💾 存檔！已處理 3460/5921 | 成功 2404 | 失敗 1056
[2026-08-18 09:08:55]       資料庫共 3627 筆，其中 2547 筆有營業時間
[2026-08-18 09:08:55]       速度 6.6 筆/分鐘 | 預估剩餘 373 分鐘
[2026-08-18 09:08:57] [3461/5921] 臺中公園 (Attraction_387000000A_000028)
[2026-08-18 09:09:06]    ✅ 成功抓到 7 筆時段
[2026-08-18 09:09:08] [3462/5921] 中正公園 (Attraction_387000000A_000031)
[2026-08-18 09:09:13]    ❌ 三種策略皆失敗
[2026-08-18 09:09:15] [3463/5921] 臺中市中山堂 (Attraction_387000000A_000032)
[2026-08-18 09:09:20]    ❌ 三種策略皆失敗
[2026-08-18 09:09:22] [3464/5921] 中正露營區 (Attraction_387000000A_000033)
[2026-08-18 09:09:28]    ❌ 三種策略皆失敗
[2026-08-18 09:09:30] [3465/5921] 中華路夜市 (Attraction_387000000A_000036)
[2026-08-18 09:09:34]    ✅ 成功抓到 7 筆時段
[2026-08-18 09:09:36] [3466/5921] 逢甲觀光夜市 (Attraction_387000000A_000039)
[2026-08-18 09:09:40]    ✅ 成功抓到 7 筆時段
[2026-08-18 09:09:42] [3467/5921] 臺中市孔廟 (Attraction_387000000A_000041)
[2026-08-18 09:09:46]    ✅ 成功抓到 7 筆時段
[2026-08-18 09:09:48] [3468/5921] 台中文心玉市-天目城 (Attraction_387000000A_000043)
[2026-08-18 09:09:52]    ✅ 成功抓到 7 筆時段
[2026-08-18 09:09:54] [3469/5921] 大坑9號及9-1號登山步道 (Attraction_387000000A_000044)
[2026-08-18 09:09:59]    ❌ 三種策略皆失敗
[2026-08-18 09:10:01] [3470/5921] 國立自然科學博物館921地震教育園區 (Attraction_387000000A_000045)
[2026-08-18 09:10:05]    ✅ 成功抓到 7 筆時段
[2026-08-18 09:10:05]    💾 存檔！已處理 3470/5921 | 成功 2410 | 失敗 1060
[2026-08-18 09:10:05]       資料庫共 3637 筆，其中 2553 筆有營業時間
[2026-08-18 09:10:05]       速度 6.6 筆/分鐘 | 預估剩餘 371 分鐘
[2026-08-18 09:10:07] [3471/5921] 麗寶樂園渡假區 (Attraction_387000000A_000048)
[2026-08-18 09:10:12]    ❌ 三種策略皆失敗
[2026-08-18 09:10:14] [3472/5921] 月眉觀光糖廠 (Attraction_387000000A_000049)
[2026-08-18 09:10:18]    ✅ 成功抓到 7 筆時段
[2026-08-18 09:10:20] [3473/5921] 臺中火車站ˍ舊站 (Attraction_387000000A_000052)
[2026-08-18 09:10:26]    ❌ 三種策略皆失敗
[2026-08-18 09:10:28] [3474/5921] 高美濕地_高美野生動物保護區 (Attraction_387000000A_000054)
[2026-08-18 09:10:33]    ❌ 三種策略皆失敗
[2026-08-18 09:10:35] [3475/5921] 美術園道商圈 (Attraction_387000000A_000055)
[2026-08-18 09:10:40]    ❌ 三種策略皆失敗
[2026-08-18 09:10:42] [3476/5921] 臺中州廳 (Attraction_387000000A_000056)
[2026-08-18 09:10:47]    ❌ 三種策略皆失敗
[2026-08-18 09:10:49] [3477/5921] 臺中市港區藝術中心 (Attraction_387000000A_000060)
[2026-08-18 09:10:53]    ✅ 成功抓到 7 筆時段
[2026-08-18 09:10:55] [3478/5921] 后里馬場 (Attraction_387000000A_000065)
[2026-08-18 09:11:02]    (透過策略2成功)
[2026-08-18 09:11:02]    ✅ 成功抓到 7 筆時段
[2026-08-18 09:11:04] [3479/5921] 武陵農場 (Attraction_387000000A_000068)
[2026-08-18 09:11:15]    (透過策略2成功)
[2026-08-18 09:11:15]    ✅ 成功抓到 7 筆時段
[2026-08-18 09:11:17] [3480/5921] 第二市場 (Attraction_387000000A_000070)
[2026-08-18 09:11:26]    ✅ 成功抓到 7 筆時段
[2026-08-18 09:11:26]    💾 存檔！已處理 3480/5921 | 成功 2415 | 失敗 1065
[2026-08-18 09:11:26]       資料庫共 3647 筆，其中 2558 筆有營業時間
[2026-08-18 09:11:26]       速度 6.6 筆/分鐘 | 預估剩餘 370 分鐘
[2026-08-18 09:11:28] [3481/5921] 臺中都會公園 (Attraction_387000000A_000071)
[2026-08-18 09:11:32]    ✅ 成功抓到 7 筆時段
[2026-08-18 09:11:34] [3482/5921] 臺中酒廠 (Attraction_387000000A_000072)
[2026-08-18 09:11:46]    (透過策略2成功)
[2026-08-18 09:11:46]    ✅ 成功抓到 7 筆時段
[2026-08-18 09:11:48] [3483/5921] 東協廣場 (Attraction_387000000A_000073)
[2026-08-18 09:11:52]    ✅ 成功抓到 7 筆時段
[2026-08-18 09:11:54] [3484/5921] 路思義教堂 (Attraction_387000000A_000074)
[2026-08-18 09:12:01]    (透過策略2成功)
[2026-08-18 09:12:01]    ✅ 成功抓到 7 筆時段
[2026-08-18 09:12:03] [3485/5921] 大安濱海樂園&向海那漾露營區 (Attraction_387000000A_000075)
[2026-08-18 09:12:15]    ❌ 三種策略皆失敗
[2026-08-18 09:12:17] [3486/5921] 八仙山國家森林遊樂區 (Attraction_387000000A_000076)
[2026-08-18 09:12:22]    ❌ 三種策略皆失敗
[2026-08-18 09:12:24] [3487/5921] 大雪山國家森林遊樂區 (Attraction_387000000A_000077)
[2026-08-18 09:13:48]    ❌ 三種策略皆失敗
[2026-08-18 09:13:50] [3488/5921] 鰲峰山運動公園 (Attraction_387000000A_000079)
[2026-08-18 09:13:54]    ✅ 成功抓到 7 筆時段
[2026-08-18 09:13:56] [3489/5921] 葫蘆墩文化中心 (Attraction_387000000A_000081)
[2026-08-18 09:15:21]    ✅ 成功抓到 7 筆時段
[2026-08-18 09:15:23] [3490/5921] 石岡水壩 (Attraction_387000000A_000082)
[2026-08-18 09:15:32]    ✅ 成功抓到 7 筆時段
[2026-08-18 09:15:32]    💾 存檔！已處理 3490/5921 | 成功 2422 | 失敗 1068
[2026-08-18 09:15:32]       資料庫共 3657 筆，其中 2565 筆有營業時間
[2026-08-18 09:15:32]       速度 6.6 筆/分鐘 | 預估剩餘 370 分鐘
[2026-08-18 09:15:34] [3491/5921] 勤美誠品綠園道 (Attraction_387000000A_000083)
[2026-08-18 09:15:38]    ✅ 成功抓到 7 筆時段
[2026-08-18 09:15:40] [3492/5921] 佛光山惠中寺 (Attraction_387000000A_000086)
[2026-08-18 09:15:49]    ✅ 成功抓到 7 筆時段
[2026-08-18 09:15:51] [3493/5921] 后豐鐵馬道 (Attraction_387000000A_000089)
[2026-08-18 09:15:56]    ❌ 三種策略皆失敗
[2026-08-18 09:15:58] [3494/5921] 大甲鐵砧山風景特定區 (Attraction_387000000A_000090)
[2026-08-18 09:16:02]    ✅ 成功抓到 7 筆時段
[2026-08-18 09:16:04] [3495/5921] 林氏貞孝坊 (Attraction_387000000A_000093)
[2026-08-18 09:16:08]    ✅ 成功抓到 7 筆時段
[2026-08-18 09:16:10] [3496/5921] 東勢客家文化園區 (Attraction_387000000A_000100)
[2026-08-18 09:16:16]    ❌ 三種策略皆失敗
[2026-08-18 09:16:18] [3497/5921] 情人木橋 (Attraction_387000000A_000105)
[2026-08-18 09:16:25]    (透過策略2成功)
[2026-08-18 09:16:25]    ✅ 成功抓到 7 筆時段
[2026-08-18 09:16:27] [3498/5921] 紫雲巖 (Attraction_387000000A_000109)
[2026-08-18 09:16:31]    ✅ 成功抓到 7 筆時段
[2026-08-18 09:16:33] [3499/5921] 后里環保公園 (Attraction_387000000A_000118)
[2026-08-18 09:16:36]    ✅ 成功抓到 7 筆時段
[2026-08-18 09:16:38] [3500/5921] 霧峰農會酒莊 (Attraction_387000000A_000119)
[2026-08-18 09:16:42]    ✅ 成功抓到 7 筆時段
[2026-08-18 09:16:42]    💾 存檔！已處理 3500/5921 | 成功 2430 | 失敗 1070
[2026-08-18 09:16:42]       資料庫共 3667 筆，其中 2573 筆有營業時間
[2026-08-18 09:16:42]       速度 6.6 筆/分鐘 | 預估剩餘 368 分鐘
[2026-08-18 09:16:44] [3501/5921] 湖水岸藝術街坊 (Attraction_387000000A_000120)
[2026-08-18 09:16:50]    ❌ 三種策略皆失敗
[2026-08-18 09:16:52] [3502/5921] 忠孝路觀光夜市 (Attraction_387000000A_000122)
[2026-08-18 09:16:56]    ✅ 成功抓到 7 筆時段
[2026-08-18 09:16:58] [3503/5921] 臺中市忠烈祠 (Attraction_387000000A_000125)
[2026-08-18 09:17:02]    ✅ 成功抓到 7 筆時段
[2026-08-18 09:17:04] [3504/5921] 國定古蹟霧峰林家ˍ萊園 (Attraction_387000000A_000127)
[2026-08-18 09:17:13]    ✅ 成功抓到 7 筆時段
[2026-08-18 09:17:15] [3505/5921] 東光園道 (Attraction_387000000A_000129)
[2026-08-18 09:17:18]    ✅ 成功抓到 7 筆時段
[2026-08-18 09:17:20] [3506/5921] 東豐自行車綠廊 (Attraction_387000000A_000130)
[2026-08-18 09:17:33]    ❌ 三種策略皆失敗
[2026-08-18 09:17:35] [3507/5921] 台中南天宮-關帝聖君 (Attraction_387000000A_000133)
[2026-08-18 09:17:39]    ✅ 成功抓到 7 筆時段
[2026-08-18 09:17:41] [3508/5921] 國立臺灣體育運動大學體育場館 (Attraction_387000000A_000134)
[2026-08-18 09:17:47]    ❌ 三種策略皆失敗
[2026-08-18 09:17:49] [3509/5921] 豐樂雕塑公園 (Attraction_387000000A_000136)
[2026-08-18 09:17:53]    ✅ 成功抓到 7 筆時段
[2026-08-18 09:17:55] [3510/5921] 國立台灣美術館 (Attraction_387000000A_000143)
[2026-08-18 09:17:59]    ✅ 成功抓到 7 筆時段
[2026-08-18 09:17:59]    💾 存檔！已處理 3510/5921 | 成功 2437 | 失敗 1073
[2026-08-18 09:17:59]       資料庫共 3677 筆，其中 2580 筆有營業時間
[2026-08-18 09:17:59]       速度 6.6 筆/分鐘 | 預估剩餘 367 分鐘
[2026-08-18 09:18:01] [3511/5921] 張家祖廟 (Attraction_387000000A_000144)
[2026-08-18 09:18:05]    ✅ 成功抓到 7 筆時段
[2026-08-18 09:18:07] [3512/5921] 望高寮夜景公園 (Attraction_387000000A_000146)
[2026-08-18 09:18:11]    ✅ 成功抓到 7 筆時段
[2026-08-18 09:18:13] [3513/5921] 臺中市洲際棒球場 (Attraction_387000000A_000149)
[2026-08-18 09:18:18]    ❌ 三種策略皆失敗
[2026-08-18 09:18:20] [3514/5921] 天津成衣街 (Attraction_387000000A_000156)
[2026-08-18 09:18:26]    ❌ 三種策略皆失敗
[2026-08-18 09:18:28] [3515/5921] 國立自然科學博物館之植物園 (Attraction_387000000A_000158)
[2026-08-18 09:18:33]    ❌ 三種策略皆失敗
[2026-08-18 09:18:35] [3516/5921] 台中城隍廟 (Attraction_387000000A_000161)
[2026-08-18 09:18:42]    (透過策略2成功)
[2026-08-18 09:18:42]    ✅ 成功抓到 7 筆時段
[2026-08-18 09:18:44] [3517/5921] 慈善寺 (Attraction_387000000A_000162)
[2026-08-18 09:18:47]    ✅ 成功抓到 7 筆時段
[2026-08-18 09:18:49] [3518/5921] 新光三越百貨_台中中港店 (Attraction_387000000A_000163)
[2026-08-18 09:18:55]    ❌ 三種策略皆失敗
[2026-08-18 09:18:57] [3519/5921] 萬和宮 (Attraction_387000000A_000164)
[2026-08-18 09:19:01]    ✅ 成功抓到 7 筆時段
[2026-08-18 09:19:03] [3520/5921] 萬春宮 (Attraction_387000000A_000165)
[2026-08-18 09:19:07]    ✅ 成功抓到 7 筆時段
[2026-08-18 09:19:07]    💾 存檔！已處理 3520/5921 | 成功 2443 | 失敗 1077
[2026-08-18 09:19:07]       資料庫共 3687 筆，其中 2586 筆有營業時間
[2026-08-18 09:19:07]       速度 6.6 筆/分鐘 | 預估剩餘 365 分鐘
[2026-08-18 09:19:09] [3521/5921] 金華山媽祖文物館 (Attraction_387000000A_000178)
[2026-08-18 09:19:13]    ✅ 成功抓到 7 筆時段
[2026-08-18 09:19:15] [3522/5921] 中社觀光花市 (Attraction_387000000A_000206)
[2026-08-18 09:19:19]    ✅ 成功抓到 7 筆時段
[2026-08-18 09:19:21] [3523/5921] 沐心泉休閒農場 (Attraction_387000000A_000212)
[2026-08-18 09:19:25]    ✅ 成功抓到 7 筆時段
[2026-08-18 09:19:27] [3524/5921] 昇和香菇農園 (Attraction_387000000A_000213)
[2026-08-18 09:19:31]    ✅ 成功抓到 7 筆時段
[2026-08-18 09:19:33] [3525/5921] 酒桶山 (Attraction_387000000A_000258)
[2026-08-18 09:19:48]    ❌ 三種策略皆失敗
[2026-08-18 09:19:50] [3526/5921] 繼光街商圈 (Attraction_387000000A_000263)
[2026-08-18 09:19:56]    ❌ 三種策略皆失敗
[2026-08-18 09:19:58] [3527/5921] 福壽山農場 (Attraction_387000000A_000265)
[2026-08-18 09:20:03]    ❌ 三種策略皆失敗
[2026-08-18 09:20:05] [3528/5921] 中友百貨 (Attraction_387000000A_000267)
[2026-08-18 09:20:14]    ✅ 成功抓到 7 筆時段
[2026-08-18 09:20:16] [3529/5921] 廣三SOGO百貨 (Attraction_387000000A_000268)
[2026-08-18 09:21:34]    ✅ 成功抓到 7 筆時段
[2026-08-18 09:21:36] [3530/5921] 德基水庫 (Attraction_387000000A_000270)
[2026-08-18 09:21:41]    ❌ 三種策略皆失敗
[2026-08-18 09:21:41]    💾 存檔！已處理 3530/5921 | 成功 2449 | 失敗 1081
[2026-08-18 09:21:41]       資料庫共 3697 筆，其中 2592 筆有營業時間
[2026-08-18 09:21:41]       速度 6.6 筆/分鐘 | 預估剩餘 364 分鐘
[2026-08-18 09:21:43] [3531/5921] 樂成宮 (Attraction_387000000A_000271)
[2026-08-18 09:21:47]    ✅ 成功抓到 7 筆時段
[2026-08-18 09:21:49] [3532/5921] 磺溪書院 (Attraction_387000000A_000275)
[2026-08-18 09:21:53]    ✅ 成功抓到 7 筆時段
[2026-08-18 09:21:55] [3533/5921] 寶覺寺 (Attraction_387000000A_000278)
[2026-08-18 09:22:02]    (透過策略2成功)
[2026-08-18 09:22:02]    ✅ 成功抓到 7 筆時段
[2026-08-18 09:22:04] [3534/5921] 臺中市大墩文化中心 (Attraction_387000000A_000333)
[2026-08-18 09:22:08]    ✅ 成功抓到 7 筆時段
[2026-08-18 09:22:10] [3535/5921] 臺中市文昌公廟 (Attraction_387000000A_000335)
[2026-08-18 09:22:14]    ✅ 成功抓到 7 筆時段
[2026-08-18 09:22:16] [3536/5921] 日南車站 (Attraction_387000000A_000336)
[2026-08-18 09:22:38]    ❌ 三種策略皆失敗
[2026-08-18 09:22:40] [3537/5921] 臺中線震災復興紀念碑 (Attraction_387000000A_000337)
[2026-08-18 09:22:44]    ✅ 成功抓到 7 筆時段
[2026-08-18 09:22:46] [3538/5921] 臺鐵舊山線－大安溪鐵橋 (Attraction_387000000A_000339)
[2026-08-18 09:22:50]    ✅ 成功抓到 7 筆時段
[2026-08-18 09:22:52] [3539/5921] 追分車站 (Attraction_387000000A_000340)
[2026-08-18 09:22:59]    (透過策略2成功)
[2026-08-18 09:22:59]    ✅ 成功抓到 7 筆時段
[2026-08-18 09:23:01] [3540/5921] 梨山風景區 (Attraction_387000000A_000341)
[2026-08-18 09:24:27]    ❌ 三種策略皆失敗
[2026-08-18 09:24:27]    💾 存檔！已處理 3540/5921 | 成功 2457 | 失敗 1083
[2026-08-18 09:24:27]       資料庫共 3707 筆，其中 2600 筆有營業時間
[2026-08-18 09:24:27]       速度 6.6 筆/分鐘 | 預估剩餘 363 分鐘
[2026-08-18 09:24:29] [3541/5921] 公老坪會館農場 (Attraction_387000000A_000344)
[2026-08-18 09:24:32]    ✅ 成功抓到 7 筆時段
[2026-08-18 09:24:34] [3542/5921] 谷關溫泉區 (Attraction_387000000A_000346)
[2026-08-18 09:24:40]    ❌ 三種策略皆失敗
[2026-08-18 09:24:42] [3543/5921] 成功車站 (Attraction_387000000A_000349)
[2026-08-18 09:24:48]    (透過策略2成功)
[2026-08-18 09:24:48]    ✅ 成功抓到 7 筆時段
[2026-08-18 09:24:50] [3544/5921] 昌平路皮鞋街 (Attraction_387000000A_000351)
[2026-08-18 09:24:56]    ❌ 三種策略皆失敗
[2026-08-18 09:24:58] [3545/5921] 張廖家廟 (Attraction_387000000A_000355)
[2026-08-18 09:25:01]    ✅ 成功抓到 7 筆時段
[2026-08-18 09:25:03] [3546/5921] 大坑1號登山步道 (Attraction_387000000A_000358)
[2026-08-18 09:26:31]    ❌ 三種策略皆失敗
[2026-08-18 09:26:33] [3547/5921] 大坑2號登山步道 (Attraction_387000000A_000359)
[2026-08-18 09:26:38]    ❌ 三種策略皆失敗
[2026-08-18 09:26:40] [3548/5921] 大坑3號登山步道(封閉中) (Attraction_387000000A_000360)
[2026-08-18 09:26:48]    ❌ 三種策略皆失敗
[2026-08-18 09:26:50] [3549/5921] 大坑4號登山步道 (Attraction_387000000A_000361)
[2026-08-18 09:26:54]    ✅ 成功抓到 7 筆時段
[2026-08-18 09:26:56] [3550/5921] 大坑5號(封閉中)及5-1號登山步道 (Attraction_387000000A_000362)
[2026-08-18 09:28:21]    ❌ 三種策略皆失敗
[2026-08-18 09:28:21]    💾 存檔！已處理 3550/5921 | 成功 2461 | 失敗 1089
[2026-08-18 09:28:21]       資料庫共 3717 筆，其中 2604 筆有營業時間
[2026-08-18 09:28:21]       速度 6.5 筆/分鐘 | 預估剩餘 363 分鐘
[2026-08-18 09:28:23] [3551/5921] 大坑6號登山步道 (Attraction_387000000A_000363)
[2026-08-18 09:28:28]    ❌ 三種策略皆失敗
[2026-08-18 09:28:30] [3552/5921] 大坑7號登山步道(部分封閉) (Attraction_387000000A_000364)
[2026-08-18 09:28:34]    ✅ 成功抓到 7 筆時段
[2026-08-18 09:28:36] [3553/5921] 大坑8號登山步道 (Attraction_387000000A_000365)
[2026-08-18 09:28:40]    ✅ 成功抓到 7 筆時段
[2026-08-18 09:28:42] [3554/5921] 七分窯 (Attraction_387000000A_000368)
[2026-08-18 09:28:46]    ✅ 成功抓到 7 筆時段
[2026-08-18 09:28:48] [3555/5921] 薰衣草森林 台中新社店 (Attraction_387000000A_000372)
[2026-08-18 09:28:55]    (透過策略2成功)
[2026-08-18 09:28:55]    ✅ 成功抓到 7 筆時段
[2026-08-18 09:28:57] [3556/5921] 成功路青草街 (Attraction_387000000A_000378)
[2026-08-18 09:29:02]    ❌ 三種策略皆失敗
[2026-08-18 09:29:04] [3557/5921] 南屯老街 (Attraction_387000000A_000380)
[2026-08-18 09:29:11]    (透過策略2成功)
[2026-08-18 09:29:11]    ✅ 成功抓到 7 筆時段
[2026-08-18 09:29:13] [3558/5921] 武陵國家森林遊樂區 (Attraction_387000000A_000395)
[2026-08-18 09:29:17]    ✅ 成功抓到 7 筆時段
[2026-08-18 09:29:19] [3559/5921] 一中商圈 (Attraction_387000000A_000400)
[2026-08-18 09:29:24]    ❌ 三種策略皆失敗
[2026-08-18 09:29:26] [3560/5921] 國立自然科學博物館 (Attraction_387000000A_000418)
[2026-08-18 09:29:35]    ✅ 成功抓到 7 筆時段
[2026-08-18 09:29:35]    💾 存檔！已處理 3560/5921 | 成功 2468 | 失敗 1092
[2026-08-18 09:29:35]       資料庫共 3727 筆，其中 2611 筆有營業時間
[2026-08-18 09:29:35]       速度 6.5 筆/分鐘 | 預估剩餘 362 分鐘
[2026-08-18 09:29:37] [3561/5921] 大坑風景區 (Attraction_387000000A_000419)
[2026-08-18 09:29:41]    ✅ 成功抓到 7 筆時段
[2026-08-18 09:29:43] [3562/5921] 臺灣民俗文物館 (Attraction_387000000A_000420)
[2026-08-18 09:29:48]    ✅ 成功抓到 7 筆時段
[2026-08-18 09:29:50] [3563/5921] 圓滿戶外劇場 (Attraction_387000000A_000439)
[2026-08-18 09:29:56]    ❌ 三種策略皆失敗
[2026-08-18 09:29:58] [3564/5921] 大坑10號登山步道(封閉中) (Attraction_387000000A_000448)
[2026-08-18 09:30:12]    ❌ 三種策略皆失敗
[2026-08-18 09:30:14] [3565/5921] 賴高山藝術紀念館 (Attraction_387000000A_000486)
[2026-08-18 09:30:18]    ✅ 成功抓到 7 筆時段
[2026-08-18 09:30:20] [3566/5921] 豐原漆藝館 (Attraction_387000000A_000488)
[2026-08-18 09:30:24]    ✅ 成功抓到 7 筆時段
[2026-08-18 09:30:26] [3567/5921] 臺中市立圖書館西屯分館 (Attraction_387000000A_000496)
[2026-08-18 09:30:30]    ✅ 成功抓到 7 筆時段
[2026-08-18 09:30:32] [3568/5921] 南屯麻芛文化館ˍ犁頭店 (Attraction_387000000A_000497)
[2026-08-18 09:30:36]    ✅ 成功抓到 7 筆時段
[2026-08-18 09:30:38] [3569/5921] 臺中放送局 (Attraction_387000000A_000498)
[2026-08-18 09:30:42]    ✅ 成功抓到 7 筆時段
[2026-08-18 09:30:44] [3570/5921] 臺中市役所 (Attraction_387000000A_000502)
[2026-08-18 09:30:48]    ✅ 成功抓到 7 筆時段
[2026-08-18 09:30:48]    💾 存檔！已處理 3570/5921 | 成功 2476 | 失敗 1094
[2026-08-18 09:30:48]       資料庫共 3737 筆，其中 2619 筆有營業時間
[2026-08-18 09:30:48]       速度 6.5 筆/分鐘 | 預估剩餘 360 分鐘
[2026-08-18 09:30:50] [3571/5921] 忠信市場 (Attraction_387000000A_000503)
[2026-08-18 09:30:56]    ❌ 三種策略皆失敗
[2026-08-18 09:30:58] [3572/5921] 臺中市立圖書館沙鹿深波分館 (Attraction_387000000A_000513)
[2026-08-18 09:31:02]    ✅ 成功抓到 7 筆時段
[2026-08-18 09:31:04] [3573/5921] 南屯犂頭店生活館 (Attraction_387000000A_000517)
[2026-08-18 09:31:10]    ❌ 三種策略皆失敗
[2026-08-18 09:31:12] [3574/5921] 臺中市立圖書館石岡分館 (Attraction_387000000A_000520)
[2026-08-18 09:31:16]    ✅ 成功抓到 7 筆時段
[2026-08-18 09:31:18] [3575/5921] 臺中市長公館ˍ不老夢想125號 (Attraction_387000000A_000521)
[2026-08-18 09:31:23]    ✅ 成功抓到 7 筆時段
[2026-08-18 09:31:25] [3576/5921] 石岡土牛客家文化館 (Attraction_387000000A_000523)
[2026-08-18 09:31:29]    ✅ 成功抓到 7 筆時段
[2026-08-18 09:31:31] [3577/5921] 梨山文物陳列館 (Attraction_387000000A_000525)
[2026-08-18 09:31:35]    ✅ 成功抓到 7 筆時段
[2026-08-18 09:31:37] [3578/5921] 后里薩克斯風玩家館 (Attraction_387000000A_000526)
[2026-08-18 09:31:43]    ❌ 三種策略皆失敗
[2026-08-18 09:31:45] [3579/5921] 大里杙文化館 (Attraction_387000000A_000527)
[2026-08-18 09:31:49]    ✅ 成功抓到 7 筆時段
[2026-08-18 09:31:51] [3580/5921] 霧峰林家花園林獻堂博物館園區 (Attraction_387000000A_000529)
[2026-08-18 09:31:56]    ❌ 三種策略皆失敗
[2026-08-18 09:31:56]    💾 存檔！已處理 3580/5921 | 成功 2482 | 失敗 1098
[2026-08-18 09:31:56]       資料庫共 3747 筆，其中 2625 筆有營業時間
[2026-08-18 09:31:56]       速度 6.5 筆/分鐘 | 預估剩餘 358 分鐘
[2026-08-18 09:31:59] [3581/5921] 太平古農莊文物館 (Attraction_387000000A_000531)
[2026-08-18 09:32:02]    ✅ 成功抓到 7 筆時段
[2026-08-18 09:32:04] [3582/5921] 張連昌薩克斯風博物館 (Attraction_387000000A_000534)
[2026-08-18 09:32:09]    ✅ 成功抓到 7 筆時段
[2026-08-18 09:32:11] [3583/5921] 霧峰菇類產學館 (Attraction_387000000A_000535)
[2026-08-18 09:32:14]    ✅ 成功抓到 7 筆時段
[2026-08-18 09:32:16] [3584/5921] 臺中市大甲區中正紀念館 (Attraction_387000000A_000537)
[2026-08-18 09:32:27]    ✅ 成功抓到 7 筆時段
[2026-08-18 09:32:29] [3585/5921] 大甲三寶文化館ˍ裕珍馨光明旗艦店 (Attraction_387000000A_000538)
[2026-08-18 09:32:33]    ✅ 成功抓到 7 筆時段
[2026-08-18 09:32:35] [3586/5921] 阿聰師芋頭文化館 (Attraction_387000000A_000539)
[2026-08-18 09:32:44]    ✅ 成功抓到 7 筆時段
[2026-08-18 09:32:46] [3587/5921] 臺中市美術家資料館 (Attraction_387000000A_000541)
[2026-08-18 09:32:50]    ✅ 成功抓到 7 筆時段
[2026-08-18 09:32:52] [3588/5921] 清水區農村文物館 (Attraction_387000000A_000548)
[2026-08-18 09:32:56]    ✅ 成功抓到 7 筆時段
[2026-08-18 09:32:58] [3589/5921] 臺中國際機場 (Attraction_387000000A_000561)
[2026-08-18 09:33:09]    ❌ 三種策略皆失敗
[2026-08-18 09:33:11] [3590/5921] 彩虹村 (Attraction_387000000A_000574)
[2026-08-18 09:33:19]    ✅ 成功抓到 7 筆時段
[2026-08-18 09:33:19]    💾 存檔！已處理 3590/5921 | 成功 2491 | 失敗 1099
[2026-08-18 09:33:19]       資料庫共 3757 筆，其中 2634 筆有營業時間
[2026-08-18 09:33:19]       速度 6.5 筆/分鐘 | 預估剩餘 357 分鐘
[2026-08-18 09:33:21] [3591/5921] 大甲鎮瀾宮 (Attraction_387000000A_000609)
[2026-08-18 09:33:26]    ✅ 成功抓到 7 筆時段
[2026-08-18 09:33:28] [3592/5921] 新社花海(農委會種苗改良繁殖場第二農場) (Attraction_387000000A_000633)
[2026-08-18 09:33:41]    ❌ 三種策略皆失敗
[2026-08-18 09:33:43] [3593/5921] 六寶公園 (Attraction_387000000A_000634)
[2026-08-18 09:33:47]    ✅ 成功抓到 7 筆時段
[2026-08-18 09:33:49] [3594/5921] 老虎城購物中心 (Attraction_387000000A_000684)
[2026-08-18 09:33:53]    ✅ 成功抓到 7 筆時段
[2026-08-18 09:33:55] [3595/5921] 裡冷部落 (Attraction_387000000A_000736)
[2026-08-18 09:34:02]    ❌ 三種策略皆失敗
[2026-08-18 09:34:04] [3596/5921] 咬人狗坑生態景觀步道 (Attraction_387000000A_000743)
[2026-08-18 09:34:07]    ✅ 成功抓到 7 筆時段
[2026-08-18 09:34:09] [3597/5921] 東海藝術街商圈 (Attraction_387000000A_000751)
[2026-08-18 09:34:14]    ✅ 成功抓到 7 筆時段
[2026-08-18 09:34:16] [3598/5921] 梧棲真武宮 (Attraction_387000000A_000759)
[2026-08-18 09:34:20]    ✅ 成功抓到 7 筆時段
[2026-08-18 09:34:22] [3599/5921] 擁葉生態農場 (Attraction_387000000A_000761)
[2026-08-18 09:34:28]    ❌ 三種策略皆失敗
[2026-08-18 09:34:30] [3600/5921] 台中市魚市場ˍ哈漁碼頭 (Attraction_387000000A_000766)
[2026-08-18 09:34:33]    ✅ 成功抓到 7 筆時段
[2026-08-18 09:34:33]    💾 存檔！已處理 3600/5921 | 成功 2498 | 失敗 1102
[2026-08-18 09:34:33]       資料庫共 3767 筆，其中 2641 筆有營業時間
[2026-08-18 09:34:33]       速度 6.5 筆/分鐘 | 預估剩餘 355 分鐘
[2026-08-18 09:34:35] [3601/5921] 臺中市政府ˍ新市政大樓 (Attraction_387000000A_000778)
[2026-08-18 09:34:41]    ❌ 三種策略皆失敗
[2026-08-18 09:34:43] [3602/5921] 國立公共資訊圖書館 (Attraction_387000000A_000779)
[2026-08-18 09:34:47]    ✅ 成功抓到 7 筆時段
[2026-08-18 09:34:49] [3603/5921] 豐原太平洋百貨 (Attraction_387000000A_000780)
[2026-08-18 09:34:53]    ✅ 成功抓到 7 筆時段
[2026-08-18 09:34:55] [3604/5921] 大魯閣新時代 (Attraction_387000000A_000781)
[2026-08-18 09:35:01]    ❌ 三種策略皆失敗
[2026-08-18 09:35:03] [3605/5921] 金典綠園道 (Attraction_387000000A_000782)
[2026-08-18 09:35:14]    (透過策略2成功)
[2026-08-18 09:35:14]    ✅ 成功抓到 7 筆時段
[2026-08-18 09:35:16] [3606/5921] 旱溪親水式自行車道 (Attraction_387000000A_000785)
[2026-08-18 09:35:19]    ✅ 成功抓到 7 筆時段
[2026-08-18 09:35:21] [3607/5921] 草悟道 (Attraction_387000000A_000786)
[2026-08-18 09:35:27]    ❌ 三種策略皆失敗
[2026-08-18 09:35:29] [3608/5921] 知高圳步道 (Attraction_387000000A_000787)
[2026-08-18 09:35:33]    ✅ 成功抓到 7 筆時段
[2026-08-18 09:35:35] [3609/5921] 立法院民主議政園區 (Attraction_387000000A_000790)
[2026-08-18 09:35:41]    ❌ 三種策略皆失敗
[2026-08-18 09:35:43] [3610/5921] 新田登山步道(部分路段封閉) (Attraction_387000000A_000791)
[2026-08-18 09:37:15]    ❌ 三種策略皆失敗
[2026-08-18 09:37:15]    💾 存檔！已處理 3610/5921 | 成功 2503 | 失敗 1107
[2026-08-18 09:37:15]       資料庫共 3777 筆，其中 2646 筆有營業時間
[2026-08-18 09:37:15]       速度 6.5 筆/分鐘 | 預估剩餘 354 分鐘
[2026-08-18 09:37:17] [3611/5921] 宮原眼科 (Attraction_387000000A_000793)
[2026-08-18 09:37:21]    ✅ 成功抓到 7 筆時段
[2026-08-18 09:37:23] [3612/5921] 國家漫畫博物館(臺中刑務所演武場) (Attraction_387000000A_000796)
[2026-08-18 09:37:35]    (透過策略2成功)
[2026-08-18 09:37:35]    ✅ 成功抓到 7 筆時段
[2026-08-18 09:37:37] [3613/5921] 孫立人將軍故居 (Attraction_387000000A_000797)
[2026-08-18 09:37:41]    ✅ 成功抓到 7 筆時段
[2026-08-18 09:37:43] [3614/5921] 文化部文化資產園區 (Attraction_387000000A_000798)
[2026-08-18 09:37:55]    (透過策略2成功)
[2026-08-18 09:37:55]    ✅ 成功抓到 7 筆時段
[2026-08-18 09:37:57] [3615/5921] 大坑粉紅情人橋 (Attraction_387000000A_000800)
[2026-08-18 09:38:01]    ✅ 成功抓到 7 筆時段
[2026-08-18 09:38:03] [3616/5921] 寶之林廢棄家具再生中心 (Attraction_387000000A_000801)
[2026-08-18 09:38:07]    ✅ 成功抓到 7 筆時段
[2026-08-18 09:38:09] [3617/5921] 磨仔墩故事島 (Attraction_387000000A_000802)
[2026-08-18 09:38:13]    ✅ 成功抓到 7 筆時段
[2026-08-18 09:38:15] [3618/5921] 鞋寶觀光工廠 (Attraction_387000000A_000803)
[2026-08-18 09:38:20]    ✅ 成功抓到 7 筆時段
[2026-08-18 09:38:22] [3619/5921] 水流東桐花步道 (Attraction_387000000A_000804)
[2026-08-18 09:38:26]    ✅ 成功抓到 7 筆時段
[2026-08-18 09:38:28] [3620/5921] 亞洲大學 (Attraction_387000000A_000806)
[2026-08-18 09:38:32]    ✅ 成功抓到 7 筆時段
[2026-08-18 09:38:32]    💾 存檔！已處理 3620/5921 | 成功 2513 | 失敗 1107
[2026-08-18 09:38:32]       資料庫共 3787 筆，其中 2656 筆有營業時間
[2026-08-18 09:38:32]       速度 6.5 筆/分鐘 | 預估剩餘 352 分鐘
[2026-08-18 09:38:34] [3621/5921] 921震災紀念公園 (Attraction_387000000A_000807)
[2026-08-18 09:38:38]    ✅ 成功抓到 7 筆時段
[2026-08-18 09:38:40] [3622/5921] 台灣味噌釀造文化館 (Attraction_387000000A_000808)
[2026-08-18 09:38:44]    ✅ 成功抓到 7 筆時段
[2026-08-18 09:38:46] [3623/5921] 豐原慈濟宮 (Attraction_387000000A_000809)
[2026-08-18 09:38:50]    ✅ 成功抓到 7 筆時段
[2026-08-18 09:38:52] [3624/5921] 優恩蜜溫室蔬果觀光農園 (Attraction_387000000A_000810)
[2026-08-18 09:38:58]    ❌ 三種策略皆失敗
[2026-08-18 09:39:00] [3625/5921] 大里老街 (Attraction_387000000A_000811)
[2026-08-18 09:39:04]    ✅ 成功抓到 7 筆時段
[2026-08-18 09:39:06] [3626/5921] 金陵山宗教休閒園區 (Attraction_387000000A_000812)
[2026-08-18 09:39:10]    ✅ 成功抓到 7 筆時段
[2026-08-18 09:39:12] [3627/5921] 食水嵙休閒農業區 (Attraction_387000000A_000813)
[2026-08-18 09:39:23]    ❌ 三種策略皆失敗
[2026-08-18 09:39:25] [3628/5921] 軟埤坑休閒農業區 (Attraction_387000000A_000814)
[2026-08-18 09:39:30]    ❌ 三種策略皆失敗
[2026-08-18 09:39:32] [3629/5921] 麻園頭溪溪濱公園 (Attraction_387000000A_000815)
[2026-08-18 09:39:35]    ✅ 成功抓到 7 筆時段
[2026-08-18 09:39:37] [3630/5921] 馬力埔休閒農業區 (Attraction_387000000A_000816)
[2026-08-18 09:39:41]    ✅ 成功抓到 7 筆時段
[2026-08-18 09:39:41]    💾 存檔！已處理 3630/5921 | 成功 2520 | 失敗 1110
[2026-08-18 09:39:41]       資料庫共 3797 筆，其中 2663 筆有營業時間
[2026-08-18 09:39:41]       速度 6.5 筆/分鐘 | 預估剩餘 351 分鐘
[2026-08-18 09:39:43] [3631/5921] 烏日啤酒觀光工廠 (Attraction_387000000A_000817)
[2026-08-18 09:39:49]    ❌ 三種策略皆失敗
[2026-08-18 09:39:51] [3632/5921] 秋紅谷景觀生態公園 (Attraction_387000000A_000818)
[2026-08-18 09:39:55]    ✅ 成功抓到 7 筆時段
[2026-08-18 09:39:57] [3633/5921] 泰安鐵道文化園區 (Attraction_387000000A_000819)
[2026-08-18 09:40:01]    ✅ 成功抓到 7 筆時段
[2026-08-18 09:40:03] [3634/5921] 趙家窯 (Attraction_387000000A_000820)
[2026-08-18 09:40:07]    ✅ 成功抓到 7 筆時段
[2026-08-18 09:40:09] [3635/5921] 木匠兄妹木工房 (Attraction_387000000A_000821)
[2026-08-18 09:40:13]    ✅ 成功抓到 7 筆時段
[2026-08-18 09:40:15] [3636/5921] 沙鹿之翼 (Attraction_387000000A_000825)
[2026-08-18 09:40:22]    ❌ 三種策略皆失敗
[2026-08-18 09:40:24] [3637/5921] 石岡農會碾米穀倉 (Attraction_387000000A_000826)
[2026-08-18 09:40:30]    ❌ 三種策略皆失敗
[2026-08-18 09:40:32] [3638/5921] 石岡老街 (Attraction_387000000A_000827)
[2026-08-18 09:40:44]    (透過策略2成功)
[2026-08-18 09:40:44]    ✅ 成功抓到 7 筆時段
[2026-08-18 09:40:46] [3639/5921] 鹿寮成衣商圈 (Attraction_387000000A_000828)
[2026-08-18 09:40:54]    ✅ 成功抓到 7 筆時段
[2026-08-18 09:40:56] [3640/5921] 東勢河濱公園 (Attraction_387000000A_000829)
[2026-08-18 09:41:05]    ✅ 成功抓到 7 筆時段
[2026-08-18 09:41:05]    💾 存檔！已處理 3640/5921 | 成功 2527 | 失敗 1113
[2026-08-18 09:41:05]       資料庫共 3807 筆，其中 2670 筆有營業時間
[2026-08-18 09:41:05]       速度 6.5 筆/分鐘 | 預估剩餘 349 分鐘
[2026-08-18 09:41:07] [3641/5921] 大庄浩天宮 (Attraction_387000000A_000830)
[2026-08-18 09:41:16]    ✅ 成功抓到 7 筆時段
[2026-08-18 09:41:18] [3642/5921] 天梯步道 (Attraction_387000000A_000831)
[2026-08-18 09:41:24]    ❌ 三種策略皆失敗
[2026-08-18 09:41:26] [3643/5921] 梧棲朝元宮 (Attraction_387000000A_000832)
[2026-08-18 09:41:29]    ✅ 成功抓到 7 筆時段
[2026-08-18 09:41:31] [3644/5921] 國道臺中清水服務區休息站 (Attraction_387000000A_000833)
[2026-08-18 09:42:57]    ✅ 成功抓到 7 筆時段
[2026-08-18 09:42:59] [3645/5921] 摘星山莊 (Attraction_387000000A_000834)
[2026-08-18 09:43:05]    ❌ 三種策略皆失敗
[2026-08-18 09:43:07] [3646/5921] 大甲文昌祠 (Attraction_387000000A_000835)
[2026-08-18 09:43:11]    ✅ 成功抓到 7 筆時段
[2026-08-18 09:43:13] [3647/5921] 潭子運動公園 (Attraction_387000000A_000836)
[2026-08-18 09:43:20]    (透過策略2成功)
[2026-08-18 09:43:20]    ✅ 成功抓到 7 筆時段
[2026-08-18 09:43:22] [3648/5921] 萬里長城登山步道(部分路段封閉中) (Attraction_387000000A_000837)
[2026-08-18 09:43:30]    ❌ 三種策略皆失敗
[2026-08-18 09:43:32] [3649/5921] 紅樹林生態區 (Attraction_387000000A_000839)
[2026-08-18 09:43:37]    ❌ 三種策略皆失敗
[2026-08-18 09:43:39] [3650/5921] 劉秀才古厝 (Attraction_387000000A_000840)
[2026-08-18 09:43:45]    ❌ 三種策略皆失敗
[2026-08-18 09:43:45]    💾 存檔！已處理 3650/5921 | 成功 2532 | 失敗 1118
[2026-08-18 09:43:45]       資料庫共 3817 筆，其中 2675 筆有營業時間
[2026-08-18 09:43:45]       速度 6.5 筆/分鐘 | 預估剩餘 348 分鐘
[2026-08-18 09:43:47] [3651/5921] 梧棲老街 (Attraction_387000000A_000841)
[2026-08-18 09:43:55]    ✅ 成功抓到 7 筆時段
[2026-08-18 09:43:57] [3652/5921] 縱貫鐵路海線清水車站 (Attraction_387000000A_000842)
[2026-08-18 09:45:28]    (透過策略2成功)
[2026-08-18 09:45:28]    ✅ 成功抓到 7 筆時段
[2026-08-18 09:45:30] [3653/5921] 匠師的故鄉休閒農業區 (Attraction_387000000A_000843)
[2026-08-18 09:45:35]    ❌ 三種策略皆失敗
[2026-08-18 09:45:37] [3654/5921] 寶熊漁樂碼頭 (Attraction_387000000A_000844)
[2026-08-18 09:45:46]    ✅ 成功抓到 7 筆時段
[2026-08-18 09:45:48] [3655/5921] 龜殼生態公園 (Attraction_387000000A_000845)
[2026-08-18 09:47:08]    ✅ 成功抓到 7 筆時段
[2026-08-18 09:47:10] [3656/5921] 新都生態公園 (Attraction_387000000A_000846)
[2026-08-18 09:47:14]    ✅ 成功抓到 7 筆時段
[2026-08-18 09:47:16] [3657/5921] 東海別墅夜市 (Attraction_387000000A_000849)
[2026-08-18 09:47:20]    ✅ 成功抓到 7 筆時段
[2026-08-18 09:47:22] [3658/5921] 亞洲大學現代美術館 (Attraction_387000000A_000928)
[2026-08-18 09:47:29]    ✅ 成功抓到 7 筆時段
[2026-08-18 09:47:31] [3659/5921] 新社商圈 (Attraction_387000000A_000929)
[2026-08-18 09:47:35]    ✅ 成功抓到 7 筆時段
[2026-08-18 09:47:37] [3660/5921] 鳳凰山農場 (Attraction_387000000A_000932)
[2026-08-18 09:49:09]    ❌ 三種策略皆失敗
[2026-08-18 09:49:09]    💾 存檔！已處理 3660/5921 | 成功 2540 | 失敗 1120
[2026-08-18 09:49:09]       資料庫共 3827 筆，其中 2683 筆有營業時間
[2026-08-18 09:49:09]       速度 6.5 筆/分鐘 | 預估剩餘 349 分鐘
[2026-08-18 09:49:11] [3661/5921] 霧峰林家宮保第園區 (Attraction_387000000A_000935)
[2026-08-18 09:49:15]    ✅ 成功抓到 7 筆時段
[2026-08-18 09:49:17] [3662/5921] 臺灣印刷探索館 (Attraction_387000000A_000939)
[2026-08-18 09:49:21]    ✅ 成功抓到 7 筆時段
[2026-08-18 09:49:23] [3663/5921] 紙箱王 Carton King (Attraction_387000000A_000940)
[2026-08-18 09:49:30]    (透過策略2成功)
[2026-08-18 09:49:30]    ✅ 成功抓到 7 筆時段
[2026-08-18 09:49:32] [3664/5921] 東勢林業文化園區 (Attraction_387000000A_000941)
[2026-08-18 09:49:41]    ✅ 成功抓到 7 筆時段
[2026-08-18 09:49:43] [3665/5921] 臺中國家歌劇院 (Attraction_387000000A_000942)
[2026-08-18 09:49:49]    ❌ 三種策略皆失敗
[2026-08-18 09:49:51] [3666/5921] 第四信用合作社 (Attraction_387000000A_000944)
[2026-08-18 09:49:55]    ✅ 成功抓到 7 筆時段
[2026-08-18 09:49:57] [3667/5921] 高鐵臺中站 (Attraction_387000000A_000946)
[2026-08-18 09:50:07]    ❌ 三種策略皆失敗
[2026-08-18 09:50:09] [3668/5921] 豐原廟東復興商圈 (Attraction_387000000A_000947)
[2026-08-18 09:50:13]    ✅ 成功抓到 7 筆時段
[2026-08-18 09:50:15] [3669/5921] 高美燈塔 (Attraction_387000000A_000948)
[2026-08-18 09:50:21]    ❌ 三種策略皆失敗
[2026-08-18 09:50:23] [3670/5921] 霧峰樹仁商圈 (Attraction_387000000A_000951)
[2026-08-18 09:50:32]    ✅ 成功抓到 7 筆時段
[2026-08-18 09:50:32]    💾 存檔！已處理 3670/5921 | 成功 2547 | 失敗 1123
[2026-08-18 09:50:32]       資料庫共 3837 筆，其中 2690 筆有營業時間
[2026-08-18 09:50:32]       速度 6.5 筆/分鐘 | 預估剩餘 347 分鐘
[2026-08-18 09:50:34] [3671/5921] 公益路美食 (Attraction_387000000A_000952)
[2026-08-18 09:50:39]    ❌ 三種策略皆失敗
[2026-08-18 09:50:41] [3672/5921] 屯區藝文中心 (Attraction_387000000A_000953)
[2026-08-18 09:50:48]    (透過策略2成功)
[2026-08-18 09:50:48]    ✅ 成功抓到 7 筆時段
[2026-08-18 09:50:50] [3673/5921] 綠光計畫 (Attraction_387000000A_000954)
[2026-08-18 09:50:54]    ✅ 成功抓到 7 筆時段
[2026-08-18 09:50:56] [3674/5921] 松鶴部落 (Attraction_387000000A_000955)
[2026-08-18 09:52:32]    (透過策略2成功)
[2026-08-18 09:52:32]    ✅ 成功抓到 7 筆時段
[2026-08-18 09:52:34] [3675/5921] PARK2草悟廣場 (Attraction_387000000A_000956)
[2026-08-18 09:52:38]    ✅ 成功抓到 7 筆時段
[2026-08-18 09:52:40] [3676/5921] 國立臺灣音樂文化園區 (Attraction_387000000A_000957)
[2026-08-18 09:52:46]    ❌ 三種策略皆失敗
[2026-08-18 09:52:48] [3677/5921] 大安水蓑衣生態教育園區 (Attraction_387000000A_000958)
[2026-08-18 09:52:52]    ✅ 成功抓到 7 筆時段
[2026-08-18 09:52:54] [3678/5921] 新社星願紫風車 (Attraction_387000000A_000960)
[2026-08-18 09:52:58]    ✅ 成功抓到 7 筆時段
[2026-08-18 09:53:00] [3679/5921] 光復新村 (Attraction_387000000A_000962)
[2026-08-18 09:53:04]    ✅ 成功抓到 7 筆時段
[2026-08-18 09:53:06] [3680/5921] 磐頂教會 (Attraction_387000000A_000963)
[2026-08-18 09:53:11]    ✅ 成功抓到 7 筆時段
[2026-08-18 09:53:11]    💾 存檔！已處理 3680/5921 | 成功 2555 | 失敗 1125
[2026-08-18 09:53:11]       資料庫共 3847 筆，其中 2698 筆有營業時間
[2026-08-18 09:53:11]       速度 6.5 筆/分鐘 | 預估剩餘 346 分鐘
[2026-08-18 09:53:13] [3681/5921] 大肚瑞井里 (Attraction_387000000A_000964)
[2026-08-18 09:53:18]    ❌ 三種策略皆失敗
[2026-08-18 09:53:20] [3682/5921] 清水眷村文化園區 (Attraction_387000000A_000965)
[2026-08-18 09:53:26]    ❌ 三種策略皆失敗
[2026-08-18 09:53:28] [3683/5921] 社口林宅ˍ大夫第 (Attraction_387000000A_000966)
[2026-08-18 09:53:33]    ❌ 三種策略皆失敗
[2026-08-18 09:53:35] [3684/5921] 鎮瀾文化大樓 (Attraction_387000000A_000967)
[2026-08-18 09:53:39]    ✅ 成功抓到 7 筆時段
[2026-08-18 09:53:41] [3685/5921] 坪林森林公園 (Attraction_387000000A_000969)
[2026-08-18 09:53:45]    ✅ 成功抓到 7 筆時段
[2026-08-18 09:53:47] [3686/5921] 牛罵頭遺址文化園區 (Attraction_387000000A_000970)
[2026-08-18 09:53:52]    ✅ 成功抓到 7 筆時段
[2026-08-18 09:53:54] [3687/5921] 臺中文學館 (Attraction_387000000A_000971)
[2026-08-18 09:53:58]    ✅ 成功抓到 7 筆時段
[2026-08-18 09:54:00] [3688/5921] 台灣太陽餅博物館 (Attraction_387000000A_000972)
[2026-08-18 09:54:04]    ✅ 成功抓到 7 筆時段
[2026-08-18 09:54:06] [3689/5921] IKEA 宜家家居 台中店 (Attraction_387000000A_000973)
[2026-08-18 09:54:10]    ✅ 成功抓到 7 筆時段
[2026-08-18 09:54:12] [3690/5921] 梨之鄉休閒農業區 (Attraction_387000000A_000974)
[2026-08-18 09:54:18]    ❌ 三種策略皆失敗
[2026-08-18 09:54:18]    💾 存檔！已處理 3690/5921 | 成功 2561 | 失敗 1129
[2026-08-18 09:54:18]       資料庫共 3857 筆，其中 2704 筆有營業時間
[2026-08-18 09:54:18]       速度 6.5 筆/分鐘 | 預估剩餘 345 分鐘
[2026-08-18 09:54:20] [3691/5921] 水流東休閒農業區 (Attraction_387000000A_000975)
[2026-08-18 09:54:24]    ✅ 成功抓到 7 筆時段
[2026-08-18 09:54:26] [3692/5921] 大甲溪發電廠生態園區(馬鞍壩生態園區) (Attraction_387000000A_000976)
[2026-08-18 09:54:30]    ✅ 成功抓到 7 筆時段
[2026-08-18 09:54:32] [3693/5921] 菩薩寺 (Attraction_387000000A_001066)
[2026-08-18 09:54:37]    ✅ 成功抓到 7 筆時段
[2026-08-18 09:54:39] [3694/5921] 麗水漁港 (Attraction_387000000A_001070)
[2026-08-18 09:54:44]    ❌ 三種策略皆失敗
[2026-08-18 09:54:46] [3695/5921] 抽藤坑休閒農業區 (Attraction_387000000A_001071)
[2026-08-18 09:54:52]    ❌ 三種策略皆失敗
[2026-08-18 09:54:54] [3696/5921] 清水大楊油庫 (Attraction_387000000A_001072)
[2026-08-18 09:56:28]    ❌ 三種策略皆失敗
[2026-08-18 09:56:30] [3697/5921] 青桐林生態園區 (Attraction_387000000A_001073)
[2026-08-18 09:56:36]    ❌ 三種策略皆失敗
[2026-08-18 09:56:38] [3698/5921] 黎明新村 (Attraction_387000000A_001074)
[2026-08-18 09:56:43]    ❌ 三種策略皆失敗
[2026-08-18 09:56:45] [3699/5921] 太平光興隆大橋 (Attraction_387000000A_001075)
[2026-08-18 09:58:19]    ❌ 三種策略皆失敗
[2026-08-18 09:58:21] [3700/5921] 大坑景觀橋 (Attraction_387000000A_001076)
[2026-08-18 09:58:27]    ❌ 三種策略皆失敗
[2026-08-18 09:58:27]    💾 存檔！已處理 3700/5921 | 成功 2564 | 失敗 1136
[2026-08-18 09:58:27]       資料庫共 3867 筆，其中 2707 筆有營業時間
[2026-08-18 09:58:27]       速度 6.4 筆/分鐘 | 預估剩餘 345 分鐘
[2026-08-18 09:58:29] [3701/5921] 思源埡口 (Attraction_387000000A_001077)
[2026-08-18 09:58:35]    (透過策略2成功)
[2026-08-18 09:58:35]    ✅ 成功抓到 7 筆時段
[2026-08-18 09:58:37] [3702/5921] 彰化銀行總行及行史館 (Attraction_387000000A_001079)
[2026-08-18 09:58:46]    ✅ 成功抓到 7 筆時段
[2026-08-18 09:58:48] [3703/5921] 臺中市眷村文物館 (Attraction_387000000A_001080)
[2026-08-18 09:58:53]    ❌ 三種策略皆失敗
[2026-08-18 09:58:55] [3704/5921] 阿薩斯雕像 (Attraction_387000000A_001081)
[2026-08-18 09:58:59]    ✅ 成功抓到 7 筆時段
[2026-08-18 09:59:01] [3705/5921] 柳川水岸景觀步道 (Attraction_387000000A_001104)
[2026-08-18 09:59:07]    ❌ 三種策略皆失敗
[2026-08-18 09:59:09] [3706/5921] 新臺中火車站 (Attraction_387000000A_001138)
[2026-08-18 09:59:20]    ❌ 三種策略皆失敗
[2026-08-18 09:59:22] [3707/5921] 審計新村 (Attraction_387000000A_001139)
[2026-08-18 10:00:52]    ❌ 三種策略皆失敗
[2026-08-18 10:00:54] [3708/5921] 一德洋樓ˍ台中市歷史建築林懋陽故居 (Attraction_387000000A_001140)
[2026-08-18 10:00:58]    ✅ 成功抓到 7 筆時段
[2026-08-18 10:01:00] [3709/5921] 興大康橋 (Attraction_387000000A_001141)
[2026-08-18 10:01:07]    (透過策略2成功)
[2026-08-18 10:01:07]    ✅ 成功抓到 7 筆時段
[2026-08-18 10:01:09] [3710/5921] 月恆門 (Attraction_387000000A_001142)
[2026-08-18 10:01:12]    ✅ 成功抓到 7 筆時段
[2026-08-18 10:01:12]    💾 存檔！已處理 3710/5921 | 成功 2570 | 失敗 1140
[2026-08-18 10:01:12]       資料庫共 3877 筆，其中 2713 筆有營業時間
[2026-08-18 10:01:12]       速度 6.4 筆/分鐘 | 預估剩餘 344 分鐘
[2026-08-18 10:01:14] [3711/5921] 金門橋 (Attraction_387000000A_001144)
[2026-08-18 10:01:19]    ✅ 成功抓到 7 筆時段
[2026-08-18 10:01:21] [3712/5921] DaliArt 藝術廣場 (Attraction_387000000A_001146)
[2026-08-18 10:01:25]    ✅ 成功抓到 7 筆時段
[2026-08-18 10:01:27] [3713/5921] 清水趙家古厝 (Attraction_387000000A_001148)
[2026-08-18 10:01:31]    ✅ 成功抓到 7 筆時段
[2026-08-18 10:01:33] [3714/5921] 新天地西洋博物館 (Attraction_387000000A_001149)
[2026-08-18 10:01:42]    ✅ 成功抓到 7 筆時段
[2026-08-18 10:01:44] [3715/5921] 高美濕地景觀橋 (Attraction_387000000A_001150)
[2026-08-18 10:01:48]    ✅ 成功抓到 7 筆時段
[2026-08-18 10:01:50] [3716/5921] 大肚瑞井登山步道 (Attraction_387000000A_001151)
[2026-08-18 10:01:55]    ❌ 三種策略皆失敗
[2026-08-18 10:01:57] [3717/5921] 永信醫藥文物館 (Attraction_387000000A_001255)
[2026-08-18 10:02:01]    ✅ 成功抓到 7 筆時段
[2026-08-18 10:02:03] [3718/5921] 潭子觀光蘭園 (Attraction_387000000A_001258)
[2026-08-18 10:02:07]    ✅ 成功抓到 7 筆時段
[2026-08-18 10:02:09] [3719/5921] 舊社里彩繪村 (Attraction_387000000A_001259)
[2026-08-18 10:02:13]    ✅ 成功抓到 7 筆時段
[2026-08-18 10:02:15] [3720/5921] 新盛綠川水岸廊道 (Attraction_387000000A_001260)
[2026-08-18 10:02:19]    ✅ 成功抓到 7 筆時段
[2026-08-18 10:02:19]    💾 存檔！已處理 3720/5921 | 成功 2579 | 失敗 1141
[2026-08-18 10:02:19]       資料庫共 3887 筆，其中 2722 筆有營業時間
[2026-08-18 10:02:19]       速度 6.4 筆/分鐘 | 預估剩餘 342 分鐘
[2026-08-18 10:02:21] [3721/5921] 筏子溪自行車道 (Attraction_387000000A_001354)
[2026-08-18 10:02:27]    ❌ 三種策略皆失敗
[2026-08-18 10:02:29] [3722/5921] 臺中市濱海自行車道ˍ大甲段 (Attraction_387000000A_001355)
[2026-08-18 10:02:33]    ✅ 成功抓到 7 筆時段
[2026-08-18 10:02:35] [3723/5921] 高美海堤自行車道 (Attraction_387000000A_001356)
[2026-08-18 10:02:48]    ✅ 成功抓到 7 筆時段
[2026-08-18 10:02:50] [3724/5921] 清水自行車道/五福圳段 (Attraction_387000000A_001357)
[2026-08-18 10:02:56]    ❌ 三種策略皆失敗
[2026-08-18 10:02:58] [3725/5921] 中科自行車道 (Attraction_387000000A_001358)
[2026-08-18 10:03:03]    ❌ 三種策略皆失敗
[2026-08-18 10:03:05] [3726/5921] 永豐六分線自行車道 (Attraction_387000000A_001359)
[2026-08-18 10:03:09]    ✅ 成功抓到 7 筆時段
[2026-08-18 10:03:11] [3727/5921] 頭汴坑酒桶山自行車道 (Attraction_387000000A_001360)
[2026-08-18 10:03:15]    ✅ 成功抓到 7 筆時段
[2026-08-18 10:03:17] [3728/5921] 臺中市濱海自行車道ˍ大安段 (Attraction_387000000A_001379)
[2026-08-18 10:03:21]    ✅ 成功抓到 7 筆時段
[2026-08-18 10:03:23] [3729/5921] 頭汴坑溪自行車道 (Attraction_387000000A_001380)
[2026-08-18 10:03:27]    ✅ 成功抓到 7 筆時段
[2026-08-18 10:03:29] [3730/5921] 太平蝙蝠洞、百蝠吊橋及登山步道(封閉中) (Attraction_387000000A_001381)
[2026-08-18 10:05:13]    (透過策略3成功)
[2026-08-18 10:05:13]    ✅ 成功抓到 7 筆時段
[2026-08-18 10:05:13]    💾 存檔！已處理 3730/5921 | 成功 2586 | 失敗 1144
[2026-08-18 10:05:13]       資料庫共 3897 筆，其中 2729 筆有營業時間
[2026-08-18 10:05:13]       速度 6.4 筆/分鐘 | 預估剩餘 341 分鐘
[2026-08-18 10:05:15] [3731/5921] 西岐城_西岐里活動中心 (Attraction_387000000A_001382)
[2026-08-18 10:05:26]    ❌ 三種策略皆失敗
[2026-08-18 10:05:28] [3732/5921] 秀泰生活台中站前店 (Attraction_387000000A_001383)
[2026-08-18 10:06:58]    ❌ 三種策略皆失敗
[2026-08-18 10:07:00] [3733/5921] 竹坑南寮登山步道 (Attraction_387000000A_001384)
[2026-08-18 10:07:05]    ❌ 三種策略皆失敗
[2026-08-18 10:07:07] [3734/5921] 龍井堤防自行車道 (Attraction_387000000A_001385)
[2026-08-18 10:07:16]    ✅ 成功抓到 7 筆時段
[2026-08-18 10:07:18] [3735/5921] 陳三綱堂 (Attraction_387000000A_001386)
[2026-08-18 10:07:24]    ❌ 三種策略皆失敗
[2026-08-18 10:07:26] [3736/5921] 龍目井 (Attraction_387000000A_001387)
[2026-08-18 10:07:32]    ❌ 三種策略皆失敗
[2026-08-18 10:07:34] [3737/5921] 亨德公園 (Attraction_387000000A_001388)
[2026-08-18 10:07:38]    ✅ 成功抓到 7 筆時段
[2026-08-18 10:07:40] [3738/5921] 寶泉甘味手造所 (Attraction_387000000A_001390)
[2026-08-18 10:07:47]    ✅ 成功抓到 7 筆時段
[2026-08-18 10:07:49] [3739/5921] Sylvia創意小學堂-miniCNC雕刻體驗館 (Attraction_387000000A_001391)
[2026-08-18 10:07:53]    ✅ 成功抓到 7 筆時段
[2026-08-18 10:07:55] [3740/5921] 舊頂街派出所 (Attraction_387000000A_001392)
[2026-08-18 10:07:59]    ✅ 成功抓到 7 筆時段
[2026-08-18 10:07:59]    💾 存檔！已處理 3740/5921 | 成功 2591 | 失敗 1149
[2026-08-18 10:07:59]       資料庫共 3907 筆，其中 2734 筆有營業時間
[2026-08-18 10:07:59]       速度 6.4 筆/分鐘 | 預估剩餘 340 分鐘
[2026-08-18 10:08:01] [3741/5921] 臺中市立圖書館溪西分館 (Attraction_387000000A_001393)
[2026-08-18 10:08:05]    ✅ 成功抓到 7 筆時段
[2026-08-18 10:08:07] [3742/5921] 東勢林場 (Attraction_387000000A_001396)
[2026-08-18 10:08:16]    ✅ 成功抓到 7 筆時段
[2026-08-18 10:08:18] [3743/5921] 草湖溪自行車道 (Attraction_387000000A_001397)
[2026-08-18 10:08:22]    ✅ 成功抓到 7 筆時段
[2026-08-18 10:08:24] [3744/5921] 山線自行車道(專用道路段) (Attraction_387000000A_001398)
[2026-08-18 10:08:33]    ❌ 三種策略皆失敗
[2026-08-18 10:08:35] [3745/5921] 乾溪自行車道 (Attraction_387000000A_001399)
[2026-08-18 10:08:39]    ✅ 成功抓到 7 筆時段
[2026-08-18 10:08:41] [3746/5921] 中心瓏登山步道 (Attraction_387000000A_001400)
[2026-08-18 10:08:52]    (透過策略2成功)
[2026-08-18 10:08:52]    ✅ 成功抓到 7 筆時段
[2026-08-18 10:08:54] [3747/5921] 萬豐環山步道 (Attraction_387000000A_001401)
[2026-08-18 10:08:59]    ❌ 三種策略皆失敗
[2026-08-18 10:09:01] [3748/5921] 阿罩霧櫻花杜鵑步道 (Attraction_387000000A_001402)
[2026-08-18 10:09:07]    ❌ 三種策略皆失敗
[2026-08-18 10:09:09] [3749/5921] 青桐林生態區步道 (Attraction_387000000A_001404)
[2026-08-18 10:10:44]    ❌ 三種策略皆失敗
[2026-08-18 10:10:46] [3750/5921] 筏子溪門戶迎賓水岸廊道 (Attraction_387000000A_001406)
[2026-08-18 10:10:50]    ✅ 成功抓到 7 筆時段
[2026-08-18 10:10:50]    💾 存檔！已處理 3750/5921 | 成功 2597 | 失敗 1153
[2026-08-18 10:10:50]       資料庫共 3917 筆，其中 2740 筆有營業時間
[2026-08-18 10:10:50]       速度 6.4 筆/分鐘 | 預估剩餘 340 分鐘
[2026-08-18 10:10:52] [3751/5921] 台中港區運動公園 (Attraction_387000000A_001407)
[2026-08-18 10:10:56]    ✅ 成功抓到 7 筆時段
[2026-08-18 10:10:58] [3752/5921] 南勢溪湧泉 (Attraction_387000000A_001408)
[2026-08-18 10:11:03]    ✅ 成功抓到 7 筆時段
[2026-08-18 10:11:05] [3753/5921] 大振豐洋傘文創主題館 (Attraction_387000000A_001409)
[2026-08-18 10:11:09]    ✅ 成功抓到 7 筆時段
[2026-08-18 10:11:11] [3754/5921] 太平買菸場 (Attraction_387000000A_001410)
[2026-08-18 10:11:18]    (透過策略2成功)
[2026-08-18 10:11:18]    ✅ 成功抓到 7 筆時段
[2026-08-18 10:11:20] [3755/5921] 霧峰．民生．故事館 (Attraction_387000000A_001411)
[2026-08-18 10:11:24]    ✅ 成功抓到 7 筆時段
[2026-08-18 10:11:26] [3756/5921] 臺中市纖維工藝博物館 (Attraction_387000000A_001412)
[2026-08-18 10:11:30]    ✅ 成功抓到 7 筆時段
[2026-08-18 10:11:32] [3757/5921] 臺中作家典藏館 (Attraction_387000000A_001413)
[2026-08-18 10:11:39]    ❌ 三種策略皆失敗
[2026-08-18 10:11:41] [3758/5921] 林之助紀念館 (Attraction_387000000A_001414)
[2026-08-18 10:11:44]    ✅ 成功抓到 7 筆時段
[2026-08-18 10:11:46] [3759/5921] 中國醫藥大學立夫中醫藥博物館 (Attraction_387000000A_001415)
[2026-08-18 10:11:51]    ✅ 成功抓到 7 筆時段
[2026-08-18 10:11:53] [3760/5921] 高美濕地遊客服務中心 (Attraction_387000000A_001416)
[2026-08-18 10:11:57]    ✅ 成功抓到 7 筆時段
[2026-08-18 10:11:57]    💾 存檔！已處理 3760/5921 | 成功 2606 | 失敗 1154
[2026-08-18 10:11:57]       資料庫共 3927 筆，其中 2749 筆有營業時間
[2026-08-18 10:11:57]       速度 6.4 筆/分鐘 | 預估剩餘 338 分鐘
[2026-08-18 10:11:59] [3761/5921] MITSUI OUTLET PARK 台中港 (Attraction_387000000A_001417)
[2026-08-18 10:12:03]    ✅ 成功抓到 7 筆時段
[2026-08-18 10:12:05] [3762/5921] 臺中監獄矯正教育館 (Attraction_387000000A_001418)
[2026-08-18 10:12:09]    ✅ 成功抓到 7 筆時段
[2026-08-18 10:12:11] [3763/5921] 立法院民主議政園區議員會館(議蘆會館) (Attraction_387000000A_001419)
[2026-08-18 10:12:24]    ❌ 三種策略皆失敗
[2026-08-18 10:12:26] [3764/5921] 國光假日花市 (Attraction_387000000A_001420)
[2026-08-18 10:12:31]    ✅ 成功抓到 7 筆時段
[2026-08-18 10:12:33] [3765/5921] 積善樓 (Attraction_387000000A_001421)
[2026-08-18 10:12:39]    ✅ 成功抓到 7 筆時段
[2026-08-18 10:12:41] [3766/5921] 原日軍臺中飛行場機槍堡 (Attraction_387000000A_001422)
[2026-08-18 10:12:45]    ✅ 成功抓到 7 筆時段
[2026-08-18 10:12:47] [3767/5921] 帝國製糖廠臺中營業所 (Attraction_387000000A_001423)
[2026-08-18 10:12:51]    ✅ 成功抓到 7 筆時段
[2026-08-18 10:12:53] [3768/5921] 臺灣火柴故事館 (Attraction_387000000A_001424)
[2026-08-18 10:12:56]    ✅ 成功抓到 7 筆時段
[2026-08-18 10:12:58] [3769/5921] 臺中市原住民族文化館 (Attraction_387000000A_001426)
[2026-08-18 10:13:03]    ✅ 成功抓到 7 筆時段
[2026-08-18 10:13:05] [3770/5921] 大呷麵本家故事館 (Attraction_387000000A_001427)
[2026-08-18 10:13:09]    ✅ 成功抓到 7 筆時段
[2026-08-18 10:13:09]    💾 存檔！已處理 3770/5921 | 成功 2615 | 失敗 1155
[2026-08-18 10:13:09]       資料庫共 3937 筆，其中 2758 筆有營業時間
[2026-08-18 10:13:09]       速度 6.4 筆/分鐘 | 預估剩餘 336 分鐘
[2026-08-18 10:13:11] [3771/5921] 甲后自行車道 (Attraction_387000000A_001428)
[2026-08-18 10:13:15]    ✅ 成功抓到 7 筆時段
[2026-08-18 10:13:17] [3772/5921] 南埔鷺鷥林 (Attraction_387000000A_001429)
[2026-08-18 10:13:21]    ✅ 成功抓到 7 筆時段
[2026-08-18 10:13:23] [3773/5921] 頂魚寮公園 (Attraction_387000000A_001434)
[2026-08-18 10:13:27]    ✅ 成功抓到 7 筆時段
[2026-08-18 10:13:29] [3774/5921] 大肚藍色公路 (Attraction_387000000A_001436)
[2026-08-18 10:13:36]    ❌ 三種策略皆失敗
[2026-08-18 10:13:38] [3775/5921] 外埔忘憂谷 (Attraction_387000000A_001437)
[2026-08-18 10:13:44]    ❌ 三種策略皆失敗
[2026-08-18 10:13:46] [3776/5921] 中科橫山公園 (Attraction_387000000A_001438)
[2026-08-18 10:13:49]    ✅ 成功抓到 7 筆時段
[2026-08-18 10:13:51] [3777/5921] 公老坪 (Attraction_387000000A_001439)
[2026-08-18 10:13:58]    ❌ 三種策略皆失敗
[2026-08-18 10:14:00] [3778/5921] 葫蘆墩公園 (Attraction_387000000A_001440)
[2026-08-18 10:14:07]    (透過策略2成功)
[2026-08-18 10:14:07]    ✅ 成功抓到 7 筆時段
[2026-08-18 10:14:09] [3779/5921] 學田山 (Attraction_387000000A_001441)
[2026-08-18 10:14:15]    (透過策略2成功)
[2026-08-18 10:14:15]    ✅ 成功抓到 7 筆時段
[2026-08-18 10:14:17] [3780/5921] 大雅麥田 (Attraction_387000000A_001442)
[2026-08-18 10:14:24]    ❌ 三種策略皆失敗
[2026-08-18 10:14:24]    💾 存檔！已處理 3780/5921 | 成功 2621 | 失敗 1159
[2026-08-18 10:14:24]       資料庫共 3947 筆，其中 2764 筆有營業時間
[2026-08-18 10:14:24]       速度 6.4 筆/分鐘 | 預估剩餘 334 分鐘
[2026-08-18 10:14:26] [3781/5921] 靜宜大學_主顧聖母堂 (Attraction_387000000A_001443)
[2026-08-18 10:14:32]    ❌ 三種策略皆失敗
[2026-08-18 10:14:34] [3782/5921] 潭子落羽松祕境 (Attraction_387000000A_001444)
[2026-08-18 10:14:43]    ✅ 成功抓到 7 筆時段
[2026-08-18 10:14:45] [3783/5921] 大坑11號登山步道(封閉中) (Attraction_387000000A_001445)
[2026-08-18 10:14:53]    ❌ 三種策略皆失敗
[2026-08-18 10:14:55] [3784/5921] 草嶺登山步道及楓仔林登山步道 (Attraction_387000000A_001446)
[2026-08-18 10:15:01]    ❌ 三種策略皆失敗
[2026-08-18 10:15:03] [3785/5921] 桐林里登山步道 (Attraction_387000000A_001447)
[2026-08-18 10:16:42]    ❌ 三種策略皆失敗
[2026-08-18 10:16:44] [3786/5921] 幻覺博物館 (Attraction_387000000A_001448)
[2026-08-18 10:16:48]    ✅ 成功抓到 7 筆時段
[2026-08-18 10:16:50] [3787/5921] 社口萬興宮 (Attraction_387000000A_001449)
[2026-08-18 10:16:54]    ✅ 成功抓到 7 筆時段
[2026-08-18 10:16:56] [3788/5921] 潭水亭 (Attraction_387000000A_001450)
[2026-08-18 10:17:00]    ✅ 成功抓到 7 筆時段
[2026-08-18 10:17:02] [3789/5921] 筱雲山莊 (Attraction_387000000A_001451)
[2026-08-18 10:17:07]    ✅ 成功抓到 7 筆時段
[2026-08-18 10:17:09] [3790/5921] 臺中清真寺 (Attraction_387000000A_001453)
[2026-08-18 10:17:13]    ✅ 成功抓到 7 筆時段
[2026-08-18 10:17:13]    💾 存檔！已處理 3790/5921 | 成功 2627 | 失敗 1163
[2026-08-18 10:17:13]       資料庫共 3957 筆，其中 2770 筆有營業時間
[2026-08-18 10:17:13]       速度 6.4 筆/分鐘 | 預估剩餘 333 分鐘
[2026-08-18 10:17:15] [3791/5921] 雙崎部落埋伏坪登山步道 (Attraction_387000000A_001454)
[2026-08-18 10:17:21]    ❌ 三種策略皆失敗
[2026-08-18 10:17:23] [3792/5921] 白陽聖廟 (Attraction_387000000A_001455)
[2026-08-18 10:17:27]    ✅ 成功抓到 7 筆時段
[2026-08-18 10:17:29] [3793/5921] 中央公園 (Attraction_387000000A_001458)
[2026-08-18 10:17:42]    ❌ 三種策略皆失敗
[2026-08-18 10:17:44] [3794/5921] 戰車公園 (Attraction_387000000A_001464)
[2026-08-18 10:17:51]    (透過策略2成功)
[2026-08-18 10:17:51]    ✅ 成功抓到 7 筆時段
[2026-08-18 10:17:53] [3795/5921] Hione World海灣樂世界 (Attraction_387000000A_001468)
[2026-08-18 10:17:56]    ✅ 成功抓到 7 筆時段
[2026-08-18 10:17:58] [3796/5921] 梧棲文化出張所 (Attraction_387000000A_001469)
[2026-08-18 10:19:30]    ❌ 三種策略皆失敗
[2026-08-18 10:19:32] [3797/5921] 聚奎居 (Attraction_387000000A_001500)
[2026-08-18 10:19:36]    ✅ 成功抓到 7 筆時段
[2026-08-18 10:19:38] [3798/5921] 中央書局 (Attraction_387000000A_001501)
[2026-08-18 10:19:42]    ✅ 成功抓到 7 筆時段
[2026-08-18 10:19:44] [3799/5921] 臺灣府儒考棚 (Attraction_387000000A_001502)
[2026-08-18 10:19:51]    ❌ 三種策略皆失敗
[2026-08-18 10:19:53] [3800/5921] 環山部落 (Attraction_387000000A_001503)
[2026-08-18 10:19:58]    ❌ 三種策略皆失敗
[2026-08-18 10:19:58]    💾 存檔！已處理 3800/5921 | 成功 2632 | 失敗 1168
[2026-08-18 10:19:58]       資料庫共 3967 筆，其中 2775 筆有營業時間
[2026-08-18 10:19:58]       速度 6.4 筆/分鐘 | 預估剩餘 333 分鐘
[2026-08-18 10:20:00] [3801/5921] 潭子國小日式校舍(預約參觀) (Attraction_387000000A_001504)
[2026-08-18 10:21:35]    ❌ 三種策略皆失敗
[2026-08-18 10:21:37] [3802/5921] 大里杙樹王公 (Attraction_387000000A_001505)
[2026-08-18 10:21:41]    ✅ 成功抓到 7 筆時段
[2026-08-18 10:21:43] [3803/5921] 桃山瀑布 (Attraction_387000000A_001512)
[2026-08-18 10:21:49]    ❌ 三種策略皆失敗
[2026-08-18 10:21:51] [3804/5921] 綠空鐵道1908 (Attraction_387000000A_001519)
[2026-08-18 10:21:55]    ✅ 成功抓到 7 筆時段
[2026-08-18 10:21:57] [3805/5921] 毘盧禪寺 (Attraction_387000000A_001571)
[2026-08-18 10:22:01]    ✅ 成功抓到 7 筆時段
[2026-08-18 10:22:03] [3806/5921] 第四市場 (Attraction_387000000A_001572)
[2026-08-18 10:22:07]    ✅ 成功抓到 7 筆時段
[2026-08-18 10:22:09] [3807/5921] 東峰公園(二二八紀念公園) (Attraction_387000000A_001626)
[2026-08-18 10:22:18]    ✅ 成功抓到 7 筆時段
[2026-08-18 10:22:20] [3808/5921] 泉源公園 (Attraction_387000000A_001627)
[2026-08-18 10:22:27]    (透過策略2成功)
[2026-08-18 10:22:27]    ✅ 成功抓到 7 筆時段
[2026-08-18 10:22:29] [3809/5921] 臺中林氏宗祠 (Attraction_387000000A_001629)
[2026-08-18 10:22:37]    ✅ 成功抓到 7 筆時段
[2026-08-18 10:22:39] [3810/5921] 新社莊園休閒農場 (Attraction_387000000A_001637)
[2026-08-18 10:22:43]    ✅ 成功抓到 7 筆時段
[2026-08-18 10:22:43]    💾 存檔！已處理 3810/5921 | 成功 2640 | 失敗 1170
[2026-08-18 10:22:43]       資料庫共 3977 筆，其中 2783 筆有營業時間
[2026-08-18 10:22:43]       速度 6.4 筆/分鐘 | 預估剩餘 332 分鐘
[2026-08-18 10:22:45] [3811/5921] Mitsui Shopping Park LaLaport 台中 (Attraction_387000000A_001640)
[2026-08-18 10:22:49]    ✅ 成功抓到 7 筆時段
[2026-08-18 10:22:51] [3812/5921] 安貝斯釀酒故事館 (Attraction_387000000A_001643)
[2026-08-18 10:22:55]    ✅ 成功抓到 7 筆時段
[2026-08-18 10:22:57] [3813/5921] 自行車文化探索館 (Attraction_387000000A_001644)
[2026-08-18 10:23:01]    ✅ 成功抓到 7 筆時段
[2026-08-18 10:23:03] [3814/5921] 3點1刻故事館 (Attraction_387000000A_001645)
[2026-08-18 10:23:09]    ❌ 三種策略皆失敗
[2026-08-18 10:23:11] [3815/5921] 台灣現代音樂鈴博物館 (Attraction_387000000A_001646)
[2026-08-18 10:23:15]    ✅ 成功抓到 7 筆時段
[2026-08-18 10:23:17] [3816/5921] 丸文食品觀光工廠 (Attraction_387000000A_001647)
[2026-08-18 10:23:21]    ✅ 成功抓到 7 筆時段
[2026-08-18 10:23:23] [3817/5921] 原流新創聚落 (Attraction_387000000A_001733)
[2026-08-18 10:23:27]    ✅ 成功抓到 7 筆時段
[2026-08-18 10:23:29] [3818/5921] 臺中市立圖書館外埔分館 (Attraction_387000000A_001734)
[2026-08-18 10:23:34]    ✅ 成功抓到 7 筆時段
[2026-08-18 10:23:36] [3819/5921] 臺中市立圖書館上楓分館 (Attraction_387000000A_001735)
[2026-08-18 10:23:40]    ✅ 成功抓到 7 筆時段
[2026-08-18 10:23:42] [3820/5921] 臺中市立圖書館李科永紀念圖書分館 (Attraction_387000000A_001736)
[2026-08-18 10:23:46]    ✅ 成功抓到 7 筆時段
[2026-08-18 10:23:46]    💾 存檔！已處理 3820/5921 | 成功 2649 | 失敗 1171
[2026-08-18 10:23:46]       資料庫共 3987 筆，其中 2792 筆有營業時間
[2026-08-18 10:23:46]       速度 6.4 筆/分鐘 | 預估剩餘 330 分鐘
[2026-08-18 10:23:49] [3821/5921] 臺中市立圖書館興安分館 (Attraction_387000000A_001737)
[2026-08-18 10:23:53]    ✅ 成功抓到 7 筆時段
[2026-08-18 10:23:55] [3822/5921] 萬選居 (Attraction_387000000A_001738)
[2026-08-18 10:25:24]    ✅ 成功抓到 7 筆時段
[2026-08-18 10:25:26] [3823/5921] 臺中客家樂活園區 (Attraction_387000000A_001739)
[2026-08-18 10:25:30]    ✅ 成功抓到 7 筆時段
[2026-08-18 10:25:32] [3824/5921] 富興工廠1962 (Attraction_387000000A_001740)
[2026-08-18 10:25:36]    ✅ 成功抓到 7 筆時段
[2026-08-18 10:25:38] [3825/5921] 第五市場 (Attraction_387000000A_001741)
[2026-08-18 10:25:47]    ✅ 成功抓到 7 筆時段
[2026-08-18 10:25:49] [3826/5921] 大坑1號步道體能訓練場 (Attraction_387000000A_001742)
[2026-08-18 10:25:54]    ✅ 成功抓到 7 筆時段
[2026-08-18 10:25:56] [3827/5921] 月老廟夜景 (Attraction_387000000A_001744)
[2026-08-18 10:26:00]    ✅ 成功抓到 7 筆時段
[2026-08-18 10:26:02] [3828/5921] 太平苗圃落羽松 (Attraction_387000000A_001745)
[2026-08-18 10:26:08]    ❌ 三種策略皆失敗
[2026-08-18 10:26:10] [3829/5921] 公老坪蜈蚣崎登山步道 (Attraction_387000000A_001746)
[2026-08-18 10:26:15]    ❌ 三種策略皆失敗
[2026-08-18 10:26:17] [3830/5921] 環山獵人登山步道 (Attraction_387000000A_001747)
[2026-08-18 10:26:24]    (透過策略2成功)
[2026-08-18 10:26:24]    ✅ 成功抓到 7 筆時段
[2026-08-18 10:26:24]    💾 存檔！已處理 3830/5921 | 成功 2657 | 失敗 1173
[2026-08-18 10:26:24]       資料庫共 3997 筆，其中 2800 筆有營業時間
[2026-08-18 10:26:24]       速度 6.4 筆/分鐘 | 預估剩餘 329 分鐘
[2026-08-18 10:26:26] [3831/5921] 清水老街 (Attraction_387000000A_001811)
[2026-08-18 10:26:32]    ❌ 三種策略皆失敗
[2026-08-18 10:26:34] [3832/5921] 大安港媽祖文化園區 (Attraction_387000000A_001814)
[2026-08-18 10:26:43]    ✅ 成功抓到 7 筆時段
[2026-08-18 10:26:45] [3833/5921] 桃山部落 (Attraction_387000000A_001816)
[2026-08-18 10:26:49]    ✅ 成功抓到 7 筆時段
[2026-08-18 10:26:51] [3834/5921] 水湳市場 (Attraction_387000000A_001817)
[2026-08-18 10:26:58]    (透過策略2成功)
[2026-08-18 10:26:58]    ✅ 成功抓到 7 筆時段
[2026-08-18 10:27:00] [3835/5921] 海灣繪本館 (Attraction_387000000A_001818)
[2026-08-18 10:27:04]    ✅ 成功抓到 7 筆時段
[2026-08-18 10:27:06] [3836/5921] 郭叔叔獼猴生態區 (Attraction_387000000A_001819)
[2026-08-18 10:27:12]    ❌ 三種策略皆失敗
[2026-08-18 10:27:14] [3837/5921] 電火圳生態步道 (Attraction_387000000A_001820)
[2026-08-18 10:27:18]    ✅ 成功抓到 7 筆時段
[2026-08-18 10:27:20] [3838/5921] 馬卡龍公園 (Attraction_387000000A_001821)
[2026-08-18 10:27:24]    ✅ 成功抓到 7 筆時段
[2026-08-18 10:27:26] [3839/5921] 梧棲海洋驛站 (Attraction_387000000A_001822)
[2026-08-18 10:27:31]    ✅ 成功抓到 7 筆時段
[2026-08-18 10:27:33] [3840/5921] 豐原萬里長城杜鵑花道 (Attraction_387000000A_001833)
[2026-08-18 10:27:44]    ❌ 三種策略皆失敗
[2026-08-18 10:27:44]    💾 存檔！已處理 3840/5921 | 成功 2664 | 失敗 1176
[2026-08-18 10:27:44]       資料庫共 4007 筆，其中 2807 筆有營業時間
[2026-08-18 10:27:44]       速度 6.4 筆/分鐘 | 預估剩餘 327 分鐘
[2026-08-18 10:27:46] [3841/5921] 楓樹誠實商店 (Attraction_387000000A_001834)
[2026-08-18 10:27:50]    ✅ 成功抓到 7 筆時段
[2026-08-18 10:27:52] [3842/5921] 大肚萬興宮 (Attraction_387000000A_001835)
[2026-08-18 10:27:56]    ✅ 成功抓到 7 筆時段
[2026-08-18 10:27:58] [3843/5921] 烏日警察官吏派出所 (Attraction_387000000A_001836)
[2026-08-18 10:28:02]    ✅ 成功抓到 7 筆時段
[2026-08-18 10:28:04] [3844/5921] 臺中驛鐵道文化園區 (Attraction_387000000A_001837)
[2026-08-18 10:28:09]    ✅ 成功抓到 7 筆時段
[2026-08-18 10:28:11] [3845/5921] 三陽玉府天宮 (Attraction_387000000A_001838)
[2026-08-18 10:28:15]    ✅ 成功抓到 7 筆時段
[2026-08-18 10:28:17] [3846/5921] 太平會幕堂 (Attraction_387000000A_001839)
[2026-08-18 10:28:24]    ❌ 三種策略皆失敗
[2026-08-18 10:28:26] [3847/5921] 誠品生活480 (Attraction_387000000A_001840)
[2026-08-18 10:28:30]    ✅ 成功抓到 7 筆時段
[2026-08-18 10:28:32] [3848/5921] 泰安落羽松 (Attraction_387000000A_001842)
[2026-08-18 10:28:36]    ✅ 成功抓到 7 筆時段
[2026-08-18 10:28:38] [3849/5921] 郵政博物館臺中館 (Attraction_387000000A_001843)
[2026-08-18 10:28:43]    ✅ 成功抓到 7 筆時段
[2026-08-18 10:28:45] [3850/5921] 勤美術館 (Attraction_387000000A_001844)
[2026-08-18 10:28:52]    (透過策略2成功)
[2026-08-18 10:28:52]    ✅ 成功抓到 7 筆時段
[2026-08-18 10:28:52]    💾 存檔！已處理 3850/5921 | 成功 2673 | 失敗 1177
[2026-08-18 10:28:52]       資料庫共 4017 筆，其中 2816 筆有營業時間
[2026-08-18 10:28:52]       速度 6.4 筆/分鐘 | 預估剩餘 325 分鐘
[2026-08-18 10:28:54] [3851/5921] 廍子公園 (Attraction_387000000A_001958)
[2026-08-18 10:28:58]    ✅ 成功抓到 7 筆時段
[2026-08-18 10:29:00] [3852/5921] 營林所臺中出張所宿泊所 (Attraction_387000000A_001959)
[2026-08-18 10:29:05]    ✅ 成功抓到 7 筆時段
[2026-08-18 10:29:07] [3853/5921] 南鯤鯓代天府 (Attraction_395000000A_000466)
[2026-08-18 10:29:14]    (透過策略2成功)
[2026-08-18 10:29:14]    ✅ 成功抓到 7 筆時段
[2026-08-18 10:29:16] [3854/5921] 東隆宮文化中心 (Attraction_395000000A_000467)
[2026-08-18 10:29:28]    ❌ 三種策略皆失敗
[2026-08-18 10:29:30] [3855/5921] 將軍漁港 (Attraction_395000000A_000469)
[2026-08-18 10:31:02]    ❌ 三種策略皆失敗
[2026-08-18 10:31:04] [3856/5921] 七股潟湖 (Attraction_395000000A_000470)
[2026-08-18 10:31:10]    ❌ 三種策略皆失敗
[2026-08-18 10:31:12] [3857/5921] 七股鹽山 (Attraction_395000000A_000471)
[2026-08-18 10:31:20]    ✅ 成功抓到 7 筆時段
[2026-08-18 10:31:22] [3858/5921] 紅樹林賞鳥區 (Attraction_395000000A_000472)
[2026-08-18 10:31:28]    ❌ 三種策略皆失敗
[2026-08-18 10:31:30] [3859/5921] 黑面琵鷺保護區 (Attraction_395000000A_000473)
[2026-08-18 10:31:34]    ✅ 成功抓到 7 筆時段
[2026-08-18 10:31:36] [3860/5921] 黑面琵鷺生態展示館（原黑面琵鷺研究及保育管理中心） (Attraction_395000000A_000474)
[2026-08-18 10:31:45]    ❌ 三種策略皆失敗
[2026-08-18 10:31:45]    💾 存檔！已處理 3860/5921 | 成功 2678 | 失敗 1182
[2026-08-18 10:31:45]       資料庫共 4027 筆，其中 2821 筆有營業時間
[2026-08-18 10:31:45]       速度 6.4 筆/分鐘 | 預估剩餘 324 分鐘
[2026-08-18 10:31:47] [3861/5921] 學甲慈濟宮 (Attraction_395000000A_000475)
[2026-08-18 10:31:56]    ✅ 成功抓到 7 筆時段
[2026-08-18 10:31:58] [3862/5921] 頑皮世界野生動物園 (Attraction_395000000A_000476)
[2026-08-18 10:32:03]    ✅ 成功抓到 7 筆時段
[2026-08-18 10:32:05] [3863/5921] 海埔池王府 (Attraction_395000000A_000477)
[2026-08-18 10:32:09]    ✅ 成功抓到 7 筆時段
[2026-08-18 10:32:11] [3864/5921] 麻豆代天府 (Attraction_395000000A_000479)
[2026-08-18 10:32:19]    (透過策略2成功)
[2026-08-18 10:32:19]    ✅ 成功抓到 7 筆時段
[2026-08-18 10:32:21] [3865/5921] 總爺藝文中心 (Attraction_395000000A_000480)
[2026-08-18 10:32:28]    (透過策略2成功)
[2026-08-18 10:32:28]    ✅ 成功抓到 7 筆時段
[2026-08-18 10:32:30] [3866/5921] 蔴荳古港文化園區 (Attraction_395000000A_000481)
[2026-08-18 10:32:34]    ✅ 成功抓到 7 筆時段
[2026-08-18 10:32:36] [3867/5921] 佳里震興宮 (Attraction_395000000A_000483)
[2026-08-18 10:32:40]    ✅ 成功抓到 7 筆時段
[2026-08-18 10:32:42] [3868/5921] 蕭壠文化園區 (Attraction_395000000A_000484)
[2026-08-18 10:32:47]    ✅ 成功抓到 7 筆時段
[2026-08-18 10:32:49] [3869/5921] 西港慶安宮 (Attraction_395000000A_000485)
[2026-08-18 10:32:53]    ✅ 成功抓到 7 筆時段
[2026-08-18 10:32:55] [3870/5921] 佳里金唐殿 (Attraction_395000000A_000486)
[2026-08-18 10:33:00]    ✅ 成功抓到 7 筆時段
[2026-08-18 10:33:00]    💾 存檔！已處理 3870/5921 | 成功 2688 | 失敗 1182
[2026-08-18 10:33:00]       資料庫共 4037 筆，其中 2831 筆有營業時間
[2026-08-18 10:33:00]       速度 6.4 筆/分鐘 | 預估剩餘 323 分鐘
[2026-08-18 10:33:02] [3871/5921] 北頭洋平埔文化園區 (Attraction_395000000A_000487)
[2026-08-18 10:33:12]    ❌ 三種策略皆失敗
[2026-08-18 10:33:14] [3872/5921] 台灣鹽博物館 (Attraction_395000000A_000489)
[2026-08-18 10:33:26]    (透過策略2成功)
[2026-08-18 10:33:26]    ✅ 成功抓到 7 筆時段
[2026-08-18 10:33:28] [3873/5921] 八角樓 (Attraction_395000000A_000490)
[2026-08-18 10:33:34]    ❌ 三種策略皆失敗
[2026-08-18 10:33:36] [3874/5921] 月津港-聚波亭大眾廟 (Attraction_395000000A_000491)
[2026-08-18 10:33:44]    ✅ 成功抓到 7 筆時段
[2026-08-18 10:33:46] [3875/5921] 鹽水武廟 (Attraction_395000000A_000493)
[2026-08-18 10:35:18]    ✅ 成功抓到 7 筆時段
[2026-08-18 10:35:20] [3876/5921] 鹽水橋南老街 (Attraction_395000000A_000494)
[2026-08-18 10:36:54]    (透過策略2成功)
[2026-08-18 10:36:54]    ✅ 成功抓到 7 筆時段
[2026-08-18 10:36:56] [3877/5921] 天鵝湖公園(舊名埤寮埤) (Attraction_395000000A_000495)
[2026-08-18 10:37:00]    ✅ 成功抓到 7 筆時段
[2026-08-18 10:37:02] [3878/5921] 南瀛綠都心5號公園 (Attraction_395000000A_000496)
[2026-08-18 10:37:07]    ✅ 成功抓到 7 筆時段
[2026-08-18 10:37:09] [3879/5921] 新營鐵道文化園區 (Attraction_395000000A_000498)
[2026-08-18 10:37:13]    ✅ 成功抓到 7 筆時段
[2026-08-18 10:37:15] [3880/5921] 新營太子宮 (Attraction_395000000A_000499)
[2026-08-18 10:37:22]    ❌ 三種策略皆失敗
[2026-08-18 10:37:22]    💾 存檔！已處理 3880/5921 | 成功 2695 | 失敗 1185
[2026-08-18 10:37:22]       資料庫共 4047 筆，其中 2838 筆有營業時間
[2026-08-18 10:37:22]       速度 6.3 筆/分鐘 | 預估剩餘 323 分鐘
[2026-08-18 10:37:24] [3881/5921] 鐵線橋通濟宮 (Attraction_395000000A_000500)
[2026-08-18 10:37:28]    ✅ 成功抓到 7 筆時段
[2026-08-18 10:37:30] [3882/5921] 菁寮聖十字架天主堂 (Attraction_395000000A_000501)
[2026-08-18 10:37:36]    ❌ 三種策略皆失敗
[2026-08-18 10:37:38] [3883/5921] 菁寮國小 (Attraction_395000000A_000502)
[2026-08-18 10:37:42]    ✅ 成功抓到 7 筆時段
[2026-08-18 10:37:44] [3884/5921] 阮家古厝（金德興藥舖） (Attraction_395000000A_000504)
[2026-08-18 10:37:47]    ✅ 成功抓到 7 筆時段
[2026-08-18 10:37:49] [3885/5921] 臺灣蘭花生物科技園區 (Attraction_395000000A_000505)
[2026-08-18 10:38:01]    (透過策略2成功)
[2026-08-18 10:38:01]    ✅ 成功抓到 7 筆時段
[2026-08-18 10:38:03] [3886/5921] 台糖烏樹林園區 (Attraction_395000000A_000506)
[2026-08-18 10:38:09]    ❌ 三種策略皆失敗
[2026-08-18 10:38:11] [3887/5921] 蓮花公園 (Attraction_395000000A_000508)
[2026-08-18 10:38:16]    ❌ 三種策略皆失敗
[2026-08-18 10:38:18] [3888/5921] 白河水庫 (Attraction_395000000A_000510)
[2026-08-18 10:38:23]    ❌ 三種策略皆失敗
[2026-08-18 10:38:25] [3889/5921] 白河大仙寺 (Attraction_395000000A_000512)
[2026-08-18 10:38:29]    ✅ 成功抓到 7 筆時段
[2026-08-18 10:38:31] [3890/5921] 紅葉公園 (Attraction_395000000A_000513)
[2026-08-18 10:38:36]    ✅ 成功抓到 7 筆時段
[2026-08-18 10:38:36]    💾 存檔！已處理 3890/5921 | 成功 2701 | 失敗 1189
[2026-08-18 10:38:36]       資料庫共 4057 筆，其中 2844 筆有營業時間
[2026-08-18 10:38:36]       速度 6.3 筆/分鐘 | 預估剩餘 321 分鐘
[2026-08-18 10:38:38] [3891/5921] 東山孚佑宮(仙公廟) (Attraction_395000000A_000516)
[2026-08-18 10:38:42]    ✅ 成功抓到 7 筆時段
[2026-08-18 10:38:44] [3892/5921] 仙湖農場 (Attraction_395000000A_000517)
[2026-08-18 10:38:48]    ✅ 成功抓到 7 筆時段
[2026-08-18 10:38:50] [3893/5921] 乳牛的家 (Attraction_395000000A_000519)
[2026-08-18 10:39:02]    (透過策略2成功)
[2026-08-18 10:39:02]    ✅ 成功抓到 7 筆時段
[2026-08-18 10:39:04] [3894/5921] 德元埤荷蘭村 (Attraction_395000000A_000520)
[2026-08-18 10:39:08]    ✅ 成功抓到 7 筆時段
[2026-08-18 10:39:10] [3895/5921] 太康綠色隧道 (Attraction_395000000A_000522)
[2026-08-18 10:39:14]    ✅ 成功抓到 7 筆時段
[2026-08-18 10:39:16] [3896/5921] 柳營尖山埤渡假村 (Attraction_395000000A_000523)
[2026-08-18 10:39:22]    ❌ 三種策略皆失敗
[2026-08-18 10:39:24] [3897/5921] 顏水龍紀念公園 (Attraction_395000000A_000525)
[2026-08-18 10:39:28]    ✅ 成功抓到 7 筆時段
[2026-08-18 10:39:30] [3898/5921] 下營區產業文化展示館 (Attraction_395000000A_000526)
[2026-08-18 10:39:34]    ✅ 成功抓到 7 筆時段
[2026-08-18 10:39:36] [3899/5921] 下營玄天上帝廟及文化館 (Attraction_395000000A_000527)
[2026-08-18 10:39:40]    ✅ 成功抓到 7 筆時段
[2026-08-18 10:39:42] [3900/5921] 武承恩公園 (Attraction_395000000A_000528)
[2026-08-18 10:39:47]    ✅ 成功抓到 7 筆時段
[2026-08-18 10:39:47]    💾 存檔！已處理 3900/5921 | 成功 2710 | 失敗 1190
[2026-08-18 10:39:47]       資料庫共 4067 筆，其中 2853 筆有營業時間
[2026-08-18 10:39:47]       速度 6.3 筆/分鐘 | 預估剩餘 319 分鐘
[2026-08-18 10:39:49] [3901/5921] 烏山頭水庫風景區 (Attraction_395000000A_000529)
[2026-08-18 10:39:57]    (透過策略2成功)
[2026-08-18 10:39:57]    ✅ 成功抓到 7 筆時段
[2026-08-18 10:39:59] [3902/5921] 南元休閒農場 (Attraction_395000000A_000531)
[2026-08-18 10:40:14]    ❌ 三種策略皆失敗
[2026-08-18 10:40:16] [3903/5921] 赤山龍湖巖 (Attraction_395000000A_000532)
[2026-08-18 10:40:20]    ✅ 成功抓到 7 筆時段
[2026-08-18 10:40:22] [3904/5921] 林鳳營車站 (Attraction_395000000A_000533)
[2026-08-18 10:40:38]    ❌ 三種策略皆失敗
[2026-08-18 10:40:40] [3905/5921] 蓮花世界 (Attraction_395000000A_000534)
[2026-08-18 10:40:46]    ❌ 三種策略皆失敗
[2026-08-18 10:40:48] [3906/5921] 九品蓮花生態教育園區 (Attraction_395000000A_000535)
[2026-08-18 10:40:52]    ✅ 成功抓到 7 筆時段
[2026-08-18 10:40:54] [3907/5921] 西口小瑞士 (Attraction_395000000A_000536)
[2026-08-18 10:40:58]    ✅ 成功抓到 7 筆時段
[2026-08-18 10:41:00] [3908/5921] 隆田酒廠北蟲草文化展示園區 (Attraction_395000000A_000537)
[2026-08-18 10:41:04]    ✅ 成功抓到 7 筆時段
[2026-08-18 10:41:06] [3909/5921] 走馬瀨農場 (Attraction_395000000A_000542)
[2026-08-18 10:41:17]    ❌ 三種策略皆失敗
[2026-08-18 10:41:19] [3910/5921] 南瀛天文館 (Attraction_395000000A_000543)
[2026-08-18 10:41:24]    ✅ 成功抓到 7 筆時段
[2026-08-18 10:41:24]    💾 存檔！已處理 3910/5921 | 成功 2716 | 失敗 1194
[2026-08-18 10:41:24]       資料庫共 4077 筆，其中 2859 筆有營業時間
[2026-08-18 10:41:24]       速度 6.3 筆/分鐘 | 預估剩餘 317 分鐘
[2026-08-18 10:41:26] [3911/5921] 玉井北極殿 (Attraction_395000000A_000545)
[2026-08-18 10:41:29]    ✅ 成功抓到 7 筆時段
[2026-08-18 10:41:31] [3912/5921] 余清芳抗日紀念碑 (Attraction_395000000A_000546)
[2026-08-18 10:41:35]    ✅ 成功抓到 7 筆時段
[2026-08-18 10:41:37] [3913/5921] 噍吧哖紀念公園 (Attraction_395000000A_000548)
[2026-08-18 10:41:43]    ❌ 三種策略皆失敗
[2026-08-18 10:41:45] [3914/5921] 梅嶺風景區 (Attraction_395000000A_000550)
[2026-08-18 10:41:49]    ✅ 成功抓到 7 筆時段
[2026-08-18 10:41:51] [3915/5921] 玉山寶光聖堂 (Attraction_395000000A_000551)
[2026-08-18 10:41:55]    ✅ 成功抓到 7 筆時段
[2026-08-18 10:41:57] [3916/5921] 南部科學園區 (Attraction_395000000A_000553)
[2026-08-18 10:42:07]    ✅ 成功抓到 7 筆時段
[2026-08-18 10:42:09] [3917/5921] 善化慶安宮 (Attraction_395000000A_000554)
[2026-08-18 10:42:13]    ✅ 成功抓到 7 筆時段
[2026-08-18 10:42:15] [3918/5921] 善化啤酒觀光工廠 (Attraction_395000000A_000556)
[2026-08-18 10:42:19]    ✅ 成功抓到 7 筆時段
[2026-08-18 10:42:21] [3919/5921] 鄭成功墓址紀念碑 (Attraction_395000000A_000558)
[2026-08-18 10:43:53]    ✅ 成功抓到 7 筆時段
[2026-08-18 10:43:55] [3920/5921] 新化老街 (Attraction_395000000A_000559)
[2026-08-18 10:43:59]    ✅ 成功抓到 7 筆時段
[2026-08-18 10:43:59]    💾 存檔！已處理 3920/5921 | 成功 2725 | 失敗 1195
[2026-08-18 10:43:59]       資料庫共 4087 筆，其中 2868 筆有營業時間
[2026-08-18 10:43:59]       速度 6.3 筆/分鐘 | 預估剩餘 316 分鐘
[2026-08-18 10:44:01] [3921/5921] 楊逵紀念館 (Attraction_395000000A_000560)
[2026-08-18 10:44:05]    ✅ 成功抓到 7 筆時段
[2026-08-18 10:44:07] [3922/5921] 新化街役場1934街役場古蹟餐坊 (Attraction_395000000A_000561)
[2026-08-18 10:44:12]    ✅ 成功抓到 7 筆時段
[2026-08-18 10:44:14] [3923/5921] 虎頭埤風景區 (Attraction_395000000A_000562)
[2026-08-18 10:44:20]    ❌ 三種策略皆失敗
[2026-08-18 10:44:22] [3924/5921] 大坑休閒農場 (Attraction_395000000A_000564)
[2026-08-18 10:44:30]    ✅ 成功抓到 7 筆時段
[2026-08-18 10:44:32] [3925/5921] 臺南左鎮化石園區 (Attraction_395000000A_000566)
[2026-08-18 10:44:37]    ✅ 成功抓到 7 筆時段
[2026-08-18 10:44:39] [3926/5921] 噶瑪噶居寺 (Attraction_395000000A_000568)
[2026-08-18 10:44:43]    ✅ 成功抓到 7 筆時段
[2026-08-18 10:44:45] [3927/5921] 二寮日出 (Attraction_395000000A_000569)
[2026-08-18 10:44:51]    ❌ 三種策略皆失敗
[2026-08-18 10:44:53] [3928/5921] 308高地 (Attraction_395000000A_000570)
[2026-08-18 10:44:58]    ❌ 三種策略皆失敗
[2026-08-18 10:45:00] [3929/5921] 保安車站 (Attraction_395000000A_000571)
[2026-08-18 10:45:06]    ❌ 三種策略皆失敗
[2026-08-18 10:45:08] [3930/5921] 奇美博物館 (Attraction_395000000A_000572)
[2026-08-18 10:45:13]    ✅ 成功抓到 7 筆時段
[2026-08-18 10:45:13]    💾 存檔！已處理 3930/5921 | 成功 2731 | 失敗 1199
[2026-08-18 10:45:13]       資料庫共 4097 筆，其中 2874 筆有營業時間
[2026-08-18 10:45:13]       速度 6.3 筆/分鐘 | 預估剩餘 315 分鐘
[2026-08-18 10:45:15] [3931/5921] 臺南家具產業博物館 (Attraction_395000000A_000573)
[2026-08-18 10:45:19]    ✅ 成功抓到 7 筆時段
[2026-08-18 10:45:21] [3932/5921] 歸仁仁壽宮 (Attraction_395000000A_000575)
[2026-08-18 10:45:26]    ✅ 成功抓到 7 筆時段
[2026-08-18 10:45:28] [3933/5921] 潁川家廟 (Attraction_395000000A_000579)
[2026-08-18 10:45:34]    ❌ 三種策略皆失敗
[2026-08-18 10:45:36] [3934/5921] 關廟山西宮 (Attraction_395000000A_000580)
[2026-08-18 10:45:40]    ✅ 成功抓到 7 筆時段
[2026-08-18 10:45:42] [3935/5921] 千佛山菩提寺 (Attraction_395000000A_000581)
[2026-08-18 10:45:46]    ✅ 成功抓到 7 筆時段
[2026-08-18 10:45:48] [3936/5921] 牛埔農塘 (Attraction_395000000A_000582)
[2026-08-18 10:45:52]    ✅ 成功抓到 7 筆時段
[2026-08-18 10:45:54] [3937/5921] 龍船窩 (Attraction_395000000A_000583)
[2026-08-18 10:46:01]    ❌ 三種策略皆失敗
[2026-08-18 10:46:03] [3938/5921] 虎形山公園 (Attraction_395000000A_000584)
[2026-08-18 10:46:07]    ✅ 成功抓到 7 筆時段
[2026-08-18 10:46:09] [3939/5921] 雲嘉南濱海國家風景區管理處 (Attraction_395000000A_000585)
[2026-08-18 10:46:16]    (透過策略2成功)
[2026-08-18 10:46:16]    ✅ 成功抓到 7 筆時段
[2026-08-18 10:46:18] [3940/5921] 北門潟湖 (Attraction_395000000A_000586)
[2026-08-18 10:47:52]    ✅ 成功抓到 7 筆時段
[2026-08-18 10:47:52]    💾 存檔！已處理 3940/5921 | 成功 2739 | 失敗 1201
[2026-08-18 10:47:52]       資料庫共 4107 筆，其中 2882 筆有營業時間
[2026-08-18 10:47:52]       速度 6.3 筆/分鐘 | 預估剩餘 314 分鐘
[2026-08-18 10:47:54] [3941/5921] 井仔腳瓦盤鹽田 (Attraction_395000000A_000587)
[2026-08-18 10:47:58]    ✅ 成功抓到 7 筆時段
[2026-08-18 10:48:00] [3942/5921] 蘆竹溝漁港 (Attraction_395000000A_000589)
[2026-08-18 10:48:04]    ✅ 成功抓到 7 筆時段
[2026-08-18 10:48:06] [3943/5921] 關子嶺風景區(泥漿溫泉) (Attraction_395000000A_000590)
[2026-08-18 10:48:15]    ❌ 三種策略皆失敗
[2026-08-18 10:48:17] [3944/5921] 六重溪親水公園 (Attraction_395000000A_000592)
[2026-08-18 10:48:23]    ❌ 三種策略皆失敗
[2026-08-18 10:48:25] [3945/5921] 斑芝花高爾夫俱樂部 (Attraction_395000000A_000594)
[2026-08-18 10:48:29]    ✅ 成功抓到 7 筆時段
[2026-08-18 10:48:31] [3946/5921] 南寶高爾夫俱樂部 (Attraction_395000000A_000595)
[2026-08-18 10:48:35]    ✅ 成功抓到 7 筆時段
[2026-08-18 10:48:37] [3947/5921] 雙春濱海遊憩區 (愛莊園) (Attraction_395000000A_000597)
[2026-08-18 10:48:46]    ❌ 三種策略皆失敗
[2026-08-18 10:48:48] [3948/5921] 紅樹林保護區 (Attraction_395000000A_000598)
[2026-08-18 10:48:55]    (透過策略2成功)
[2026-08-18 10:48:55]    ✅ 成功抓到 7 筆時段
[2026-08-18 10:48:57] [3949/5921] 南化烏山生態區 (Attraction_395000000A_000599)
[2026-08-18 10:49:04]    (透過策略2成功)
[2026-08-18 10:49:04]    ✅ 成功抓到 7 筆時段
[2026-08-18 10:49:06] [3950/5921] 蓮潭 (Attraction_395000000A_000600)
[2026-08-18 10:49:12]    ❌ 三種策略皆失敗
[2026-08-18 10:49:12]    💾 存檔！已處理 3950/5921 | 成功 2745 | 失敗 1205
[2026-08-18 10:49:12]       資料庫共 4117 筆，其中 2888 筆有營業時間
[2026-08-18 10:49:12]       速度 6.3 筆/分鐘 | 預估剩餘 312 分鐘
[2026-08-18 10:49:14] [3951/5921] 將軍溪口紅樹林 (Attraction_395000000A_000601)
[2026-08-18 10:49:19]    ❌ 三種策略皆失敗
[2026-08-18 10:49:21] [3952/5921] 台南高爾夫球場 (Attraction_395000000A_000605)
[2026-08-18 10:49:30]    ✅ 成功抓到 7 筆時段
[2026-08-18 10:49:32] [3953/5921] 南一高爾夫球場 (Attraction_395000000A_000606)
[2026-08-18 10:49:36]    ✅ 成功抓到 7 筆時段
[2026-08-18 10:49:38] [3954/5921] 嘉南高爾夫球場 (Attraction_395000000A_000607)
[2026-08-18 10:49:42]    ✅ 成功抓到 7 筆時段
[2026-08-18 10:49:44] [3955/5921] 火山碧雲寺 (Attraction_395000000A_000608)
[2026-08-18 10:49:51]    ❌ 三種策略皆失敗
[2026-08-18 10:49:53] [3956/5921] 大安生態教育農場 (Attraction_395000000A_000612)
[2026-08-18 10:49:57]    ✅ 成功抓到 7 筆時段
[2026-08-18 10:49:59] [3957/5921] 果農之家 (Attraction_395000000A_000613)
[2026-08-18 10:50:03]    ✅ 成功抓到 7 筆時段
[2026-08-18 10:50:05] [3958/5921] 南化水庫 (Attraction_395000000A_000623)
[2026-08-18 10:50:11]    ❌ 三種策略皆失敗
[2026-08-18 10:50:13] [3959/5921] 草山月世界 (Attraction_395000000A_000624)
[2026-08-18 10:50:19]    ❌ 三種策略皆失敗
[2026-08-18 10:50:21] [3960/5921] 水火同源 (Attraction_395000000A_000627)
[2026-08-18 10:50:25]    ✅ 成功抓到 7 筆時段
[2026-08-18 10:50:25]    💾 存檔！已處理 3960/5921 | 成功 2751 | 失敗 1209
[2026-08-18 10:50:25]       資料庫共 4127 筆，其中 2894 筆有營業時間
[2026-08-18 10:50:25]       速度 6.3 筆/分鐘 | 預估剩餘 310 分鐘
[2026-08-18 10:50:27] [3961/5921] 枕頭山 (Attraction_395000000A_000628)
[2026-08-18 10:50:39]    (透過策略2成功)
[2026-08-18 10:50:39]    ✅ 成功抓到 7 筆時段
[2026-08-18 10:50:41] [3962/5921] 台灣詩路 (Attraction_395000000A_000631)
[2026-08-18 10:50:44]    ✅ 成功抓到 7 筆時段
[2026-08-18 10:50:46] [3963/5921] 七股觀海樓 (Attraction_395000000A_000632)
[2026-08-18 10:50:51]    ✅ 成功抓到 7 筆時段
[2026-08-18 10:50:53] [3964/5921] 烏山登山步道系統 (Attraction_395000000A_000634)
[2026-08-18 10:50:59]    ❌ 三種策略皆失敗
[2026-08-18 10:51:01] [3965/5921] 梅嶺登山步道 (Attraction_395000000A_000635)
[2026-08-18 10:51:12]    ❌ 三種策略皆失敗
[2026-08-18 10:51:14] [3966/5921] 龜丹休閒體驗農園 (Attraction_395000000A_000637)
[2026-08-18 10:51:20]    ❌ 三種策略皆失敗
[2026-08-18 10:51:22] [3967/5921] 北門錢來也雜貨店 (Attraction_395000000A_000639)
[2026-08-18 10:53:02]    ❌ 三種策略皆失敗
[2026-08-18 10:53:04] [3968/5921] 北門九氳氤(陳姓桂記墓園) (Attraction_395000000A_000640)
[2026-08-18 10:53:07]    ✅ 成功抓到 7 筆時段
[2026-08-18 10:53:09] [3969/5921] 曾文水庫 (Attraction_395000000A_000641)
[2026-08-18 10:53:16]    ❌ 三種策略皆失敗
[2026-08-18 10:53:18] [3970/5921] 吉園休閒農場 (Attraction_395000000A_000642)
[2026-08-18 10:53:22]    ✅ 成功抓到 7 筆時段
[2026-08-18 10:53:22]    💾 存檔！已處理 3970/5921 | 成功 2756 | 失敗 1214
[2026-08-18 10:53:22]       資料庫共 4137 筆，其中 2899 筆有營業時間
[2026-08-18 10:53:22]       速度 6.3 筆/分鐘 | 預估剩餘 309 分鐘
[2026-08-18 10:53:24] [3971/5921] 台南鴨莊休閒農場 (Attraction_395000000A_000643)
[2026-08-18 10:53:30]    ❌ 三種策略皆失敗
[2026-08-18 10:53:32] [3972/5921] 方圓美術館 (Attraction_395000000A_000645)
[2026-08-18 10:53:36]    ✅ 成功抓到 7 筆時段
[2026-08-18 10:53:38] [3973/5921] 玄空法寺 (Attraction_395000000A_000648)
[2026-08-18 10:53:42]    ✅ 成功抓到 7 筆時段
[2026-08-18 10:53:44] [3974/5921] 綠谷西拉雅 (Attraction_395000000A_000649)
[2026-08-18 10:53:49]    ✅ 成功抓到 7 筆時段
[2026-08-18 10:53:51] [3975/5921] 台南都會公園 (Attraction_395000000A_000651)
[2026-08-18 10:53:55]    ✅ 成功抓到 7 筆時段
[2026-08-18 10:53:57] [3976/5921] 亞力山大蝴蝶生態教育農場 (Attraction_395000000A_000652)
[2026-08-18 10:54:01]    ✅ 成功抓到 7 筆時段
[2026-08-18 10:54:03] [3977/5921] 鹽分地帶文化館-香雨書院 (Attraction_395000000A_000653)
[2026-08-18 10:54:08]    ✅ 成功抓到 7 筆時段
[2026-08-18 10:54:10] [3978/5921] 永康公園 (Attraction_395000000A_000655)
[2026-08-18 10:54:21]    (透過策略2成功)
[2026-08-18 10:54:21]    ✅ 成功抓到 7 筆時段
[2026-08-18 10:54:23] [3979/5921] 歸仁七甲花卉區 (Attraction_395000000A_000656)
[2026-08-18 10:54:27]    ✅ 成功抓到 7 筆時段
[2026-08-18 10:54:29] [3980/5921] 成功國小蝴蝶園 (Attraction_395000000A_000657)
[2026-08-18 10:54:39]    ✅ 成功抓到 7 筆時段
[2026-08-18 10:54:39]    💾 存檔！已處理 3980/5921 | 成功 2765 | 失敗 1215
[2026-08-18 10:54:39]       資料庫共 4147 筆，其中 2908 筆有營業時間
[2026-08-18 10:54:39]       速度 6.3 筆/分鐘 | 預估剩餘 307 分鐘
[2026-08-18 10:54:41] [3981/5921] 鯤喜灣文化園區-龍山寺 (Attraction_395000000A_000658)
[2026-08-18 10:54:47]    ❌ 三種策略皆失敗
[2026-08-18 10:54:49] [3982/5921] 鯤喜灣文化園區-海景天橋(龍崗天橋) (Attraction_395000000A_000660)
[2026-08-18 10:55:04]    ❌ 三種策略皆失敗
[2026-08-18 10:55:06] [3983/5921] 鯤喜灣文化園區-萬皇宮 (Attraction_395000000A_000661)
[2026-08-18 10:55:18]    (透過策略2成功)
[2026-08-18 10:55:18]    ✅ 成功抓到 7 筆時段
[2026-08-18 10:55:20] [3984/5921] 灣裡萬年殿「鯤喜灣文化園區」 (Attraction_395000000A_000662)
[2026-08-18 10:55:27]    (透過策略2成功)
[2026-08-18 10:55:27]    ✅ 成功抓到 7 筆時段
[2026-08-18 10:55:29] [3985/5921] 鯤喜灣文化園區-保安宮 (Attraction_395000000A_000664)
[2026-08-18 10:55:41]    (透過策略2成功)
[2026-08-18 10:55:41]    ✅ 成功抓到 7 筆時段
[2026-08-18 10:55:43] [3986/5921] 看西街長老教會 (Attraction_395000000A_000668)
[2026-08-18 10:55:47]    ✅ 成功抓到 7 筆時段
[2026-08-18 10:55:49] [3987/5921] 普濟殿 (Attraction_395000000A_000669)
[2026-08-18 10:55:56]    (透過策略2成功)
[2026-08-18 10:55:56]    ✅ 成功抓到 7 筆時段
[2026-08-18 10:55:58] [3988/5921] 臺灣府城城垣小東門段殘蹟 (Attraction_395000000A_000670)
[2026-08-18 10:56:07]    ✅ 成功抓到 7 筆時段
[2026-08-18 10:56:09] [3989/5921] 安平古堡 (Attraction_395000000A_000671)
[2026-08-18 10:56:13]    ✅ 成功抓到 7 筆時段
[2026-08-18 10:56:15] [3990/5921] 億載金城 (二鯤鯓砲台) (Attraction_395000000A_000673)
[2026-08-18 10:56:20]    ✅ 成功抓到 7 筆時段
[2026-08-18 10:56:20]    💾 存檔！已處理 3990/5921 | 成功 2773 | 失敗 1217
[2026-08-18 10:56:20]       資料庫共 4157 筆，其中 2916 筆有營業時間
[2026-08-18 10:56:20]       速度 6.3 筆/分鐘 | 預估剩餘 306 分鐘
[2026-08-18 10:56:22] [3991/5921] 赤崁樓 (Attraction_395000000A_000674)
[2026-08-18 10:56:26]    ✅ 成功抓到 7 筆時段
[2026-08-18 10:56:28] [3992/5921] 祀典大天后宮(明寧靖王府邸) (Attraction_395000000A_000675)
[2026-08-18 10:56:33]    ✅ 成功抓到 7 筆時段
[2026-08-18 10:56:35] [3993/5921] 五妃廟 (Attraction_395000000A_000677)
[2026-08-18 10:56:39]    ✅ 成功抓到 7 筆時段
[2026-08-18 10:56:41] [3994/5921] 臺灣祀典武廟 (Attraction_395000000A_000678)
[2026-08-18 10:56:45]    ✅ 成功抓到 7 筆時段
[2026-08-18 10:56:47] [3995/5921] 國定古蹟臺南地方法院(司法博物館) (Attraction_395000000A_000680)
[2026-08-18 10:56:52]    ✅ 成功抓到 7 筆時段
[2026-08-18 10:56:54] [3996/5921] 兌悅門 (Attraction_395000000A_000681)
[2026-08-18 10:56:58]    ✅ 成功抓到 7 筆時段
[2026-08-18 10:57:00] [3997/5921] 臺灣府城隍廟 (Attraction_395000000A_000682)
[2026-08-18 10:57:04]    ✅ 成功抓到 7 筆時段
[2026-08-18 10:57:06] [3998/5921] 臺南三山國王廟 (Attraction_395000000A_000683)
[2026-08-18 10:57:11]    ✅ 成功抓到 7 筆時段
[2026-08-18 10:57:13] [3999/5921] 開基天后宮 (Attraction_395000000A_000684)
[2026-08-18 10:57:17]    ✅ 成功抓到 7 筆時段
[2026-08-18 10:57:19] [4000/5921] 開元寺 (Attraction_395000000A_000685)
[2026-08-18 10:57:24]    ✅ 成功抓到 7 筆時段
[2026-08-18 10:57:24]    💾 存檔！已處理 4000/5921 | 成功 2783 | 失敗 1217
[2026-08-18 10:57:24]       資料庫共 4167 筆，其中 2926 筆有營業時間
[2026-08-18 10:57:24]       速度 6.3 筆/分鐘 | 預估剩餘 304 分鐘
[2026-08-18 10:57:26] [4001/5921] 原英商德記洋行 (Attraction_395000000A_000687)
[2026-08-18 10:57:30]    ✅ 成功抓到 7 筆時段
[2026-08-18 10:57:32] [4002/5921] 妙壽宮 (Attraction_395000000A_000689)
[2026-08-18 10:57:37]    ✅ 成功抓到 7 筆時段
[2026-08-18 10:57:39] [4003/5921] 延平街古井 (Attraction_395000000A_000690)
[2026-08-18 10:57:43]    ✅ 成功抓到 7 筆時段
[2026-08-18 10:57:45] [4004/5921] 安平小砲臺 (Attraction_395000000A_000691)
[2026-08-18 10:57:50]    ✅ 成功抓到 7 筆時段
[2026-08-18 10:57:52] [4005/5921] 水仙宮 (Attraction_395000000A_000692)
[2026-08-18 10:57:59]    (透過策略2成功)
[2026-08-18 10:57:59]    ✅ 成功抓到 7 筆時段
[2026-08-18 10:58:01] [4006/5921] 臺南德化堂 (Attraction_395000000A_000693)
[2026-08-18 10:58:05]    ✅ 成功抓到 7 筆時段
[2026-08-18 10:58:07] [4007/5921] 陳德聚堂 (Attraction_395000000A_000695)
[2026-08-18 10:58:12]    ✅ 成功抓到 7 筆時段
[2026-08-18 10:58:14] [4008/5921] 蕭氏節孝坊 (Attraction_395000000A_000696)
[2026-08-18 10:58:18]    ✅ 成功抓到 7 筆時段
[2026-08-18 10:58:20] [4009/5921] 風神廟 (Attraction_395000000A_000697)
[2026-08-18 10:58:24]    ✅ 成功抓到 7 筆時段
[2026-08-18 10:58:26] [4010/5921] 擇賢堂 (Attraction_395000000A_000699)
[2026-08-18 10:58:31]    ✅ 成功抓到 7 筆時段
[2026-08-18 10:58:31]    💾 存檔！已處理 4010/5921 | 成功 2793 | 失敗 1217
[2026-08-18 10:58:31]       資料庫共 4177 筆，其中 2936 筆有營業時間
[2026-08-18 10:58:31]       速度 6.3 筆/分鐘 | 預估剩餘 302 分鐘
[2026-08-18 10:58:33] [4011/5921] 萬福庵照牆 (Attraction_395000000A_000700)
[2026-08-18 10:58:37]    ✅ 成功抓到 7 筆時段
[2026-08-18 10:58:39] [4012/5921] 景福祠 (Attraction_395000000A_000702)
[2026-08-18 10:58:47]    (透過策略2成功)
[2026-08-18 10:58:47]    ✅ 成功抓到 7 筆時段
[2026-08-18 10:58:49] [4013/5921] 報恩堂 (Attraction_395000000A_000704)
[2026-08-18 10:58:55]    ❌ 三種策略皆失敗
[2026-08-18 10:58:57] [4014/5921] 臺灣府城城垣南門段殘蹟 (Attraction_395000000A_000705)
[2026-08-18 10:59:02]    ❌ 三種策略皆失敗
[2026-08-18 10:59:04] [4015/5921] 開基靈祐宮 (Attraction_395000000A_000706)
[2026-08-18 10:59:08]    ✅ 成功抓到 7 筆時段
[2026-08-18 10:59:10] [4016/5921] 總趕宮 (Attraction_395000000A_000707)
[2026-08-18 10:59:15]    ✅ 成功抓到 7 筆時段
[2026-08-18 10:59:17] [4017/5921] 接官亭 (Attraction_395000000A_000708)
[2026-08-18 10:59:21]    ✅ 成功抓到 7 筆時段
[2026-08-18 10:59:23] [4018/5921] 東嶽殿 (Attraction_395000000A_000709)
[2026-08-18 10:59:30]    (透過策略2成功)
[2026-08-18 10:59:30]    ✅ 成功抓到 7 筆時段
[2026-08-18 10:59:32] [4019/5921] 臺灣首廟天壇「天公廟」 (Attraction_395000000A_000710)
[2026-08-18 10:59:36]    ✅ 成功抓到 7 筆時段
[2026-08-18 10:59:38] [4020/5921] 鄭成功祖廟 (Attraction_395000000A_000711)
[2026-08-18 10:59:43]    ✅ 成功抓到 7 筆時段
[2026-08-18 10:59:43]    💾 存檔！已處理 4020/5921 | 成功 2801 | 失敗 1219
[2026-08-18 10:59:43]       資料庫共 4187 筆，其中 2944 筆有營業時間
[2026-08-18 10:59:43]       速度 6.3 筆/分鐘 | 預估剩餘 301 分鐘
[2026-08-18 10:59:45] [4021/5921] 烏鬼井 (Attraction_395000000A_000713)
[2026-08-18 10:59:49]    ✅ 成功抓到 7 筆時段
[2026-08-18 10:59:51] [4022/5921] 台南公園(羊蹄甲林)、台南苦楝花(知事官邸) (Attraction_395000000A_000715)
[2026-08-18 10:59:59]    (透過策略2成功)
[2026-08-18 10:59:59]    ✅ 成功抓到 7 筆時段
[2026-08-18 11:00:01] [4023/5921] 西華堂 (Attraction_395000000A_000716)
[2026-08-18 11:00:05]    ✅ 成功抓到 7 筆時段
[2026-08-18 11:00:07] [4024/5921] 臺灣府城巽方砲臺(巽方靖鎮) (Attraction_395000000A_000720)
[2026-08-18 11:00:12]    ✅ 成功抓到 7 筆時段
[2026-08-18 11:00:14] [4025/5921] 大東門 (Attraction_395000000A_000721)
[2026-08-18 11:00:18]    ✅ 成功抓到 7 筆時段
[2026-08-18 11:00:20] [4026/5921] 原台南測候所(交通部中央氣象署臺灣南區氣象中心) (Attraction_395000000A_000723)
[2026-08-18 11:00:24]    ✅ 成功抓到 7 筆時段
[2026-08-18 11:00:26] [4027/5921] 成功大學禮賢樓(原日軍步兵第二聯隊本部) (Attraction_395000000A_000724)
[2026-08-18 11:02:22]    (透過策略2成功)
[2026-08-18 11:02:22]    ✅ 成功抓到 7 筆時段
[2026-08-18 11:02:24] [4028/5921] 成功大學舊文學院及大成館(原日軍步兵第二聯隊營舍) (Attraction_395000000A_000725)
[2026-08-18 11:02:33]    ❌ 三種策略皆失敗
[2026-08-18 11:02:35] [4029/5921] 臺南車站 (Attraction_395000000A_000726)
[2026-08-18 11:04:18]    ❌ 三種策略皆失敗
[2026-08-18 11:04:20] [4030/5921] 安平蚵灰窯文化館 (Attraction_395000000A_000728)
[2026-08-18 11:04:24]    ✅ 成功抓到 7 筆時段
[2026-08-18 11:04:24]    💾 存檔！已處理 4030/5921 | 成功 2809 | 失敗 1221
[2026-08-18 11:04:24]       資料庫共 4197 筆，其中 2952 筆有營業時間
[2026-08-18 11:04:24]       速度 6.3 筆/分鐘 | 預估剩餘 300 分鐘
[2026-08-18 11:04:26] [4031/5921] 臺灣城殘蹟(安平古堡內牆) (Attraction_395000000A_000729)
[2026-08-18 11:04:30]    ✅ 成功抓到 7 筆時段
[2026-08-18 11:04:32] [4032/5921] 台南運河博物館 (Attraction_395000000A_000730)
[2026-08-18 11:04:37]    ✅ 成功抓到 7 筆時段
[2026-08-18 11:04:39] [4033/5921] 原安平港導流堤南堤 (Attraction_395000000A_000731)
[2026-08-18 11:04:43]    ✅ 成功抓到 7 筆時段
[2026-08-18 11:04:45] [4034/5921] 安平市仔街何旺厝 (Attraction_395000000A_000732)
[2026-08-18 11:04:51]    ❌ 三種策略皆失敗
[2026-08-18 11:04:53] [4035/5921] 安平海頭社魏宅 (Attraction_395000000A_000733)
[2026-08-18 11:04:59]    ❌ 三種策略皆失敗
[2026-08-18 11:05:01] [4036/5921] 安平盧經堂厝 (Attraction_395000000A_000735)
[2026-08-18 11:05:05]    ✅ 成功抓到 7 筆時段
[2026-08-18 11:05:07] [4037/5921] 原台南神社事務所及外苑 (Attraction_395000000A_000736)
[2026-08-18 11:05:14]    ❌ 三種策略皆失敗
[2026-08-18 11:05:16] [4038/5921] 湯德章紀念公園 (Attraction_395000000A_000737)
[2026-08-18 11:05:20]    ✅ 成功抓到 7 筆時段
[2026-08-18 11:05:22] [4039/5921] 大井頭 (Attraction_395000000A_000738)
[2026-08-18 11:05:29]    ❌ 三種策略皆失敗
[2026-08-18 11:05:31] [4040/5921] 原林百貨 (Attraction_395000000A_000739)
[2026-08-18 11:05:35]    ✅ 成功抓到 7 筆時段
[2026-08-18 11:05:35]    💾 存檔！已處理 4040/5921 | 成功 2815 | 失敗 1225
[2026-08-18 11:05:35]       資料庫共 4207 筆，其中 2958 筆有營業時間
[2026-08-18 11:05:35]       速度 6.3 筆/分鐘 | 預估剩餘 299 分鐘
[2026-08-18 11:05:37] [4041/5921] 藍晒圖文創園區 (Attraction_395000000A_000740)
[2026-08-18 11:05:41]    ✅ 成功抓到 7 筆時段
[2026-08-18 11:05:43] [4042/5921] 臺南市中西區圖書館 (Attraction_395000000A_000742)
[2026-08-18 11:05:48]    ✅ 成功抓到 7 筆時段
[2026-08-18 11:05:50] [4043/5921] 葉石濤文學紀念館（原山林事務所） (Attraction_395000000A_000743)
[2026-08-18 11:05:54]    ✅ 成功抓到 7 筆時段
[2026-08-18 11:05:56] [4044/5921] 廣安宮 (Attraction_395000000A_000744)
[2026-08-18 11:06:04]    (透過策略2成功)
[2026-08-18 11:06:04]    ✅ 成功抓到 7 筆時段
[2026-08-18 11:06:06] [4045/5921] 金華府 (Attraction_395000000A_000745)
[2026-08-18 11:06:10]    ✅ 成功抓到 7 筆時段
[2026-08-18 11:06:12] [4046/5921] 西市場(大菜市) (Attraction_395000000A_000746)
[2026-08-18 11:06:27]    (透過策略3成功)
[2026-08-18 11:06:27]    ✅ 成功抓到 7 筆時段
[2026-08-18 11:06:29] [4047/5921] 淺草新天地 (Attraction_395000000A_000749)
[2026-08-18 11:06:33]    ✅ 成功抓到 7 筆時段
[2026-08-18 11:06:35] [4048/5921] 國立台南大學紅樓 (Attraction_395000000A_000750)
[2026-08-18 11:06:41]    ❌ 三種策略皆失敗
[2026-08-18 11:06:43] [4049/5921] 農田水利署嘉南管理處(原嘉南大圳組合事務所) (Attraction_395000000A_000752)
[2026-08-18 11:06:47]    ✅ 成功抓到 7 筆時段
[2026-08-18 11:06:49] [4050/5921] 臺南市美術館(原台南市警察局/原日治時台南警察署) (Attraction_395000000A_000753)
[2026-08-18 11:07:00]    (透過策略3成功)
[2026-08-18 11:07:00]    ✅ 成功抓到 7 筆時段
[2026-08-18 11:07:00]    💾 存檔！已處理 4050/5921 | 成功 2824 | 失敗 1226
[2026-08-18 11:07:00]       資料庫共 4217 筆，其中 2967 筆有營業時間
[2026-08-18 11:07:00]       速度 6.3 筆/分鐘 | 預估剩餘 297 分鐘
[2026-08-18 11:07:02] [4051/5921] 土地銀行台南分行(原日本勸業銀行台南支店) (Attraction_395000000A_000754)
[2026-08-18 11:07:17]    (透過策略3成功)
[2026-08-18 11:07:17]    ✅ 成功抓到 7 筆時段
[2026-08-18 11:07:19] [4052/5921] 台南武德殿 (Attraction_395000000A_000755)
[2026-08-18 11:07:22]    ✅ 成功抓到 7 筆時段
[2026-08-18 11:07:24] [4053/5921] 原臺南愛國婦人會館 (Attraction_395000000A_000758)
[2026-08-18 11:07:29]    ✅ 成功抓到 7 筆時段
[2026-08-18 11:07:31] [4054/5921] 原台南合同廳舍(消防史料館) (Attraction_395000000A_000759)
[2026-08-18 11:07:36]    ✅ 成功抓到 7 筆時段
[2026-08-18 11:07:38] [4055/5921] 吳園(原台南公會堂) (Attraction_395000000A_000760)
[2026-08-18 11:07:42]    ✅ 成功抓到 7 筆時段
[2026-08-18 11:07:44] [4056/5921] 立人國小忠孝樓(原寶公學校本館) (Attraction_395000000A_000761)
[2026-08-18 11:08:01]    (透過策略3成功)
[2026-08-18 11:08:01]    ✅ 成功抓到 7 筆時段
[2026-08-18 11:08:03] [4057/5921] 台南二中(原台南中學學校講堂) (Attraction_395000000A_000765)
[2026-08-18 11:08:18]    (透過策略3成功)
[2026-08-18 11:08:18]    ✅ 成功抓到 7 筆時段
[2026-08-18 11:08:20] [4058/5921] 水交社文化園區 (Attraction_395000000A_000766)
[2026-08-18 11:08:27]    (透過策略2成功)
[2026-08-18 11:08:27]    ✅ 成功抓到 7 筆時段
[2026-08-18 11:08:29] [4059/5921] 原臺灣總督府專賣局臺南支局（白雪學堂） (Attraction_395000000A_000768)
[2026-08-18 11:08:38]    ❌ 三種策略皆失敗
[2026-08-18 11:08:40] [4060/5921] 原臺灣府城東門段城垣殘蹟 (Attraction_395000000A_000771)
[2026-08-18 11:08:45]    ❌ 三種策略皆失敗
[2026-08-18 11:08:45]    💾 存檔！已處理 4060/5921 | 成功 2832 | 失敗 1228
[2026-08-18 11:08:45]       資料庫共 4227 筆，其中 2975 筆有營業時間
[2026-08-18 11:08:45]       速度 6.3 筆/分鐘 | 預估剩餘 295 分鐘
[2026-08-18 11:08:47] [4061/5921] 台南文化創意產業園區 (Attraction_395000000A_000773)
[2026-08-18 11:08:51]    ✅ 成功抓到 7 筆時段
[2026-08-18 11:08:53] [4062/5921] 長榮中學校史館、校牧館(原台南長老教中學校講堂暨校長宿舍) (Attraction_395000000A_000775)
[2026-08-18 11:09:02]    ✅ 成功抓到 7 筆時段
[2026-08-18 11:09:04] [4063/5921] 長榮女中長榮大樓 (Attraction_395000000A_000776)
[2026-08-18 11:09:13]    ✅ 成功抓到 7 筆時段
[2026-08-18 11:09:15] [4064/5921] 原台南廳長官邸 (Attraction_395000000A_000778)
[2026-08-18 11:10:47]    ✅ 成功抓到 7 筆時段
[2026-08-18 11:10:49] [4065/5921] 南一中紅樓及小禮堂(原台南州立第二中學校校舍本館暨講堂) (Attraction_395000000A_000779)
[2026-08-18 11:11:03]    (透過策略3成功)
[2026-08-18 11:11:03]    ✅ 成功抓到 7 筆時段
[2026-08-18 11:11:05] [4066/5921] 臺南神學院(原台南神學校校舍暨禮拜堂) (Attraction_395000000A_000780)
[2026-08-18 11:14:24]    (透過策略3成功)
[2026-08-18 11:14:24]    ✅ 成功抓到 7 筆時段
[2026-08-18 11:14:26] [4067/5921] 知事官邸生活館 (Attraction_395000000A_000782)
[2026-08-18 11:14:35]    ✅ 成功抓到 7 筆時段
[2026-08-18 11:14:37] [4068/5921] 媽祖樓天后宮 (Attraction_395000000A_000783)
[2026-08-18 11:14:41]    ✅ 成功抓到 7 筆時段
[2026-08-18 11:14:43] [4069/5921] 集福宮 (Attraction_395000000A_000784)
[2026-08-18 11:14:51]    (透過策略2成功)
[2026-08-18 11:14:51]    ✅ 成功抓到 7 筆時段
[2026-08-18 11:14:53] [4070/5921] 朱玖瑩故居 (Attraction_395000000A_000786)
[2026-08-18 11:15:04]    (透過策略2成功)
[2026-08-18 11:15:04]    ✅ 成功抓到 7 筆時段
[2026-08-18 11:15:04]    💾 存檔！已處理 4070/5921 | 成功 2842 | 失敗 1228
[2026-08-18 11:15:04]       資料庫共 4237 筆，其中 2985 筆有營業時間
[2026-08-18 11:15:04]       速度 6.3 筆/分鐘 | 預估剩餘 296 分鐘
[2026-08-18 11:15:06] [4071/5921] 安平鄉土文化館 (Attraction_395000000A_000787)
[2026-08-18 11:15:10]    ✅ 成功抓到 7 筆時段
[2026-08-18 11:15:12] [4072/5921] 原安平陳保正厝 (Attraction_395000000A_000788)
[2026-08-18 11:15:18]    ❌ 三種策略皆失敗
[2026-08-18 11:15:20] [4073/5921] 重慶寺 (Attraction_395000000A_000790)
[2026-08-18 11:15:24]    ✅ 成功抓到 7 筆時段
[2026-08-18 11:15:26] [4074/5921] 延平郡王祠 (Attraction_395000000A_000792)
[2026-08-18 11:15:32]    ❌ 三種策略皆失敗
[2026-08-18 11:15:34] [4075/5921] 勝利國小禮堂(原勝利國民學校禮堂) (Attraction_395000000A_000795)
[2026-08-18 11:15:42]    ✅ 成功抓到 7 筆時段
[2026-08-18 11:15:44] [4076/5921] 鯤喜灣文化園區 (Attraction_395000000A_000796)
[2026-08-18 11:15:51]    ❌ 三種策略皆失敗
[2026-08-18 11:15:53] [4077/5921] 台江生態文化園區 (Attraction_395000000A_000797)
[2026-08-18 11:15:59]    ❌ 三種策略皆失敗
[2026-08-18 11:16:01] [4078/5921] 安平港及運河周邊景點 (Attraction_395000000A_000798)
[2026-08-18 11:16:07]    ❌ 三種策略皆失敗
[2026-08-18 11:16:09] [4079/5921] 孔廟文化園區「臺南孔子廟」 (Attraction_395000000A_000800)
[2026-08-18 11:16:14]    ✅ 成功抓到 7 筆時段
[2026-08-18 11:16:16] [4080/5921] 五條港文化園區 (Attraction_395000000A_000801)
[2026-08-18 11:16:19]    ✅ 成功抓到 7 筆時段
[2026-08-18 11:16:19]    💾 存檔！已處理 4080/5921 | 成功 2847 | 失敗 1233
[2026-08-18 11:16:19]       資料庫共 4247 筆，其中 2990 筆有營業時間
[2026-08-18 11:16:19]       速度 6.3 筆/分鐘 | 預估剩餘 294 分鐘
[2026-08-18 11:16:22] [4081/5921] 赤崁文化園區 (Attraction_395000000A_000802)
[2026-08-18 11:16:26]    ✅ 成功抓到 7 筆時段
[2026-08-18 11:16:28] [4082/5921] 鎮北坊文化園區 (Attraction_395000000A_000803)
[2026-08-18 11:16:35]    ❌ 三種策略皆失敗
[2026-08-18 11:16:37] [4083/5921] 東安坊文化園區 (Attraction_395000000A_000804)
[2026-08-18 11:16:46]    ✅ 成功抓到 7 筆時段
[2026-08-18 11:16:48] [4084/5921] 黃金海岸 (Attraction_395000000A_000805)
[2026-08-18 11:16:54]    ❌ 三種策略皆失敗
[2026-08-18 11:16:56] [4085/5921] 安平樹屋 (Attraction_395000000A_000806)
[2026-08-18 11:17:00]    ✅ 成功抓到 7 筆時段
[2026-08-18 11:17:02] [4086/5921] 四草大眾廟 (Attraction_395000000A_000809)
[2026-08-18 11:17:06]    ✅ 成功抓到 7 筆時段
[2026-08-18 11:17:08] [4087/5921] 觀夕平台 (Attraction_395000000A_000810)
[2026-08-18 11:17:17]    ✅ 成功抓到 7 筆時段
[2026-08-18 11:17:19] [4088/5921] 安平老街(延平老街) (Attraction_395000000A_000812)
[2026-08-18 11:17:28]    ✅ 成功抓到 7 筆時段
[2026-08-18 11:17:30] [4089/5921] 正統鹿耳門聖母廟 (Attraction_395000000A_000815)
[2026-08-18 11:17:39]    ✅ 成功抓到 7 筆時段
[2026-08-18 11:17:41] [4090/5921] 十鼓文創園區 (Attraction_395000000A_000816)
[2026-08-18 11:19:19]    ✅ 成功抓到 7 筆時段
[2026-08-18 11:19:19]    💾 存檔！已處理 4090/5921 | 成功 2855 | 失敗 1235
[2026-08-18 11:19:19]       資料庫共 4257 筆，其中 2998 筆有營業時間
[2026-08-18 11:19:19]       速度 6.2 筆/分鐘 | 預估剩餘 293 分鐘
[2026-08-18 11:19:21] [4091/5921] 開基武廟 (Attraction_395000000A_000823)
[2026-08-18 11:19:25]    ✅ 成功抓到 7 筆時段
[2026-08-18 11:19:27] [4092/5921] 香光聖堂 (Attraction_395000000A_000848)
[2026-08-18 11:19:35]    (透過策略2成功)
[2026-08-18 11:19:35]    ✅ 成功抓到 7 筆時段
[2026-08-18 11:19:37] [4093/5921] 林初埤木棉花道 (Attraction_395000000A_000849)
[2026-08-18 11:19:41]    ✅ 成功抓到 7 筆時段
[2026-08-18 11:19:43] [4094/5921] 後壁下茄苳旌忠廟 (Attraction_395000000A_000851)
[2026-08-18 11:19:47]    ✅ 成功抓到 7 筆時段
[2026-08-18 11:19:49] [4095/5921] 國立臺灣歷史博物館 (Attraction_395000000A_000852)
[2026-08-18 11:19:53]    ✅ 成功抓到 7 筆時段
[2026-08-18 11:19:55] [4096/5921] 龜丹溫泉體驗池 (Attraction_395000000A_000853)
[2026-08-18 11:20:00]    ✅ 成功抓到 7 筆時段
[2026-08-18 11:20:02] [4097/5921] 臺灣府城大南門 (Attraction_395000000A_000856)
[2026-08-18 11:20:08]    ❌ 三種策略皆失敗
[2026-08-18 11:20:10] [4098/5921] 鄭成功紀念公園 (Attraction_395000000A_000857)
[2026-08-18 11:20:14]    ✅ 成功抓到 7 筆時段
[2026-08-18 11:20:16] [4099/5921] 鷲嶺食肆(原鶯料理) (Attraction_395000000A_000859)
[2026-08-18 11:20:20]    ✅ 成功抓到 7 筆時段
[2026-08-18 11:20:22] [4100/5921] 布袋嘴寮代天府(百年魚木) (Attraction_395000000A_000863)
[2026-08-18 11:20:32]    ❌ 三種策略皆失敗
[2026-08-18 11:20:32]    💾 存檔！已處理 4100/5921 | 成功 2863 | 失敗 1237
[2026-08-18 11:20:32]       資料庫共 4267 筆，其中 3006 筆有營業時間
[2026-08-18 11:20:32]       速度 6.2 筆/分鐘 | 預估剩餘 291 分鐘
[2026-08-18 11:20:34] [4101/5921] 臺南市西拉雅文化會館 (Attraction_395000000A_000864)
[2026-08-18 11:20:38]    ✅ 成功抓到 7 筆時段
[2026-08-18 11:20:40] [4102/5921] 臺南市南瀛客家文化會館 (Attraction_395000000A_000865)
[2026-08-18 11:20:46]    ❌ 三種策略皆失敗
[2026-08-18 11:20:48] [4103/5921] 臺南市客家文化會館 (Attraction_395000000A_000866)
[2026-08-18 11:20:57]    ✅ 成功抓到 7 筆時段
[2026-08-18 11:20:59] [4104/5921] 北門遊客中心 (Attraction_395000000A_000867)
[2026-08-18 11:21:03]    ✅ 成功抓到 7 筆時段
[2026-08-18 11:21:05] [4105/5921] 葫蘆埤自然公園 (Attraction_395000000A_000874)
[2026-08-18 11:21:10]    ✅ 成功抓到 7 筆時段
[2026-08-18 11:21:12] [4106/5921] 國立中興大學新化林場 (Attraction_395000000A_000875)
[2026-08-18 11:21:16]    ✅ 成功抓到 7 筆時段
[2026-08-18 11:21:18] [4107/5921] 八老爺牧場 (Attraction_395000000A_000880)
[2026-08-18 11:21:22]    ✅ 成功抓到 7 筆時段
[2026-08-18 11:21:24] [4108/5921] 北極殿大上帝廟 (Attraction_395000000A_000888)
[2026-08-18 11:21:28]    ✅ 成功抓到 7 筆時段
[2026-08-18 11:21:30] [4109/5921] 原日軍台南衛戍病院 (Attraction_395000000A_000899)
[2026-08-18 11:21:38]    ❌ 三種策略皆失敗
[2026-08-18 11:21:40] [4110/5921] 六重溪溫泉 (Attraction_395000000A_000908)
[2026-08-18 11:21:46]    ❌ 三種策略皆失敗
[2026-08-18 11:21:46]    💾 存檔！已處理 4110/5921 | 成功 2870 | 失敗 1240
[2026-08-18 11:21:46]       資料庫共 4277 筆，其中 3013 筆有營業時間
[2026-08-18 11:21:46]       速度 6.3 筆/分鐘 | 預估剩餘 290 分鐘
[2026-08-18 11:21:48] [4111/5921] 立康中草藥產業文化館 (Attraction_395000000A_000912)
[2026-08-18 11:21:52]    ✅ 成功抓到 7 筆時段
[2026-08-18 11:21:54] [4112/5921] 港香蘭綠色健康知識館 (Attraction_395000000A_000913)
[2026-08-18 11:21:58]    ✅ 成功抓到 7 筆時段
[2026-08-18 11:22:00] [4113/5921] 黑橋牌香腸博物館 (Attraction_395000000A_000916)
[2026-08-18 11:22:07]    (透過策略2成功)
[2026-08-18 11:22:07]    ✅ 成功抓到 7 筆時段
[2026-08-18 11:22:09] [4114/5921] 網仔寮沙洲 (Attraction_395000000A_000920)
[2026-08-18 11:22:13]    ✅ 成功抓到 7 筆時段
[2026-08-18 11:22:15] [4115/5921] 頂頭額沙洲 (Attraction_395000000A_000921)
[2026-08-18 11:22:20]    ✅ 成功抓到 7 筆時段
[2026-08-18 11:22:22] [4116/5921] 曾文溪口濕地 (Attraction_395000000A_000922)
[2026-08-18 11:22:26]    ✅ 成功抓到 7 筆時段
[2026-08-18 11:22:28] [4117/5921] 鹽水溪口濕地 (Attraction_395000000A_000931)
[2026-08-18 11:22:32]    ✅ 成功抓到 7 筆時段
[2026-08-18 11:22:34] [4118/5921] 七股鹽田濕地 (Attraction_395000000A_000932)
[2026-08-18 11:22:39]    ✅ 成功抓到 7 筆時段
[2026-08-18 11:22:41] [4119/5921] 南灣碼頭遊憩區 (Attraction_395000000A_000933)
[2026-08-18 11:22:45]    ✅ 成功抓到 7 筆時段
[2026-08-18 11:22:47] [4120/5921] 國聖港燈塔 (Attraction_395000000A_000934)
[2026-08-18 11:22:58]    ✅ 成功抓到 7 筆時段
[2026-08-18 11:22:58]    💾 存檔！已處理 4120/5921 | 成功 2880 | 失敗 1240
[2026-08-18 11:22:58]       資料庫共 4287 筆，其中 3023 筆有營業時間
[2026-08-18 11:22:58]       速度 6.3 筆/分鐘 | 預估剩餘 288 分鐘
[2026-08-18 11:23:00] [4121/5921] 臺南鹽田永鎮宮 (Attraction_395000000A_000938)
[2026-08-18 11:23:03]    ✅ 成功抓到 7 筆時段
[2026-08-18 11:23:05] [4122/5921] 菁寮老街 (Attraction_395000000A_000943)
[2026-08-18 11:23:11]    ❌ 三種策略皆失敗
[2026-08-18 11:23:13] [4123/5921] 臺灣Holocaust和平紀念館(車路墘教會) (Attraction_395000000A_000944)
[2026-08-18 11:23:27]    ❌ 三種策略皆失敗
[2026-08-18 11:23:29] [4124/5921] 北門三寮灣東隆宮 (Attraction_395000000A_000945)
[2026-08-18 11:23:33]    ✅ 成功抓到 7 筆時段
[2026-08-18 11:23:35] [4125/5921] 麻豆文化館 (Attraction_395000000A_000947)
[2026-08-18 11:23:39]    ✅ 成功抓到 7 筆時段
[2026-08-18 11:23:42] [4126/5921] 大地化石礦石博物館 (Attraction_395000000A_000953)
[2026-08-18 11:23:46]    ✅ 成功抓到 7 筆時段
[2026-08-18 11:23:48] [4127/5921] 墨林農村文物展示館 (Attraction_395000000A_000954)
[2026-08-18 11:23:54]    ❌ 三種策略皆失敗
[2026-08-18 11:23:56] [4128/5921] 台江六孔管理站(含遊客中心) (Attraction_395000000A_000955)
[2026-08-18 11:24:00]    ✅ 成功抓到 7 筆時段
[2026-08-18 11:24:02] [4129/5921] 重道崇文坊 (Attraction_395000000A_000967)
[2026-08-18 11:24:09]    ❌ 三種策略皆失敗
[2026-08-18 11:24:11] [4130/5921] 麻豆林家四房厝 (Attraction_395000000A_000971)
[2026-08-18 11:24:21]    ❌ 三種策略皆失敗
[2026-08-18 11:24:21]    💾 存檔！已處理 4130/5921 | 成功 2885 | 失敗 1245
[2026-08-18 11:24:21]       資料庫共 4297 筆，其中 3028 筆有營業時間
[2026-08-18 11:24:21]       速度 6.3 筆/分鐘 | 預估剩餘 286 分鐘
[2026-08-18 11:24:23] [4131/5921] 安平天后宮(開臺天后宮) (Attraction_395000000A_000986)
[2026-08-18 11:24:28]    ✅ 成功抓到 7 筆時段
[2026-08-18 11:24:30] [4132/5921] 鹽埕天后宮 (Attraction_395000000A_000987)
[2026-08-18 11:24:36]    ❌ 三種策略皆失敗
[2026-08-18 11:24:38] [4133/5921] 隆田隆本復興宮 (Attraction_395000000A_001002)
[2026-08-18 11:24:49]    ❌ 三種策略皆失敗
[2026-08-18 11:24:51] [4134/5921] 頭社太上龍頭忠義廟「西拉雅公廨」 (Attraction_395000000A_001004)
[2026-08-18 11:25:02]    ❌ 三種策略皆失敗
[2026-08-18 11:25:04] [4135/5921] 西拉雅部落-吉貝耍 (Attraction_395000000A_001060)
[2026-08-18 11:25:09]    ✅ 成功抓到 7 筆時段
[2026-08-18 11:25:11] [4136/5921] 西拉雅部落-頭社 (Attraction_395000000A_001063)
[2026-08-18 11:25:17]    ❌ 三種策略皆失敗
[2026-08-18 11:25:19] [4137/5921] 北門嶼基督教會 (Attraction_395000000A_001104)
[2026-08-18 11:25:25]    ❌ 三種策略皆失敗
[2026-08-18 11:25:27] [4138/5921] 鹽水天主聖神堂 (Attraction_395000000A_001113)
[2026-08-18 11:25:31]    ✅ 成功抓到 7 筆時段
[2026-08-18 11:25:33] [4139/5921] 御真影奉安殿(原新化尋常小學校) (Attraction_395000000A_001139)
[2026-08-18 11:25:37]    ✅ 成功抓到 7 筆時段
[2026-08-18 11:25:39] [4140/5921] 原台南州廳-台灣文學館 (Attraction_395000000A_001142)
[2026-08-18 11:25:45]    ❌ 三種策略皆失敗
[2026-08-18 11:25:45]    💾 存檔！已處理 4140/5921 | 成功 2889 | 失敗 1251
[2026-08-18 11:25:45]       資料庫共 4307 筆，其中 3032 筆有營業時間
[2026-08-18 11:25:45]       速度 6.3 筆/分鐘 | 預估剩餘 285 分鐘
[2026-08-18 11:25:47] [4141/5921] 竹門綠色隧道 (Attraction_395000000A_001163)
[2026-08-18 11:25:51]    ✅ 成功抓到 7 筆時段
[2026-08-18 11:25:53] [4142/5921] 黑面琵鷺賞鳥亭 (Attraction_395000000A_001166)
[2026-08-18 11:25:59]    ❌ 三種策略皆失敗
[2026-08-18 11:26:01] [4143/5921] 東山服務區 (Attraction_395000000A_001201)
[2026-08-18 11:26:05]    ✅ 成功抓到 7 筆時段
[2026-08-18 11:26:07] [4144/5921] 要月吊橋 (Attraction_395000000A_001216)
[2026-08-18 11:26:12]    ✅ 成功抓到 7 筆時段
[2026-08-18 11:26:14] [4145/5921] 凌波吊橋 (Attraction_395000000A_001218)
[2026-08-18 11:26:23]    ✅ 成功抓到 7 筆時段
[2026-08-18 11:26:25] [4146/5921] 永興吊橋 (Attraction_395000000A_001220)
[2026-08-18 11:28:10]    (透過策略2成功)
[2026-08-18 11:28:10]    ✅ 成功抓到 7 筆時段
[2026-08-18 11:28:12] [4147/5921] 玉豐芒果樹綠色隧道 (Attraction_395000000A_001222)
[2026-08-18 11:28:21]    ✅ 成功抓到 7 筆時段
[2026-08-18 11:28:23] [4148/5921] 佳里木棉花道 (Attraction_395000000A_001226)
[2026-08-18 11:28:28]    ✅ 成功抓到 7 筆時段
[2026-08-18 11:28:30] [4149/5921] 七股黑板樹廊道 (Attraction_395000000A_001248)
[2026-08-18 11:28:36]    ❌ 三種策略皆失敗
[2026-08-18 11:28:38] [4150/5921] 大潭埤 (Attraction_395000000A_001299)
[2026-08-18 11:28:45]    (透過策略2成功)
[2026-08-18 11:28:45]    ✅ 成功抓到 7 筆時段
[2026-08-18 11:28:45]    💾 存檔！已處理 4150/5921 | 成功 2897 | 失敗 1253
[2026-08-18 11:28:45]       資料庫共 4317 筆，其中 3040 筆有營業時間
[2026-08-18 11:28:45]       速度 6.2 筆/分鐘 | 預估剩餘 284 分鐘
[2026-08-18 11:28:47] [4151/5921] 芙蓉埤生態園區 (Attraction_395000000A_001302)
[2026-08-18 11:28:53]    ❌ 三種策略皆失敗
[2026-08-18 11:28:55] [4152/5921] 崑山湖(鯽魚潭) (Attraction_395000000A_001312)
[2026-08-18 11:29:04]    ❌ 三種策略皆失敗
[2026-08-18 11:29:06] [4153/5921] 老牛的家 (Attraction_395000000A_001320)
[2026-08-18 11:29:10]    ✅ 成功抓到 7 筆時段
[2026-08-18 11:29:12] [4154/5921] 洲仔尾保寧宮 (Attraction_395000000A_001321)
[2026-08-18 11:29:16]    ✅ 成功抓到 7 筆時段
[2026-08-18 11:29:18] [4155/5921] 六甲鎮南宮 (Attraction_395000000A_001322)
[2026-08-18 11:29:22]    ✅ 成功抓到 7 筆時段
[2026-08-18 11:29:24] [4156/5921] 四草綠色隧道 (Attraction_395000000A_001324)
[2026-08-18 11:29:29]    ✅ 成功抓到 7 筆時段
[2026-08-18 11:29:31] [4157/5921] 太平境馬雅各紀念教會 (Attraction_395000000A_001325)
[2026-08-18 11:29:35]    ✅ 成功抓到 7 筆時段
[2026-08-18 11:29:37] [4158/5921] 開基永華宮 (Attraction_395000000A_001326)
[2026-08-18 11:29:41]    ✅ 成功抓到 7 筆時段
[2026-08-18 11:29:43] [4159/5921] 泮宮石坊 (Attraction_395000000A_001327)
[2026-08-18 11:29:48]    ✅ 成功抓到 7 筆時段
[2026-08-18 11:29:50] [4160/5921] 後壁無米樂社區(無米里社區由菁寮里、墨林里、後廍里所組成) (Attraction_395000000A_001328)
[2026-08-18 11:29:59]    ❌ 三種策略皆失敗
[2026-08-18 11:29:59]    💾 存檔！已處理 4160/5921 | 成功 2904 | 失敗 1256
[2026-08-18 11:29:59]       資料庫共 4327 筆，其中 3047 筆有營業時間
[2026-08-18 11:29:59]       速度 6.2 筆/分鐘 | 預估剩餘 282 分鐘
[2026-08-18 11:30:01] [4161/5921] 東山175咖啡大道 (Attraction_395000000A_001329)
[2026-08-18 11:30:09]    ✅ 成功抓到 7 筆時段
[2026-08-18 11:30:11] [4162/5921] 小南海自然生態公園 (Attraction_395000000A_001330)
[2026-08-18 11:30:17]    ❌ 三種策略皆失敗
[2026-08-18 11:30:19] [4163/5921] 崁頂福安宮 (Attraction_395000000A_001331)
[2026-08-18 11:30:23]    ✅ 成功抓到 7 筆時段
[2026-08-18 11:30:26] [4164/5921] 東山碧軒寺 (Attraction_395000000A_001333)
[2026-08-18 11:30:30]    ✅ 成功抓到 7 筆時段
[2026-08-18 11:30:32] [4165/5921] 玉井虎頭山 (Attraction_395000000A_001334)
[2026-08-18 11:30:38]    策略1失敗，嘗試下一個...
[2026-08-18 11:30:41]    ❌ 三種策略皆失敗
[2026-08-18 11:30:43] [4166/5921] 漚汪文衡殿 (Attraction_395000000A_001336)
[2026-08-18 11:30:47]    ✅ 成功抓到 7 筆時段
[2026-08-18 11:30:49] [4167/5921] 新港社地方文化館 (Attraction_395000000A_001338)
[2026-08-18 11:30:53]    ✅ 成功抓到 7 筆時段
[2026-08-18 11:30:55] [4168/5921] 蘇厝第一代天府真護宮 (Attraction_395000000A_001339)
[2026-08-18 11:31:00]    ✅ 成功抓到 7 筆時段
[2026-08-18 11:31:02] [4169/5921] 官田水雉生態教育園區 (Attraction_395000000A_001342)
[2026-08-18 11:32:45]    ✅ 成功抓到 7 筆時段
[2026-08-18 11:32:47] [4170/5921] 八田與一紀念園區 (Attraction_395000000A_001343)
[2026-08-18 11:32:57]    ✅ 成功抓到 7 筆時段
[2026-08-18 11:32:57]    💾 存檔！已處理 4170/5921 | 成功 2912 | 失敗 1258
[2026-08-18 11:32:57]       資料庫共 4337 筆，其中 3055 筆有營業時間
[2026-08-18 11:32:57]       速度 6.2 筆/分鐘 | 預估剩餘 281 分鐘
[2026-08-18 11:32:59] [4171/5921] 台南藝術大學 (Attraction_395000000A_001344)
[2026-08-18 11:33:26]    ✅ 成功抓到 7 筆時段
[2026-08-18 11:33:28] [4172/5921] 海安路藝術街 (Attraction_395000000A_001345)
[2026-08-18 11:33:32]    ✅ 成功抓到 7 筆時段
[2026-08-18 11:33:34] [4173/5921] 西羅殿 (Attraction_395000000A_001346)
[2026-08-18 11:33:38]    ✅ 成功抓到 7 筆時段
[2026-08-18 11:33:40] [4174/5921] 成大榕園 (Attraction_395000000A_001349)
[2026-08-18 11:33:49]    ✅ 成功抓到 7 筆時段
[2026-08-18 11:33:51] [4175/5921] 巴克禮公園 (Attraction_395000000A_001350)
[2026-08-18 11:33:56]    ✅ 成功抓到 7 筆時段
[2026-08-18 11:33:58] [4176/5921] 神農街 (Attraction_395000000A_001351)
[2026-08-18 11:34:02]    ✅ 成功抓到 7 筆時段
[2026-08-18 11:34:04] [4177/5921] 民治市政中心 (Attraction_395000000A_001354)
[2026-08-18 11:34:10]    ❌ 三種策略皆失敗
[2026-08-18 11:34:12] [4178/5921] 歐威電影館 (Attraction_395000000A_001355)
[2026-08-18 11:34:25]    (透過策略2成功)
[2026-08-18 11:34:25]    ✅ 成功抓到 7 筆時段
[2026-08-18 11:34:27] [4179/5921] 二王廟 (Attraction_395000000A_001358)
[2026-08-18 11:34:32]    ✅ 成功抓到 7 筆時段
[2026-08-18 11:34:34] [4180/5921] 大灣廣護宮 (Attraction_395000000A_001359)
[2026-08-18 11:34:38]    ✅ 成功抓到 7 筆時段
[2026-08-18 11:34:38]    💾 存檔！已處理 4180/5921 | 成功 2921 | 失敗 1259
[2026-08-18 11:34:38]       資料庫共 4347 筆，其中 3064 筆有營業時間
[2026-08-18 11:34:38]       速度 6.2 筆/分鐘 | 預估剩餘 279 分鐘
[2026-08-18 11:34:40] [4181/5921] 龍崎文衡殿 (Attraction_395000000A_001360)
[2026-08-18 11:34:44]    ✅ 成功抓到 7 筆時段
[2026-08-18 11:34:46] [4182/5921] 若晞茶空間(原台鹽宿舍) (Attraction_395000000A_001377)
[2026-08-18 11:34:51]    ✅ 成功抓到 7 筆時段
[2026-08-18 11:34:53] [4183/5921] 王雞屎洋宅 (Attraction_395000000A_001379)
[2026-08-18 11:35:00]    ❌ 三種策略皆失敗
[2026-08-18 11:35:02] [4184/5921] 樹谷生活科學館 (Attraction_395000000A_001383)
[2026-08-18 11:36:42]    ✅ 成功抓到 7 筆時段
[2026-08-18 11:36:44] [4185/5921] 新營印度紫檀綠色隧道 (Attraction_395000000A_001403)
[2026-08-18 11:36:50]    ❌ 三種策略皆失敗
[2026-08-18 11:36:52] [4186/5921] HMTM 和明織品文化館 (Attraction_395000000A_001425)
[2026-08-18 11:37:04]    ❌ 三種策略皆失敗
[2026-08-18 11:37:06] [4187/5921] 瓜瓜園地瓜生態故事館 (Attraction_395000000A_001431)
[2026-08-18 11:37:10]    ✅ 成功抓到 7 筆時段
[2026-08-18 11:37:12] [4188/5921] 卡多良食故事館 (Attraction_395000000A_001433)
[2026-08-18 11:37:16]    ✅ 成功抓到 7 筆時段
[2026-08-18 11:37:18] [4189/5921] 新百祿燕窩觀光工廠 (Attraction_395000000A_001435)
[2026-08-18 11:37:23]    ✅ 成功抓到 7 筆時段
[2026-08-18 11:37:25] [4190/5921] 天一中藥生活化園區 (Attraction_395000000A_001436)
[2026-08-18 11:37:29]    ✅ 成功抓到 7 筆時段
[2026-08-18 11:37:29]    💾 存檔！已處理 4190/5921 | 成功 2928 | 失敗 1262
[2026-08-18 11:37:29]       資料庫共 4357 筆，其中 3071 筆有營業時間
[2026-08-18 11:37:29]       速度 6.2 筆/分鐘 | 預估剩餘 278 分鐘
[2026-08-18 11:37:31] [4191/5921] 虹泰水凝膠世界 (Attraction_395000000A_001438)
[2026-08-18 11:37:35]    ✅ 成功抓到 7 筆時段
[2026-08-18 11:37:37] [4192/5921] 跨虹吊橋 (Attraction_395000000A_004245)
[2026-08-18 11:37:43]    ❌ 三種策略皆失敗
[2026-08-18 11:37:45] [4193/5921] 虎月吊橋 (Attraction_395000000A_004246)
[2026-08-18 11:37:52]    ❌ 三種策略皆失敗
[2026-08-18 11:37:54] [4194/5921] 望龍吊橋 (Attraction_395000000A_004249)
[2026-08-18 11:37:57]    ✅ 成功抓到 7 筆時段
[2026-08-18 11:37:59] [4195/5921] 鳳凰吊橋 (Attraction_395000000A_004250)
[2026-08-18 11:38:08]    ✅ 成功抓到 7 筆時段
[2026-08-18 11:38:10] [4196/5921] 永成戲院 (Attraction_395000000A_004251)
[2026-08-18 11:38:14]    ✅ 成功抓到 7 筆時段
[2026-08-18 11:38:16] [4197/5921] 山上天后宮 (Attraction_395000000A_004252)
[2026-08-18 11:38:20]    ✅ 成功抓到 7 筆時段
[2026-08-18 11:38:22] [4198/5921] 竹炭故事館 (Attraction_395000000A_004253)
[2026-08-18 11:38:26]    ✅ 成功抓到 7 筆時段
[2026-08-18 11:38:28] [4199/5921] 善化糖廠 (Attraction_395000000A_004255)
[2026-08-18 11:38:35]    ❌ 三種策略皆失敗
[2026-08-18 11:38:37] [4200/5921] 安平天主教文物館 (Attraction_395000000A_004256)
[2026-08-18 11:38:41]    ✅ 成功抓到 7 筆時段
[2026-08-18 11:38:41]    💾 存檔！已處理 4200/5921 | 成功 2935 | 失敗 1265
[2026-08-18 11:38:41]       資料庫共 4367 筆，其中 3078 筆有營業時間
[2026-08-18 11:38:41]       速度 6.2 筆/分鐘 | 預估剩餘 276 分鐘
[2026-08-18 11:38:43] [4201/5921] 後壁車站 (Attraction_395000000A_004257)
[2026-08-18 11:38:50]    ❌ 三種策略皆失敗
[2026-08-18 11:38:52] [4202/5921] 蘭科植物園 (Attraction_395000000A_004258)
[2026-08-18 11:38:56]    ✅ 成功抓到 7 筆時段
[2026-08-18 11:38:58] [4203/5921] 西社西㡣殿 (Attraction_395000000A_004259)
[2026-08-18 11:39:09]    ❌ 三種策略皆失敗
[2026-08-18 11:39:11] [4204/5921] 永康三崁店糖廠神社遺蹟 (Attraction_395000000A_004260)
[2026-08-18 11:39:16]    ✅ 成功抓到 7 筆時段
[2026-08-18 11:39:18] [4205/5921] 新化朝天宮 (Attraction_395000000A_004261)
[2026-08-18 11:39:22]    ✅ 成功抓到 7 筆時段
[2026-08-18 11:39:24] [4206/5921] 鹿耳門歷史文化區域地方文化館 (Attraction_395000000A_004262)
[2026-08-18 11:39:31]    ❌ 三種策略皆失敗
[2026-08-18 11:39:33] [4207/5921] 國立成功大學博物館 (Attraction_395000000A_004263)
[2026-08-18 11:39:39]    ❌ 三種策略皆失敗
[2026-08-18 11:39:41] [4208/5921] 仁德十三甲武德宮 (Attraction_395000000A_004266)
[2026-08-18 11:39:45]    ✅ 成功抓到 7 筆時段
[2026-08-18 11:39:47] [4209/5921] 東門美術館 (Attraction_395000000A_004267)
[2026-08-18 11:39:54]    ❌ 三種策略皆失敗
[2026-08-18 11:39:56] [4210/5921] 鹿耳門鎮門宮 (Attraction_395000000A_004269)
[2026-08-18 11:40:00]    ✅ 成功抓到 7 筆時段
[2026-08-18 11:40:00]    💾 存檔！已處理 4210/5921 | 成功 2940 | 失敗 1270
[2026-08-18 11:40:00]       資料庫共 4377 筆，其中 3083 筆有營業時間
[2026-08-18 11:40:00]       速度 6.2 筆/分鐘 | 預估剩餘 275 分鐘
[2026-08-18 11:40:02] [4211/5921] 新化武德殿 (Attraction_395000000A_004270)
[2026-08-18 11:40:06]    ✅ 成功抓到 7 筆時段
[2026-08-18 11:40:08] [4212/5921] 慈蓮寺 (Attraction_395000000A_004271)
[2026-08-18 11:40:16]    (透過策略2成功)
[2026-08-18 11:40:16]    ✅ 成功抓到 7 筆時段
[2026-08-18 11:40:18] [4213/5921] 茅港尾天后宮 (Attraction_395000000A_004274)
[2026-08-18 11:41:57]    ✅ 成功抓到 7 筆時段
[2026-08-18 11:41:59] [4214/5921] 陳桂記大宗祠 (Attraction_395000000A_004275)
[2026-08-18 11:42:05]    ❌ 三種策略皆失敗
[2026-08-18 11:42:07] [4215/5921] 樹谷農場 (Attraction_395000000A_004277)
[2026-08-18 11:42:13]    ❌ 三種策略皆失敗
[2026-08-18 11:42:15] [4216/5921] 東山農會咖啡文化館 (Attraction_395000000A_004280)
[2026-08-18 11:42:25]    ✅ 成功抓到 7 筆時段
[2026-08-18 11:42:27] [4217/5921] 鹿耳門天后宮 (Attraction_395000000A_004281)
[2026-08-18 11:42:35]    (透過策略2成功)
[2026-08-18 11:42:35]    ✅ 成功抓到 7 筆時段
[2026-08-18 11:42:37] [4218/5921] 月津港親水公園 (Attraction_395000000A_004282)
[2026-08-18 11:42:42]    ✅ 成功抓到 7 筆時段
[2026-08-18 11:42:44] [4219/5921] 二行清王宮 (Attraction_395000000A_004284)
[2026-08-18 11:42:49]    ✅ 成功抓到 7 筆時段
[2026-08-18 11:42:51] [4220/5921] 左鎮教會（羅來受教會） (Attraction_395000000A_004285)
[2026-08-18 11:43:08]    ❌ 三種策略皆失敗
[2026-08-18 11:43:08]    💾 存檔！已處理 4220/5921 | 成功 2947 | 失敗 1273
[2026-08-18 11:43:08]       資料庫共 4387 筆，其中 3090 筆有營業時間
[2026-08-18 11:43:08]       速度 6.2 筆/分鐘 | 預估剩餘 274 分鐘
[2026-08-18 11:43:10] [4221/5921] 左鎮北極殿 (Attraction_395000000A_004286)
[2026-08-18 11:43:16]    ❌ 三種策略皆失敗
[2026-08-18 11:43:18] [4222/5921] 新天王殿 (Attraction_395000000A_004287)
[2026-08-18 11:43:22]    ✅ 成功抓到 7 筆時段
[2026-08-18 11:43:24] [4223/5921] 八份姑媽宮 (Attraction_395000000A_004288)
[2026-08-18 11:43:28]    ✅ 成功抓到 7 筆時段
[2026-08-18 11:43:30] [4224/5921] 子龍廟永昌宮 (Attraction_395000000A_004289)
[2026-08-18 11:43:35]    ✅ 成功抓到 7 筆時段
[2026-08-18 11:43:37] [4225/5921] 後甲關帝殿 (Attraction_395000000A_004290)
[2026-08-18 11:43:41]    ✅ 成功抓到 7 筆時段
[2026-08-18 11:43:43] [4226/5921] 德高厝上帝廟 (Attraction_395000000A_004291)
[2026-08-18 11:43:50]    ❌ 三種策略皆失敗
[2026-08-18 11:43:52] [4227/5921] 彌陀寺 (Attraction_395000000A_004292)
[2026-08-18 11:44:00]    (透過策略2成功)
[2026-08-18 11:44:00]    ✅ 成功抓到 7 筆時段
[2026-08-18 11:44:02] [4228/5921] 龍山寺 (Attraction_395000000A_004293)
[2026-08-18 11:44:09]    (透過策略2成功)
[2026-08-18 11:44:09]    ✅ 成功抓到 7 筆時段
[2026-08-18 11:44:11] [4229/5921] 龍湖寺 (Attraction_395000000A_004294)
[2026-08-18 11:44:15]    ✅ 成功抓到 7 筆時段
[2026-08-18 11:44:17] [4230/5921] 大圓滿廟 (Attraction_395000000A_004295)
[2026-08-18 11:44:23]    ❌ 三種策略皆失敗
[2026-08-18 11:44:23]    💾 存檔！已處理 4230/5921 | 成功 2954 | 失敗 1276
[2026-08-18 11:44:23]       資料庫共 4397 筆，其中 3097 筆有營業時間
[2026-08-18 11:44:23]       速度 6.2 筆/分鐘 | 預估剩餘 272 分鐘
[2026-08-18 11:44:25] [4231/5921] 鹽埕北極殿 (Attraction_395000000A_004296)
[2026-08-18 11:44:29]    ✅ 成功抓到 7 筆時段
[2026-08-18 11:44:32] [4232/5921] 柳營代天院 (Attraction_395000000A_004298)
[2026-08-18 11:44:36]    ✅ 成功抓到 7 筆時段
[2026-08-18 11:44:38] [4233/5921] 天壇護安宮 (Attraction_395000000A_004299)
[2026-08-18 11:44:42]    ✅ 成功抓到 7 筆時段
[2026-08-18 11:44:44] [4234/5921] 新市永安宮 (Attraction_395000000A_004300)
[2026-08-18 11:44:51]    ❌ 三種策略皆失敗
[2026-08-18 11:44:53] [4235/5921] 大社東勢北極殿 (Attraction_395000000A_004301)
[2026-08-18 11:44:57]    ✅ 成功抓到 7 筆時段
[2026-08-18 11:44:59] [4236/5921] 同濟宮 (Attraction_395000000A_004302)
[2026-08-18 11:45:04]    ✅ 成功抓到 7 筆時段
[2026-08-18 11:45:06] [4237/5921] 新營濟安宮 (Attraction_395000000A_004303)
[2026-08-18 11:45:10]    ✅ 成功抓到 7 筆時段
[2026-08-18 11:45:12] [4238/5921] 新營真武殿 (Attraction_395000000A_004304)
[2026-08-18 11:45:18]    ✅ 成功抓到 7 筆時段
[2026-08-18 11:45:20] [4239/5921] 學甲大灣清濟宮 (Attraction_395000000A_004305)
[2026-08-18 11:45:25]    ✅ 成功抓到 7 筆時段
[2026-08-18 11:45:27] [4240/5921] 保西代天府 (Attraction_395000000A_004306)
[2026-08-18 11:45:37]    ❌ 三種策略皆失敗
[2026-08-18 11:45:37]    💾 存檔！已處理 4240/5921 | 成功 2962 | 失敗 1278
[2026-08-18 11:45:37]       資料庫共 4407 筆，其中 3105 筆有營業時間
[2026-08-18 11:45:37]       速度 6.2 筆/分鐘 | 預估剩餘 270 分鐘
[2026-08-18 11:45:39] [4241/5921] 敦源聖廟 (Attraction_395000000A_004307)
[2026-08-18 11:45:43]    ✅ 成功抓到 7 筆時段
[2026-08-18 11:45:45] [4242/5921] 護庇宮 (Attraction_395000000A_004308)
[2026-08-18 11:45:49]    ✅ 成功抓到 7 筆時段
[2026-08-18 11:45:51] [4243/5921] 大豐南天宮(蔡觀音廟) (Attraction_395000000A_004309)
[2026-08-18 11:45:55]    ✅ 成功抓到 7 筆時段
[2026-08-18 11:45:57] [4244/5921] 下營風鈴木廊道 (Attraction_395000000A_004310)
[2026-08-18 11:46:02]    ❌ 三種策略皆失敗
[2026-08-18 11:46:04] [4245/5921] 下營小葉欖仁綠色隧道 (Attraction_395000000A_004311)
[2026-08-18 11:46:09]    ❌ 三種策略皆失敗
[2026-08-18 11:46:11] [4246/5921] 白河後壁印度紫檀廊道 (Attraction_395000000A_004312)
[2026-08-18 11:46:16]    ❌ 三種策略皆失敗
[2026-08-18 11:46:18] [4247/5921] 白河將軍埤南洋櫻廊道 (Attraction_395000000A_004314)
[2026-08-18 11:48:08]    ✅ 成功抓到 7 筆時段
[2026-08-18 11:48:10] [4248/5921] 後壁上茄苳樟樹廊道 (Attraction_395000000A_004315)
[2026-08-18 11:48:16]    (透過策略2成功)
[2026-08-18 11:48:16]    ✅ 成功抓到 7 筆時段
[2026-08-18 11:48:18] [4249/5921] 大內石仔瀨天后宮 (Attraction_395000000A_004317)
[2026-08-18 11:48:27]    ✅ 成功抓到 7 筆時段
[2026-08-18 11:48:29] [4250/5921] 太子廟明直宮 (Attraction_395000000A_004322)
[2026-08-18 11:48:34]    ❌ 三種策略皆失敗
[2026-08-18 11:48:34]    💾 存檔！已處理 4250/5921 | 成功 2968 | 失敗 1282
[2026-08-18 11:48:34]       資料庫共 4417 筆，其中 3111 筆有營業時間
[2026-08-18 11:48:34]       速度 6.2 筆/分鐘 | 預估剩餘 269 分鐘
[2026-08-18 11:48:36] [4251/5921] 岳王廟 (Attraction_395000000A_004323)
[2026-08-18 11:48:41]    ❌ 三種策略皆失敗
[2026-08-18 11:48:43] [4252/5921] 大甲萬龍宮 (Attraction_395000000A_004324)
[2026-08-18 11:48:47]    ✅ 成功抓到 7 筆時段
[2026-08-18 11:48:49] [4253/5921] 正王府 (Attraction_395000000A_004325)
[2026-08-18 11:48:53]    ✅ 成功抓到 7 筆時段
[2026-08-18 11:48:55] [4254/5921] 林子內教會 (Attraction_395000000A_004331)
[2026-08-18 11:48:58]    ✅ 成功抓到 7 筆時段
[2026-08-18 11:49:00] [4255/5921] 仙祖廟(紫雲殿) (Attraction_395000000A_004333)
[2026-08-18 11:49:08]    ❌ 三種策略皆失敗
[2026-08-18 11:49:10] [4256/5921] 安定保安宮 (Attraction_395000000A_004334)
[2026-08-18 11:49:13]    ✅ 成功抓到 7 筆時段
[2026-08-18 11:49:15] [4257/5921] 蘇厝長興宮 (Attraction_395000000A_004335)
[2026-08-18 11:49:19]    ✅ 成功抓到 7 筆時段
[2026-08-18 11:49:21] [4258/5921] 洋仔保生大帝廟 (Attraction_395000000A_004336)
[2026-08-18 11:49:25]    ✅ 成功抓到 7 筆時段
[2026-08-18 11:49:27] [4259/5921] 楠西玄天上帝廟 (Attraction_395000000A_004337)
[2026-08-18 11:49:30]    ✅ 成功抓到 7 筆時段
[2026-08-18 11:49:32] [4260/5921] 『腳の眼鏡』足部科學體驗中心(紅崴科技股份有限公司) (Attraction_395000000A_004342)
[2026-08-18 11:49:40]    ❌ 三種策略皆失敗
[2026-08-18 11:49:40]    💾 存檔！已處理 4260/5921 | 成功 2975 | 失敗 1285
[2026-08-18 11:49:40]       資料庫共 4427 筆，其中 3118 筆有營業時間
[2026-08-18 11:49:40]       速度 6.2 筆/分鐘 | 預估剩餘 267 分鐘
[2026-08-18 11:49:42] [4261/5921] 東和蜂文化觀光工廠 (Attraction_395000000A_004343)
[2026-08-18 11:49:46]    ✅ 成功抓到 7 筆時段
[2026-08-18 11:49:48] [4262/5921] 台鉅美妝觀光工廠 (Attraction_395000000A_004344)
[2026-08-18 11:51:28]    ✅ 成功抓到 7 筆時段
[2026-08-18 11:51:30] [4263/5921] 洪通故居彩繪村 (Attraction_395000000A_004349)
[2026-08-18 11:51:33]    ✅ 成功抓到 7 筆時段
[2026-08-18 11:51:35] [4264/5921] 新安宮藝文中心 (Attraction_395000000A_004350)
[2026-08-18 11:51:39]    ✅ 成功抓到 7 筆時段
[2026-08-18 11:51:41] [4265/5921] 噍吧哖文化園區 (Attraction_395000000A_004351)
[2026-08-18 11:51:45]    ✅ 成功抓到 7 筆時段
[2026-08-18 11:51:47] [4266/5921] 關子嶺大凍山步道&雞籠山 (Attraction_395000000A_004354)
[2026-08-18 11:51:51]    ❌ 三種策略皆失敗
[2026-08-18 11:51:53] [4267/5921] 陳永華墓(陳永華總制夫婦古墓) (Attraction_395000000A_004356)
[2026-08-18 11:51:57]    ✅ 成功抓到 7 筆時段
[2026-08-18 11:51:59] [4268/5921] 左鎮月世界生態學園(岡林國小) (Attraction_395000000A_004358)
[2026-08-18 11:52:12]    ❌ 三種策略皆失敗
[2026-08-18 11:52:14] [4269/5921] 奇美食品幸福工廠 (Attraction_395000000A_004359)
[2026-08-18 11:52:18]    ✅ 成功抓到 7 筆時段
[2026-08-18 11:52:20] [4270/5921] 美雅家具觀光工廠 (Attraction_395000000A_005513)
[2026-08-18 11:52:24]    ✅ 成功抓到 7 筆時段
[2026-08-18 11:52:24]    💾 存檔！已處理 4270/5921 | 成功 2983 | 失敗 1287
[2026-08-18 11:52:24]       資料庫共 4437 筆，其中 3126 筆有營業時間
[2026-08-18 11:52:24]       速度 6.2 筆/分鐘 | 預估剩餘 266 分鐘
[2026-08-18 11:52:26] [4271/5921] 彼緹娃藝術蛋糕觀光工廠 (Attraction_395000000A_005514)
[2026-08-18 11:52:30]    ✅ 成功抓到 7 筆時段
[2026-08-18 11:52:32] [4272/5921] 國立臺灣史前文化博物館南科考古館 (Attraction_395000000A_005543)
[2026-08-18 11:52:36]    ✅ 成功抓到 7 筆時段
[2026-08-18 11:52:38] [4273/5921] 新化公會堂青少年圖書館(原新化郡公會堂) (Attraction_395000000A_005711)
[2026-08-18 11:52:41]    ✅ 成功抓到 7 筆時段
[2026-08-18 11:52:43] [4274/5921] 台南山上花園水道博物館 (Attraction_395000000A_005816)
[2026-08-18 11:52:52]    ✅ 成功抓到 7 筆時段
[2026-08-18 11:52:54] [4275/5921] 蘭都觀光工廠 (Attraction_395000000A_005994)
[2026-08-18 11:52:58]    ✅ 成功抓到 7 筆時段
[2026-08-18 11:53:00] [4276/5921] 臺南轉運站 (Attraction_395000000A_005995)
[2026-08-18 11:53:11]    ❌ 三種策略皆失敗
[2026-08-18 11:53:13] [4277/5921] 河樂廣場(原中國城) (Attraction_395000000A_005996)
[2026-08-18 11:53:16]    ✅ 成功抓到 7 筆時段
[2026-08-18 11:53:18] [4278/5921] 臺南市立圖書館總館 (Attraction_395000000A_006003)
[2026-08-18 11:53:25]    (透過策略2成功)
[2026-08-18 11:53:25]    ✅ 成功抓到 7 筆時段
[2026-08-18 11:53:27] [4279/5921] 蝸牛巷 (Attraction_395000000A_006047)
[2026-08-18 11:53:31]    ❌ 三種策略皆失敗
[2026-08-18 11:53:33] [4280/5921] 臺灣馬樂活山莊 (Attraction_395000000A_006050)
[2026-08-18 11:53:37]    ✅ 成功抓到 7 筆時段
[2026-08-18 11:53:37]    💾 存檔！已處理 4280/5921 | 成功 2991 | 失敗 1289
[2026-08-18 11:53:37]       資料庫共 4447 筆，其中 3134 筆有營業時間
[2026-08-18 11:53:37]       速度 6.2 筆/分鐘 | 預估剩餘 264 分鐘
[2026-08-18 11:53:39] [4281/5921] 虱目魚主題館 (Attraction_395000000A_006051)
[2026-08-18 11:53:46]    (透過策略2成功)
[2026-08-18 11:53:46]    ✅ 成功抓到 7 筆時段
[2026-08-18 11:53:48] [4282/5921] 七股龍山宮 (Attraction_395000000A_006062)
[2026-08-18 11:53:51]    ✅ 成功抓到 7 筆時段
[2026-08-18 11:53:53] [4283/5921] 神農殿 (Attraction_395000000A_006066)
[2026-08-18 11:54:03]    ❌ 三種策略皆失敗
[2026-08-18 11:54:05] [4284/5921] 中都愛河濕地公園 (Attraction_397000000A_000010)
[2026-08-18 11:54:09]    ✅ 成功抓到 7 筆時段
[2026-08-18 11:54:11] [4285/5921] 檨仔林埤濕地公園 (Attraction_397000000A_000011)
[2026-08-18 11:54:15]    ✅ 成功抓到 7 筆時段
[2026-08-18 11:54:17] [4286/5921] 愛河之心 (Attraction_397000000A_000016)
[2026-08-18 11:54:26]    ✅ 成功抓到 7 筆時段
[2026-08-18 11:54:28] [4287/5921] 中都唐榮磚窯廠 (Attraction_397000000A_000017)
[2026-08-18 11:54:31]    ✅ 成功抓到 7 筆時段
[2026-08-18 11:54:33] [4288/5921] 金獅湖風景區 (Attraction_397000000A_000019)
[2026-08-18 11:54:37]    ✅ 成功抓到 7 筆時段
[2026-08-18 11:54:39] [4289/5921] 彪琥台灣鞋故事館 (Attraction_397000000A_000020)
[2026-08-18 11:54:43]    ✅ 成功抓到 7 筆時段
[2026-08-18 11:54:45] [4290/5921] 國定古蹟-竹仔門電廠 (Attraction_397000000A_000021)
[2026-08-18 11:54:50]    ❌ 三種策略皆失敗
[2026-08-18 11:54:50]    💾 存檔！已處理 4290/5921 | 成功 2999 | 失敗 1291
[2026-08-18 11:54:50]       資料庫共 4457 筆，其中 3142 筆有營業時間
[2026-08-18 11:54:50]       速度 6.2 筆/分鐘 | 預估剩餘 263 分鐘
[2026-08-18 11:54:52] [4291/5921] 佛光緣美術館 (總館) (Attraction_397000000A_000022)
[2026-08-18 11:54:55]    ✅ 成功抓到 7 筆時段
[2026-08-18 11:54:57] [4292/5921] 市定古蹟-竹寮取水站 (Attraction_397000000A_000023)
[2026-08-18 11:55:02]    ❌ 三種策略皆失敗
[2026-08-18 11:55:04] [4293/5921] 姑婆寮莊家古厝 (Attraction_397000000A_000024)
[2026-08-18 11:55:10]    ❌ 三種策略皆失敗
[2026-08-18 11:55:12] [4294/5921] 佛光山 (Attraction_397000000A_000026)
[2026-08-18 11:55:23]    (透過策略2成功)
[2026-08-18 11:55:23]    ✅ 成功抓到 7 筆時段
[2026-08-18 11:55:25] [4295/5921] 東照山關帝廟 (Attraction_397000000A_000027)
[2026-08-18 11:55:34]    ✅ 成功抓到 7 筆時段
[2026-08-18 11:55:36] [4296/5921] 臺灣天壇 (Attraction_397000000A_000028)
[2026-08-18 11:55:40]    ✅ 成功抓到 7 筆時段
[2026-08-18 11:55:42] [4297/5921] 信誼高爾夫球場 (Attraction_397000000A_000029)
[2026-08-18 11:55:45]    ✅ 成功抓到 7 筆時段
[2026-08-18 11:55:47] [4298/5921] 觀音山高爾夫球場 (Attraction_397000000A_000030)
[2026-08-18 11:55:51]    ✅ 成功抓到 7 筆時段
[2026-08-18 11:55:53] [4299/5921] 高雄市天文教育館 (Attraction_397000000A_000031)
[2026-08-18 11:55:57]    ✅ 成功抓到 7 筆時段
[2026-08-18 11:55:59] [4300/5921] 凝聚的綠寶石-R4高雄國際機場站 (Attraction_397000000A_000032)
[2026-08-18 11:56:04]    ❌ 三種策略皆失敗
[2026-08-18 11:56:04]    💾 存檔！已處理 4300/5921 | 成功 3006 | 失敗 1294
[2026-08-18 11:56:04]       資料庫共 4467 筆，其中 3149 筆有營業時間
[2026-08-18 11:56:04]       速度 6.2 筆/分鐘 | 預估剩餘 261 分鐘
[2026-08-18 11:56:06] [4301/5921] 九番埤濕地公園 (Attraction_397000000A_000033)
[2026-08-18 11:56:10]    ✅ 成功抓到 7 筆時段
[2026-08-18 11:56:12] [4302/5921] 洪家古厝 (Attraction_397000000A_000035)
[2026-08-18 11:56:17]    ❌ 三種策略皆失敗
[2026-08-18 11:56:19] [4303/5921] 雁門煙雨 (Attraction_397000000A_000036)
[2026-08-18 11:56:24]    ❌ 三種策略皆失敗
[2026-08-18 11:56:26] [4304/5921] 不老溫泉區 (Attraction_397000000A_000038)
[2026-08-18 11:56:32]    ❌ 三種策略皆失敗
[2026-08-18 11:56:34] [4305/5921] 薛家古厝 (Attraction_397000000A_000039)
[2026-08-18 11:56:40]    ❌ 三種策略皆失敗
[2026-08-18 11:56:42] [4306/5921] 洲仔濕地公園 (Attraction_397000000A_000041)
[2026-08-18 11:56:52]    ❌ 三種策略皆失敗
[2026-08-18 11:56:54] [4307/5921] 原生植物園 (Attraction_397000000A_000042)
[2026-08-18 11:57:01]    (透過策略2成功)
[2026-08-18 11:57:01]    ✅ 成功抓到 7 筆時段
[2026-08-18 11:57:03] [4308/5921] 左營聖女小德蘭堂 (Attraction_397000000A_000043)
[2026-08-18 11:57:08]    ❌ 三種策略皆失敗
[2026-08-18 11:57:10] [4309/5921] 高雄巨蛋 (Attraction_397000000A_000044)
[2026-08-18 11:57:16]    ❌ 三種策略皆失敗
[2026-08-18 11:57:18] [4310/5921] 蓮潭滑水主題樂園 (Attraction_397000000A_000045)
[2026-08-18 11:57:22]    ✅ 成功抓到 7 筆時段
[2026-08-18 11:57:22]    💾 存檔！已處理 4310/5921 | 成功 3009 | 失敗 1301
[2026-08-18 11:57:22]       資料庫共 4477 筆，其中 3152 筆有營業時間
[2026-08-18 11:57:22]       速度 6.2 筆/分鐘 | 預估剩餘 259 分鐘
[2026-08-18 11:57:24] [4311/5921] 田寮冷泉區（田寮花季度假飯店） (Attraction_397000000A_000047)
[2026-08-18 11:57:32]    ❌ 三種策略皆失敗
[2026-08-18 11:57:34] [4312/5921] 大崗山高爾夫球場 (Attraction_397000000A_000048)
[2026-08-18 11:57:38]    ✅ 成功抓到 7 筆時段
[2026-08-18 11:57:40] [4313/5921] 甲仙化石館(暫停營業) (Attraction_397000000A_000049)
[2026-08-18 11:57:47]    ❌ 三種策略皆失敗
[2026-08-18 11:57:49] [4314/5921] 六義山登山步道 (Attraction_397000000A_000050)
[2026-08-18 11:57:54]    ❌ 三種策略皆失敗
[2026-08-18 11:57:56] [4315/5921] 小林村紀念公園 (Attraction_397000000A_000051)
[2026-08-18 11:58:00]    ✅ 成功抓到 7 筆時段
[2026-08-18 11:58:02] [4316/5921] 甲仙大橋 (Attraction_397000000A_000052)
[2026-08-18 11:58:06]    ✅ 成功抓到 7 筆時段
[2026-08-18 11:58:08] [4317/5921] 甲仙形象商圈 (Attraction_397000000A_000053)
[2026-08-18 11:58:13]    ❌ 三種策略皆失敗
[2026-08-18 11:58:15] [4318/5921] 陳家友善香草園 (Attraction_397000000A_000054)
[2026-08-18 11:58:20]    ❌ 三種策略皆失敗
[2026-08-18 11:58:22] [4319/5921] 錫安山 (Attraction_397000000A_000056)
[2026-08-18 11:58:30]    ✅ 成功抓到 7 筆時段
[2026-08-18 11:58:32] [4320/5921] 岡山文化中心 (Attraction_397000000A_000059)
[2026-08-18 11:58:36]    ✅ 成功抓到 7 筆時段
[2026-08-18 11:58:36]    💾 存檔！已處理 4320/5921 | 成功 3014 | 失敗 1306
[2026-08-18 11:58:36]       資料庫共 4487 筆，其中 3157 筆有營業時間
[2026-08-18 11:58:36]       速度 6.2 筆/分鐘 | 預估剩餘 257 分鐘
[2026-08-18 11:58:38] [4321/5921] 空軍軍史館 (Attraction_397000000A_000060)
[2026-08-18 11:58:42]    ✅ 成功抓到 7 筆時段
[2026-08-18 11:58:44] [4322/5921] 高雄市皮影戲館 (Attraction_397000000A_000061)
[2026-08-18 11:58:48]    ✅ 成功抓到 7 筆時段
[2026-08-18 11:58:50] [4323/5921] 岡山公園 (Attraction_397000000A_000063)
[2026-08-18 11:58:56]    (透過策略2成功)
[2026-08-18 11:58:56]    ✅ 成功抓到 7 筆時段
[2026-08-18 11:58:58] [4324/5921] 台灣滷味博物館 (Attraction_397000000A_000067)
[2026-08-18 11:59:03]    ❌ 三種策略皆失敗
[2026-08-18 11:59:05] [4325/5921] 高雄市漁業文化館 (Attraction_397000000A_000068)
[2026-08-18 11:59:11]    ❌ 三種策略皆失敗
[2026-08-18 11:59:13] [4326/5921] 高雄市立圖書館總館 (Attraction_397000000A_000069)
[2026-08-18 11:59:17]    ✅ 成功抓到 7 筆時段
[2026-08-18 11:59:19] [4327/5921] 高雄展覽館 (Attraction_397000000A_000070)
[2026-08-18 11:59:22]    ✅ 成功抓到 7 筆時段
[2026-08-18 11:59:24] [4328/5921] 前鎮漁港 (Attraction_397000000A_000071)
[2026-08-18 11:59:31]    ❌ 三種策略皆失敗
[2026-08-18 11:59:33] [4329/5921] 前鎮之星 (Attraction_397000000A_000072)
[2026-08-18 11:59:41]    ✅ 成功抓到 7 筆時段
[2026-08-18 11:59:43] [4330/5921] 珍芳烏魚子見學工廠 (Attraction_397000000A_000073)
[2026-08-18 11:59:47]    ✅ 成功抓到 7 筆時段
[2026-08-18 11:59:47]    💾 存檔！已處理 4330/5921 | 成功 3021 | 失敗 1309
[2026-08-18 11:59:47]       資料庫共 4497 筆，其中 3164 筆有營業時間
[2026-08-18 11:59:47]       速度 6.2 筆/分鐘 | 預估剩餘 256 分鐘
[2026-08-18 11:59:49] [4331/5921] 創藝所在-R7獅甲站 (Attraction_397000000A_000074)
[2026-08-18 11:59:52]    ✅ 成功抓到 7 筆時段
[2026-08-18 11:59:54] [4332/5921] 美濃窯 (Attraction_397000000A_000075)
[2026-08-18 11:59:58]    ✅ 成功抓到 7 筆時段
[2026-08-18 12:00:00] [4333/5921] 曾文忠美術館 (Attraction_397000000A_000076)
[2026-08-18 12:00:09]    ✅ 成功抓到 7 筆時段
[2026-08-18 12:00:11] [4334/5921] 永安老街 (Attraction_397000000A_000077)
[2026-08-18 12:00:15]    ✅ 成功抓到 7 筆時段
[2026-08-18 12:00:17] [4335/5921] 美濃敬字亭 (Attraction_397000000A_000079)
[2026-08-18 12:00:20]    ✅ 成功抓到 7 筆時段
[2026-08-18 12:00:22] [4336/5921] 美濃原鄉緣紙傘文化村 (Attraction_397000000A_000081)
[2026-08-18 12:00:26]    ✅ 成功抓到 7 筆時段
[2026-08-18 12:00:28] [4337/5921] 自來水公園 (Attraction_397000000A_000083)
[2026-08-18 12:00:39]    (透過策略2成功)
[2026-08-18 12:00:39]    ✅ 成功抓到 7 筆時段
[2026-08-18 12:00:41] [4338/5921] 光榮碼頭 (Attraction_397000000A_000084)
[2026-08-18 12:00:46]    ❌ 三種策略皆失敗
[2026-08-18 12:00:48] [4339/5921] 陳中和紀念館 (Attraction_397000000A_000085)
[2026-08-18 12:00:54]    ❌ 三種策略皆失敗
[2026-08-18 12:00:56] [4340/5921] 高雄清真寺 (Attraction_397000000A_000086)
[2026-08-18 12:00:59]    ✅ 成功抓到 7 筆時段
[2026-08-18 12:00:59]    💾 存檔！已處理 4340/5921 | 成功 3029 | 失敗 1311
[2026-08-18 12:00:59]       資料庫共 4507 筆，其中 3172 筆有營業時間
[2026-08-18 12:00:59]       速度 6.2 筆/分鐘 | 預估剩餘 254 分鐘
[2026-08-18 12:01:01] [4341/5921] 高雄關帝廟(武廟) (Attraction_397000000A_000087)
[2026-08-18 12:01:05]    ✅ 成功抓到 7 筆時段
[2026-08-18 12:01:07] [4342/5921] 多納高吊橋 (Attraction_397000000A_000088)
[2026-08-18 12:01:11]    ✅ 成功抓到 7 筆時段
[2026-08-18 12:01:13] [4343/5921] 得樂日嘎橋 (Attraction_397000000A_000089)
[2026-08-18 12:01:17]    ✅ 成功抓到 7 筆時段
[2026-08-18 12:01:19] [4344/5921] 多納部落 (Attraction_397000000A_000090)
[2026-08-18 12:01:24]    ❌ 三種策略皆失敗
[2026-08-18 12:01:26] [4345/5921] 白雲寺 (Attraction_397000000A_000092)
[2026-08-18 12:01:30]    ❌ 三種策略皆失敗
[2026-08-18 12:01:32] [4346/5921] 梅山遊客中心 (Attraction_397000000A_000093)
[2026-08-18 12:01:39]    (透過策略2成功)
[2026-08-18 12:01:39]    ✅ 成功抓到 7 筆時段
[2026-08-18 12:01:41] [4347/5921] 同安張家古厝 (Attraction_397000000A_000094)
[2026-08-18 12:01:44]    ✅ 成功抓到 7 筆時段
[2026-08-18 12:01:46] [4348/5921] 紅樹林茄苳溪保護區 (Attraction_397000000A_000095)
[2026-08-18 12:01:51]    ❌ 三種策略皆失敗
[2026-08-18 12:01:53] [4349/5921] 摩登高雄-R9中央公園站 (Attraction_397000000A_000154)
[2026-08-18 12:01:59]    ❌ 三種策略皆失敗
[2026-08-18 12:02:01] [4350/5921] 空中的雨林-R17世運站 (Attraction_397000000A_000155)
[2026-08-18 12:02:06]    ❌ 三種策略皆失敗
[2026-08-18 12:02:06]    💾 存檔！已處理 4350/5921 | 成功 3034 | 失敗 1316
[2026-08-18 12:02:06]       資料庫共 4517 筆，其中 3177 筆有營業時間
[2026-08-18 12:02:06]       速度 6.2 筆/分鐘 | 預估剩餘 252 分鐘
[2026-08-18 12:02:08] [4351/5921] 右昌森林公園 (Attraction_397000000A_000156)
[2026-08-18 12:02:12]    ✅ 成功抓到 7 筆時段
[2026-08-18 12:02:14] [4352/5921] 高雄市立美術館 (Attraction_397000000A_000158)
[2026-08-18 12:02:17]    ✅ 成功抓到 7 筆時段
[2026-08-18 12:02:19] [4353/5921] 高雄港 (Attraction_397000000A_000160)
[2026-08-18 12:02:24]    ❌ 三種策略皆失敗
[2026-08-18 12:02:26] [4354/5921] 西子灣蔣介石行館 (Attraction_397000000A_000161)
[2026-08-18 12:02:30]    ✅ 成功抓到 7 筆時段
[2026-08-18 12:02:32] [4355/5921] 忠烈祠 (Attraction_397000000A_000163)
[2026-08-18 12:02:42]    ✅ 成功抓到 7 筆時段
[2026-08-18 12:02:44] [4356/5921] 內惟埤文化園區 (Attraction_397000000A_000164)
[2026-08-18 12:04:22]    ✅ 成功抓到 7 筆時段
[2026-08-18 12:04:24] [4357/5921] 壽山國家自然公園 (Attraction_397000000A_000165)
[2026-08-18 12:04:29]    ❌ 三種策略皆失敗
[2026-08-18 12:04:31] [4358/5921] 十八王公廟 (Attraction_397000000A_000166)
[2026-08-18 12:04:36]    ❌ 三種策略皆失敗
[2026-08-18 12:04:38] [4359/5921] 高雄哈瑪星代天宮 (Attraction_397000000A_000168)
[2026-08-18 12:04:42]    ✅ 成功抓到 7 筆時段
[2026-08-18 12:04:44] [4360/5921] 旗山碾米廠 (Attraction_397000000A_000169)
[2026-08-18 12:04:48]    ✅ 成功抓到 7 筆時段
[2026-08-18 12:04:48]    💾 存檔！已處理 4360/5921 | 成功 3041 | 失敗 1319
[2026-08-18 12:04:48]       資料庫共 4527 筆，其中 3184 筆有營業時間
[2026-08-18 12:04:48]       速度 6.2 筆/分鐘 | 預估剩餘 251 分鐘
[2026-08-18 12:04:50] [4361/5921] 旗山武德殿 (Attraction_397000000A_000170)
[2026-08-18 12:04:53]    ✅ 成功抓到 7 筆時段
[2026-08-18 12:04:55] [4362/5921] 鼓山公園 (Attraction_397000000A_000171)
[2026-08-18 12:04:59]    ✅ 成功抓到 7 筆時段
[2026-08-18 12:05:01] [4363/5921] 市定古蹟-旗山國小 (Attraction_397000000A_000172)
[2026-08-18 12:05:10]    ✅ 成功抓到 7 筆時段
[2026-08-18 12:05:12] [4364/5921] 旗山孔廟 (Attraction_397000000A_000173)
[2026-08-18 12:05:17]    ❌ 三種策略皆失敗
[2026-08-18 12:05:19] [4365/5921] 地景橋 (Attraction_397000000A_000174)
[2026-08-18 12:05:22]    ✅ 成功抓到 7 筆時段
[2026-08-18 12:05:24] [4366/5921] 聖若瑟天主堂 (Attraction_397000000A_000175)
[2026-08-18 12:05:36]    (透過策略2成功)
[2026-08-18 12:05:36]    ✅ 成功抓到 7 筆時段
[2026-08-18 12:05:38] [4367/5921] 旗山橋 (Attraction_397000000A_000176)
[2026-08-18 12:05:43]    ❌ 三種策略皆失敗
[2026-08-18 12:05:45] [4368/5921] 東九道之驛－旗糖農創園區 (Attraction_397000000A_000177)
[2026-08-18 12:05:49]    ✅ 成功抓到 7 筆時段
[2026-08-18 12:05:51] [4369/5921] 勞動女性紀念公園 (Attraction_397000000A_000178)
[2026-08-18 12:05:54]    ✅ 成功抓到 7 筆時段
[2026-08-18 12:05:56] [4370/5921] 戰爭與和平紀念公園主題館 (Attraction_397000000A_000179)
[2026-08-18 12:06:00]    ✅ 成功抓到 7 筆時段
[2026-08-18 12:06:00]    💾 存檔！已處理 4370/5921 | 成功 3049 | 失敗 1321
[2026-08-18 12:06:00]       資料庫共 4537 筆，其中 3192 筆有營業時間
[2026-08-18 12:06:00]       速度 6.2 筆/分鐘 | 預估剩餘 249 分鐘
[2026-08-18 12:06:02] [4371/5921] 旗津星空隧道 (Attraction_397000000A_000180)
[2026-08-18 12:06:05]    ✅ 成功抓到 7 筆時段
[2026-08-18 12:06:07] [4372/5921] 旗津觀光漁港 (Attraction_397000000A_000181)
[2026-08-18 12:07:58]    (透過策略2成功)
[2026-08-18 12:07:58]    ✅ 成功抓到 7 筆時段
[2026-08-18 12:08:00] [4373/5921] 高雄燈塔(旗津旗后燈塔) (Attraction_397000000A_000182)
[2026-08-18 12:08:04]    ✅ 成功抓到 7 筆時段
[2026-08-18 12:08:06] [4374/5921] 旗後教會 (Attraction_397000000A_000183)
[2026-08-18 12:08:11]    ❌ 三種策略皆失敗
[2026-08-18 12:08:13] [4375/5921] 旗津天后宮 (Attraction_397000000A_000184)
[2026-08-18 12:08:17]    ✅ 成功抓到 7 筆時段
[2026-08-18 12:08:19] [4376/5921] 海軍明德訓練班(原日本海軍鳳山無線電信所)(施工閉園中) (Attraction_397000000A_000186)
[2026-08-18 12:10:05]    ❌ 三種策略皆失敗
[2026-08-18 12:10:07] [4377/5921] 陸軍官校(校史館) (Attraction_397000000A_000187)
[2026-08-18 12:10:16]    ❌ 三種策略皆失敗
[2026-08-18 12:10:18] [4378/5921] 鳳山天公廟 (Attraction_397000000A_000189)
[2026-08-18 12:10:21]    ✅ 成功抓到 7 筆時段
[2026-08-18 12:10:23] [4379/5921] 鳳山仙公廟 (Attraction_397000000A_000190)
[2026-08-18 12:10:27]    ✅ 成功抓到 7 筆時段
[2026-08-18 12:10:29] [4380/5921] 鳳山基督長老教會 (Attraction_397000000A_000191)
[2026-08-18 12:10:32]    ✅ 成功抓到 7 筆時段
[2026-08-18 12:10:32]    💾 存檔！已處理 4380/5921 | 成功 3056 | 失敗 1324
[2026-08-18 12:10:32]       資料庫共 4547 筆，其中 3199 筆有營業時間
[2026-08-18 12:10:32]       速度 6.2 筆/分鐘 | 預估剩餘 248 分鐘
[2026-08-18 12:10:34] [4381/5921] 大東文化藝術中心 (Attraction_397000000A_000192)
[2026-08-18 12:10:44]    ✅ 成功抓到 7 筆時段
[2026-08-18 12:10:46] [4382/5921] 天工開物-R23橋頭火車站 (Attraction_397000000A_000193)
[2026-08-18 12:10:51]    ❌ 三種策略皆失敗
[2026-08-18 12:10:53] [4383/5921] 橋頭老街（余登發故居） (Attraction_397000000A_000194)
[2026-08-18 12:12:47]    (透過策略3成功)
[2026-08-18 12:12:47]    ✅ 成功抓到 7 筆時段
[2026-08-18 12:12:49] [4384/5921] 橋頭白樹彩繪村 (Attraction_397000000A_000195)
[2026-08-18 12:12:54]    ❌ 三種策略皆失敗
[2026-08-18 12:12:56] [4385/5921] 臺糖花卉農園中心 (Attraction_397000000A_000196)
[2026-08-18 12:13:00]    ✅ 成功抓到 7 筆時段
[2026-08-18 12:13:02] [4386/5921] 太陽谷 (Attraction_397000000A_000197)
[2026-08-18 12:13:08]    (透過策略2成功)
[2026-08-18 12:13:08]    ✅ 成功抓到 7 筆時段
[2026-08-18 12:13:10] [4387/5921] 烏山頂泥火山自然保留區 (Attraction_397000000A_000198)
[2026-08-18 12:13:14]    ✅ 成功抓到 7 筆時段
[2026-08-18 12:13:16] [4388/5921] 燕巢雞冠山 (Attraction_397000000A_000199)
[2026-08-18 12:13:20]    ❌ 三種策略皆失敗
[2026-08-18 12:13:22] [4389/5921] 南寮漁港 (Attraction_397000000A_000200)
[2026-08-18 12:13:27]    ❌ 三種策略皆失敗
[2026-08-18 12:13:29] [4390/5921] 漯底山自然公園 (Attraction_397000000A_000201)
[2026-08-18 12:13:33]    ✅ 成功抓到 7 筆時段
[2026-08-18 12:13:33]    💾 存檔！已處理 4390/5921 | 成功 3062 | 失敗 1328
[2026-08-18 12:13:33]       資料庫共 4557 筆，其中 3205 筆有營業時間
[2026-08-18 12:13:33]       速度 6.2 筆/分鐘 | 預估剩餘 247 分鐘
[2026-08-18 12:13:35] [4391/5921] 高雄市音樂館 (Attraction_397000000A_000202)
[2026-08-18 12:13:40]    ❌ 三種策略皆失敗
[2026-08-18 12:13:42] [4392/5921] 市民廣場 (Attraction_397000000A_000203)
[2026-08-18 12:13:47]    ❌ 三種策略皆失敗
[2026-08-18 12:13:49] [4393/5921] 興達港(情人碼頭) (Attraction_397000000A_000204)
[2026-08-18 12:13:56]    ❌ 三種策略皆失敗
[2026-08-18 12:13:58] [4394/5921] 潮旅梓官（蚵子寮漁港） (Attraction_397000000A_000205)
[2026-08-18 12:14:02]    ✅ 成功抓到 7 筆時段
[2026-08-18 12:14:04] [4395/5921] 舊鐵橋濕地教育園區（大樹舊鐵橋） (Attraction_397000000A_000207)
[2026-08-18 12:14:10]    (透過策略2成功)
[2026-08-18 12:14:10]    ✅ 成功抓到 7 筆時段
[2026-08-18 12:14:12] [4396/5921] 鳳山縣舊城 (Attraction_397000000A_000208)
[2026-08-18 12:14:17]    ❌ 三種策略皆失敗
[2026-08-18 12:14:19] [4397/5921] 大崗山風景區 (Attraction_397000000A_000209)
[2026-08-18 12:14:23]    ✅ 成功抓到 7 筆時段
[2026-08-18 12:14:25] [4398/5921] 石頭廟（田寮慈玄聖天宮） (Attraction_397000000A_000210)
[2026-08-18 12:14:39]    (透過策略3成功)
[2026-08-18 12:14:39]    ✅ 成功抓到 7 筆時段
[2026-08-18 12:14:41] [4399/5921] 大寮包公廟 (Attraction_397000000A_000212)
[2026-08-18 12:14:45]    ✅ 成功抓到 7 筆時段
[2026-08-18 12:14:47] [4400/5921] 高雄市立電影館 (Attraction_397000000A_000213)
[2026-08-18 12:14:53]    ❌ 三種策略皆失敗
[2026-08-18 12:14:53]    💾 存檔！已處理 4400/5921 | 成功 3067 | 失敗 1333
[2026-08-18 12:14:53]       資料庫共 4567 筆，其中 3210 筆有營業時間
[2026-08-18 12:14:53]       速度 6.2 筆/分鐘 | 預估剩餘 246 分鐘
[2026-08-18 12:14:55] [4401/5921] 美濃客家文物館 (Attraction_397000000A_000214)
[2026-08-18 12:14:58]    ✅ 成功抓到 7 筆時段
[2026-08-18 12:15:00] [4402/5921] 內門紫竹寺 (Attraction_397000000A_000217)
[2026-08-18 12:15:07]    (透過策略2成功)
[2026-08-18 12:15:07]    ✅ 成功抓到 7 筆時段
[2026-08-18 12:15:09] [4403/5921] 大東濕地公園 (Attraction_397000000A_000218)
[2026-08-18 12:15:12]    ✅ 成功抓到 7 筆時段
[2026-08-18 12:15:14] [4404/5921] 鳳山龍山寺 (Attraction_397000000A_000219)
[2026-08-18 12:15:18]    ✅ 成功抓到 7 筆時段
[2026-08-18 12:15:20] [4405/5921] 旗山老街 (Attraction_397000000A_000223)
[2026-08-18 12:15:24]    ✅ 成功抓到 7 筆時段
[2026-08-18 12:15:26] [4406/5921] 半屏山自然公園 (Attraction_397000000A_000225)
[2026-08-18 12:15:32]    ❌ 三種策略皆失敗
[2026-08-18 12:15:34] [4407/5921] 光之穹頂-O5R10美麗島捷運站 (Attraction_397000000A_000226)
[2026-08-18 12:15:37]    ✅ 成功抓到 7 筆時段
[2026-08-18 12:15:39] [4408/5921] 美濃民俗村 (Attraction_397000000A_000228)
[2026-08-18 12:15:43]    ✅ 成功抓到 7 筆時段
[2026-08-18 12:15:45] [4409/5921] 田寮月世界 (Attraction_397000000A_000230)
[2026-08-18 12:15:50]    ❌ 三種策略皆失敗
[2026-08-18 12:15:52] [4410/5921] 西子灣風景區 (Attraction_397000000A_000234)
[2026-08-18 12:15:57]    ❌ 三種策略皆失敗
[2026-08-18 12:15:57]    💾 存檔！已處理 4410/5921 | 成功 3074 | 失敗 1336
[2026-08-18 12:15:57]       資料庫共 4577 筆，其中 3217 筆有營業時間
[2026-08-18 12:15:57]       速度 6.2 筆/分鐘 | 預估剩餘 244 分鐘
[2026-08-18 12:15:59] [4411/5921] 內門308高地 (Attraction_397000000A_000235)
[2026-08-18 12:16:03]    ✅ 成功抓到 7 筆時段
[2026-08-18 12:16:05] [4412/5921] 訓風砲台 (Attraction_397000000A_000236)
[2026-08-18 12:16:09]    ✅ 成功抓到 7 筆時段
[2026-08-18 12:16:11] [4413/5921] 台糖鳳山園藝休閒廣場 (Attraction_397000000A_000237)
[2026-08-18 12:16:14]    ✅ 成功抓到 7 筆時段
[2026-08-18 12:16:16] [4414/5921] 木柵吊橋＆木柵教會 (Attraction_397000000A_000238)
[2026-08-18 12:16:22]    ❌ 三種策略皆失敗
[2026-08-18 12:16:24] [4415/5921] 鳳儀書院 (Attraction_397000000A_000240)
[2026-08-18 12:16:27]    ✅ 成功抓到 7 筆時段
[2026-08-18 12:16:29] [4416/5921] 情人谷 (Attraction_397000000A_000241)
[2026-08-18 12:16:35]    ❌ 三種策略皆失敗
[2026-08-18 12:16:37] [4417/5921] 清水巖風景區(林園清水寺) (Attraction_397000000A_000242)
[2026-08-18 12:16:45]    ✅ 成功抓到 7 筆時段
[2026-08-18 12:16:47] [4418/5921] 新光碼頭 (Attraction_397000000A_000243)
[2026-08-18 12:16:51]    ✅ 成功抓到 7 筆時段
[2026-08-18 12:16:53] [4419/5921] 衛武營國家藝術文化中心 (Attraction_397000000A_000247)
[2026-08-18 12:17:02]    ✅ 成功抓到 7 筆時段
[2026-08-18 12:17:04] [4420/5921] 十八羅漢山風景區 (Attraction_397000000A_000249)
[2026-08-18 12:17:09]    ❌ 三種策略皆失敗
[2026-08-18 12:17:09]    💾 存檔！已處理 4420/5921 | 成功 3081 | 失敗 1339
[2026-08-18 12:17:09]       資料庫共 4587 筆，其中 3224 筆有營業時間
[2026-08-18 12:17:09]       速度 6.2 筆/分鐘 | 預估剩餘 242 分鐘
[2026-08-18 12:17:11] [4421/5921] 妙崇寺 (Attraction_397000000A_000250)
[2026-08-18 12:17:20]    ✅ 成功抓到 7 筆時段
[2026-08-18 12:17:22] [4422/5921] 寶來妙通寺 (Attraction_397000000A_000251)
[2026-08-18 12:17:26]    ✅ 成功抓到 7 筆時段
[2026-08-18 12:17:28] [4423/5921] 那瑪夏民權國小 (Attraction_397000000A_000252)
[2026-08-18 12:17:32]    ✅ 成功抓到 7 筆時段
[2026-08-18 12:17:34] [4424/5921] 援中港生態濕地公園 (Attraction_397000000A_000253)
[2026-08-18 12:17:43]    ✅ 成功抓到 7 筆時段
[2026-08-18 12:17:45] [4425/5921] 寶來溫泉區 (Attraction_397000000A_000254)
[2026-08-18 12:17:50]    ❌ 三種策略皆失敗
[2026-08-18 12:17:52] [4426/5921] 哨船頭山碉堡(西子灣) (Attraction_397000000A_000353)
[2026-08-18 12:17:59]    ❌ 三種策略皆失敗
[2026-08-18 12:18:01] [4427/5921] 裕賀牛觀光工廠 (Attraction_397000000A_000355)
[2026-08-18 12:18:05]    ✅ 成功抓到 7 筆時段
[2026-08-18 12:18:07] [4428/5921] 壽山Love情人觀景台 (Attraction_397000000A_000563)
[2026-08-18 12:18:11]    ✅ 成功抓到 7 筆時段
[2026-08-18 12:18:13] [4429/5921] 高雄市文化中心 (Attraction_397000000A_000564)
[2026-08-18 12:18:22]    ✅ 成功抓到 7 筆時段
[2026-08-18 12:18:24] [4430/5921] 岡山228和平紀念公園 (Attraction_397000000A_000566)
[2026-08-18 12:18:28]    ✅ 成功抓到 7 筆時段
[2026-08-18 12:18:28]    💾 存檔！已處理 4430/5921 | 成功 3089 | 失敗 1341
[2026-08-18 12:18:28]       資料庫共 4597 筆，其中 3232 筆有營業時間
[2026-08-18 12:18:28]       速度 6.2 筆/分鐘 | 預估剩餘 240 分鐘
[2026-08-18 12:18:30] [4431/5921] 彌陀海濱遊樂區 (Attraction_397000000A_000567)
[2026-08-18 12:18:45]    ❌ 三種策略皆失敗
[2026-08-18 12:18:47] [4432/5921] 東門樓 (Attraction_397000000A_000569)
[2026-08-18 12:18:51]    ✅ 成功抓到 7 筆時段
[2026-08-18 12:18:53] [4433/5921] 東便門(同儀門)/東福橋 (Attraction_397000000A_000570)
[2026-08-18 12:18:58]    ✅ 成功抓到 7 筆時段
[2026-08-18 12:19:00] [4434/5921] 統一夢時代購物中心 (Attraction_397000000A_000571)
[2026-08-18 12:19:03]    ✅ 成功抓到 7 筆時段
[2026-08-18 12:19:05] [4435/5921] 高雄文學館 (Attraction_397000000A_000572)
[2026-08-18 12:20:54]    ✅ 成功抓到 7 筆時段
[2026-08-18 12:20:56] [4436/5921] 旗山天后宮 (Attraction_397000000A_000574)
[2026-08-18 12:21:00]    ✅ 成功抓到 7 筆時段
[2026-08-18 12:21:02] [4437/5921] 打狗英國領事館文化園區 (Attraction_397000000A_000575)
[2026-08-18 12:21:06]    ✅ 成功抓到 7 筆時段
[2026-08-18 12:21:08] [4438/5921] 雙慈殿 (Attraction_397000000A_000577)
[2026-08-18 12:21:12]    ✅ 成功抓到 7 筆時段
[2026-08-18 12:21:14] [4439/5921] 佛光山佛陀紀念館 (Attraction_397000000A_000579)
[2026-08-18 12:21:18]    ✅ 成功抓到 7 筆時段
[2026-08-18 12:21:20] [4440/5921] 順賢宮 (Attraction_397000000A_000580)
[2026-08-18 12:21:26]    (透過策略2成功)
[2026-08-18 12:21:26]    ✅ 成功抓到 7 筆時段
[2026-08-18 12:21:26]    💾 存檔！已處理 4440/5921 | 成功 3098 | 失敗 1342
[2026-08-18 12:21:26]       資料庫共 4607 筆，其中 3241 筆有營業時間
[2026-08-18 12:21:26]       速度 6.2 筆/分鐘 | 預估剩餘 239 分鐘
[2026-08-18 12:21:28] [4441/5921] 曹公廟/平成砲台 (Attraction_397000000A_000581)
[2026-08-18 12:21:32]    ✅ 成功抓到 7 筆時段
[2026-08-18 12:21:34] [4442/5921] 茂林紫蝶幽谷 (Attraction_397000000A_000582)
[2026-08-18 12:21:39]    ❌ 三種策略皆失敗
[2026-08-18 12:21:41] [4443/5921] 茂林谷 (Attraction_397000000A_000583)
[2026-08-18 12:21:47]    ❌ 三種策略皆失敗
[2026-08-18 12:21:49] [4444/5921] 茂林國家風景區 (Attraction_397000000A_000584)
[2026-08-18 12:21:53]    ❌ 三種策略皆失敗
[2026-08-18 12:21:55] [4445/5921] 香蕉碼頭 (Attraction_397000000A_000585)
[2026-08-18 12:22:12]    (透過策略2成功)
[2026-08-18 12:22:12]    ✅ 成功抓到 7 筆時段
[2026-08-18 12:22:14] [4446/5921] 美濃湖 (Attraction_397000000A_000586)
[2026-08-18 12:22:19]    ❌ 三種策略皆失敗
[2026-08-18 12:22:21] [4447/5921] 哈瑪星鐵道文化園區 (Attraction_397000000A_000589)
[2026-08-18 12:22:25]    ✅ 成功抓到 7 筆時段
[2026-08-18 12:22:27] [4448/5921] 張媽媽桑椹休閒農場 (Attraction_397000000A_000590)
[2026-08-18 12:22:32]    ❌ 三種策略皆失敗
[2026-08-18 12:22:34] [4449/5921] 龍目社區 (Attraction_397000000A_000593)
[2026-08-18 12:22:39]    ❌ 三種策略皆失敗
[2026-08-18 12:22:41] [4450/5921] 阿公店水庫 (Attraction_397000000A_000594)
[2026-08-18 12:22:47]    ❌ 三種策略皆失敗
[2026-08-18 12:22:47]    💾 存檔！已處理 4450/5921 | 成功 3101 | 失敗 1349
[2026-08-18 12:22:47]       資料庫共 4617 筆，其中 3244 筆有營業時間
[2026-08-18 12:22:47]       速度 6.2 筆/分鐘 | 預估剩餘 238 分鐘
[2026-08-18 12:22:49] [4451/5921] 橋頭糖廠(台灣糖業博物館) (Attraction_397000000A_000595)
[2026-08-18 12:22:52]    ✅ 成功抓到 7 筆時段
[2026-08-18 12:22:54] [4452/5921] 啟明堂 (Attraction_397000000A_000596)
[2026-08-18 12:24:40]    ✅ 成功抓到 7 筆時段
[2026-08-18 12:24:42] [4453/5921] 大愛園區 (Attraction_397000000A_000599)
[2026-08-18 12:24:48]    (透過策略2成功)
[2026-08-18 12:24:48]    ✅ 成功抓到 7 筆時段
[2026-08-18 12:24:50] [4454/5921] 高雄市立歷史博物館 (Attraction_397000000A_000601)
[2026-08-18 12:24:54]    ✅ 成功抓到 7 筆時段
[2026-08-18 12:24:56] [4455/5921] 天主教真福山社福園區 (Attraction_397000000A_000602)
[2026-08-18 12:25:01]    ❌ 三種策略皆失敗
[2026-08-18 12:25:03] [4456/5921] 劉家百年古厝 (Attraction_397000000A_000603)
[2026-08-18 12:25:08]    ❌ 三種策略皆失敗
[2026-08-18 12:25:10] [4457/5921] 黃蝶翠谷 (Attraction_397000000A_000604)
[2026-08-18 12:25:18]    ✅ 成功抓到 7 筆時段
[2026-08-18 12:25:20] [4458/5921] 紅毛港文化園區 (Attraction_397000000A_000605)
[2026-08-18 12:25:24]    ✅ 成功抓到 7 筆時段
[2026-08-18 12:25:26] [4459/5921] 新威森林公園 (Attraction_397000000A_000606)
[2026-08-18 12:25:30]    ✅ 成功抓到 7 筆時段
[2026-08-18 12:25:32] [4460/5921] 高雄都會公園 (Attraction_397000000A_000607)
[2026-08-18 12:25:35]    ✅ 成功抓到 7 筆時段
[2026-08-18 12:25:36]    💾 存檔！已處理 4460/5921 | 成功 3109 | 失敗 1351
[2026-08-18 12:25:36]       資料庫共 4627 筆，其中 3252 筆有營業時間
[2026-08-18 12:25:36]       速度 6.2 筆/分鐘 | 預估剩餘 236 分鐘
[2026-08-18 12:25:38] [4461/5921] 義大世界 (Attraction_397000000A_000608)
[2026-08-18 12:25:43]    ❌ 三種策略皆失敗
[2026-08-18 12:25:45] [4462/5921] 高屏溪斜張橋 (Attraction_397000000A_000609)
[2026-08-18 12:25:49]    ✅ 成功抓到 7 筆時段
[2026-08-18 12:25:51] [4463/5921] 竹滬明寧靖王廟-華山殿 (Attraction_397000000A_000612)
[2026-08-18 12:25:56]    ❌ 三種策略皆失敗
[2026-08-18 12:25:58] [4464/5921] 旗山車站-糖鐵故事館 (Attraction_397000000A_000614)
[2026-08-18 12:26:01]    ✅ 成功抓到 7 筆時段
[2026-08-18 12:26:03] [4465/5921] 旗津貝殼館 (Attraction_397000000A_000615)
[2026-08-18 12:26:07]    ✅ 成功抓到 7 筆時段
[2026-08-18 12:26:09] [4466/5921] 旗津風車公園 (Attraction_397000000A_000616)
[2026-08-18 12:26:13]    ✅ 成功抓到 7 筆時段
[2026-08-18 12:26:15] [4467/5921] 鳥松濕地 (Attraction_397000000A_000617)
[2026-08-18 12:26:18]    ✅ 成功抓到 7 筆時段
[2026-08-18 12:26:20] [4468/5921] 十鼓橋糖文創園區 (Attraction_397000000A_000618)
[2026-08-18 12:26:25]    ❌ 三種策略皆失敗
[2026-08-18 12:26:27] [4469/5921] 大坪頂熱帶植物園 (Attraction_397000000A_000619)
[2026-08-18 12:26:31]    ✅ 成功抓到 7 筆時段
[2026-08-18 12:26:33] [4470/5921] 鳳山溪綠園道 (Attraction_397000000A_000620)
[2026-08-18 12:26:37]    ✅ 成功抓到 7 筆時段
[2026-08-18 12:26:37]    💾 存檔！已處理 4470/5921 | 成功 3116 | 失敗 1354
[2026-08-18 12:26:37]       資料庫共 4637 筆，其中 3259 筆有營業時間
[2026-08-18 12:26:37]       速度 6.2 筆/分鐘 | 預估剩餘 234 分鐘
[2026-08-18 12:26:39] [4471/5921] 澄瀾砲台 (Attraction_397000000A_000621)
[2026-08-18 12:26:42]    ✅ 成功抓到 7 筆時段
[2026-08-18 12:26:44] [4472/5921] 澄清湖棒球場 (Attraction_397000000A_000623)
[2026-08-18 12:26:53]    ✅ 成功抓到 7 筆時段
[2026-08-18 12:26:55] [4473/5921] 衛武營都會公園 (Attraction_397000000A_000625)
[2026-08-18 12:26:59]    ✅ 成功抓到 7 筆時段
[2026-08-18 12:27:01] [4474/5921] 玫瑰聖母聖殿主教座堂 (Attraction_397000000A_000626)
[2026-08-18 12:27:05]    ✅ 成功抓到 7 筆時段
[2026-08-18 12:27:07] [4475/5921] 大崗山超峰寺 (Attraction_397000000A_000627)
[2026-08-18 12:27:12]    ❌ 三種策略皆失敗
[2026-08-18 12:27:14] [4476/5921] 諦願寺 (Attraction_397000000A_000628)
[2026-08-18 12:27:18]    ✅ 成功抓到 7 筆時段
[2026-08-18 12:27:20] [4477/5921] 鴨母王朱一貴文化園區 (Attraction_397000000A_000629)
[2026-08-18 12:27:23]    ✅ 成功抓到 7 筆時段
[2026-08-18 12:27:25] [4478/5921] 茂林三大名山-龍頭山、蛇頭山與龜形山 (Attraction_397000000A_000630)
[2026-08-18 12:27:30]    ❌ 三種策略皆失敗
[2026-08-18 12:27:32] [4479/5921] 永齡杉林有機農業園區 (Attraction_397000000A_000633)
[2026-08-18 12:27:36]    ✅ 成功抓到 7 筆時段
[2026-08-18 12:27:38] [4480/5921] 三鳳宮 (Attraction_397000000A_000634)
[2026-08-18 12:27:42]    ✅ 成功抓到 7 筆時段
[2026-08-18 12:27:42]    💾 存檔！已處理 4480/5921 | 成功 3124 | 失敗 1356
[2026-08-18 12:27:42]       資料庫共 4647 筆，其中 3267 筆有營業時間
[2026-08-18 12:27:42]       速度 6.2 筆/分鐘 | 預估剩餘 233 分鐘
[2026-08-18 12:27:44] [4481/5921] 城邑左營慈濟宮 (Attraction_397000000A_000635)
[2026-08-18 12:27:47]    ✅ 成功抓到 7 筆時段
[2026-08-18 12:27:49] [4482/5921] 愛河 (Attraction_397000000A_000637)
[2026-08-18 12:27:56]    (透過策略2成功)
[2026-08-18 12:27:56]    ✅ 成功抓到 7 筆時段
[2026-08-18 12:27:58] [4483/5921] 西臨港線自行車道 (Attraction_397000000A_000640)
[2026-08-18 12:28:03]    ❌ 三種策略皆失敗
[2026-08-18 12:28:05] [4484/5921] 鳳山溪前鎮河自行車路線 (Attraction_397000000A_000642)
[2026-08-18 12:28:11]    ❌ 三種策略皆失敗
[2026-08-18 12:28:13] [4485/5921] 茄萣漁村風情自行車路線 (Attraction_397000000A_000646)
[2026-08-18 12:30:03]    ✅ 成功抓到 7 筆時段
[2026-08-18 12:30:05] [4486/5921] 國立科學工藝博物館 (Attraction_397000000A_000652)
[2026-08-18 12:30:08]    ✅ 成功抓到 7 筆時段
[2026-08-18 12:30:10] [4487/5921] 南海紫竹寺 (Attraction_397000000A_000653)
[2026-08-18 12:30:14]    ✅ 成功抓到 7 筆時段
[2026-08-18 12:30:16] [4488/5921] 鳳山城隍廟 (Attraction_397000000A_000654)
[2026-08-18 12:30:20]    ✅ 成功抓到 7 筆時段
[2026-08-18 12:30:22] [4489/5921] 勞工公園 (Attraction_397000000A_000658)
[2026-08-18 12:30:28]    (透過策略2成功)
[2026-08-18 12:30:28]    ✅ 成功抓到 7 筆時段
[2026-08-18 12:30:30] [4490/5921] FLOMO富樂夢橡皮擦觀光工廠 (Attraction_397000000A_000659)
[2026-08-18 12:30:34]    ✅ 成功抓到 7 筆時段
[2026-08-18 12:30:34]    💾 存檔！已處理 4490/5921 | 成功 3132 | 失敗 1358
[2026-08-18 12:30:34]       資料庫共 4657 筆，其中 3275 筆有營業時間
[2026-08-18 12:30:34]       速度 6.2 筆/分鐘 | 預估剩餘 231 分鐘
[2026-08-18 12:30:36] [4491/5921] 台灣螺絲博物館 (Attraction_397000000A_000660)
[2026-08-18 12:30:40]    ✅ 成功抓到 7 筆時段
[2026-08-18 12:30:42] [4492/5921] 航空教育展示館 (Attraction_397000000A_000661)
[2026-08-18 12:30:46]    ✅ 成功抓到 7 筆時段
[2026-08-18 12:30:48] [4493/5921] 中芸漁港 (Attraction_397000000A_000662)
[2026-08-18 12:30:53]    ❌ 三種策略皆失敗
[2026-08-18 12:30:55] [4494/5921] 原頂林仔邊警察官吏派出所(林園歷史教室) (Attraction_397000000A_000663)
[2026-08-18 12:30:59]    ✅ 成功抓到 7 筆時段
[2026-08-18 12:31:01] [4495/5921] 二仁溪親水公園 (Attraction_397000000A_000664)
[2026-08-18 12:31:04]    ✅ 成功抓到 7 筆時段
[2026-08-18 12:31:06] [4496/5921] 高雄市勞工博物館 (Attraction_397000000A_000665)
[2026-08-18 12:32:52]    ✅ 成功抓到 7 筆時段
[2026-08-18 12:32:54] [4497/5921] 高雄市二二八和平公園 (Attraction_397000000A_000666)
[2026-08-18 12:33:00]    (透過策略2成功)
[2026-08-18 12:33:00]    ✅ 成功抓到 7 筆時段
[2026-08-18 12:33:02] [4498/5921] 立德棒球場 (Attraction_397000000A_000667)
[2026-08-18 12:33:06]    ✅ 成功抓到 7 筆時段
[2026-08-18 12:33:08] [4499/5921] 城市光廊 (Attraction_397000000A_000668)
[2026-08-18 12:33:14]    ✅ 成功抓到 7 筆時段
[2026-08-18 12:33:16] [4500/5921] 林園海洋濕地公園 (Attraction_397000000A_000895)
[2026-08-18 12:33:20]    ✅ 成功抓到 7 筆時段
[2026-08-18 12:33:20]    💾 存檔！已處理 4500/5921 | 成功 3141 | 失敗 1359
[2026-08-18 12:33:20]       資料庫共 4667 筆，其中 3284 筆有營業時間
[2026-08-18 12:33:20]       速度 6.2 筆/分鐘 | 預估剩餘 230 分鐘
[2026-08-18 12:33:22] [4501/5921] MLD台鋁 (Attraction_397000000A_000898)
[2026-08-18 12:33:25]    ✅ 成功抓到 7 筆時段
[2026-08-18 12:33:27] [4502/5921] 旗津彩虹教堂 (Attraction_397000000A_000900)
[2026-08-18 12:33:31]    ✅ 成功抓到 7 筆時段
[2026-08-18 12:33:33] [4503/5921] 馬玉山紅頂穀創穀物文創樂園(馬玉山觀光工廠) (Attraction_397000000A_000908)
[2026-08-18 12:33:42]    (透過策略3成功)
[2026-08-18 12:33:42]    ✅ 成功抓到 7 筆時段
[2026-08-18 12:33:44] [4504/5921] 六龜大佛 (Attraction_397000000A_000917)
[2026-08-18 12:33:48]    ✅ 成功抓到 7 筆時段
[2026-08-18 12:33:50] [4505/5921] 美濃文創中心 (Attraction_397000000A_000918)
[2026-08-18 12:33:55]    ❌ 三種策略皆失敗
[2026-08-18 12:33:57] [4506/5921] SKM Park (Attraction_397000000A_000921)
[2026-08-18 12:34:01]    ✅ 成功抓到 7 筆時段
[2026-08-18 12:34:03] [4507/5921] 八卦休閒公園 (Attraction_397000000A_001023)
[2026-08-18 12:34:07]    ✅ 成功抓到 7 筆時段
[2026-08-18 12:34:09] [4508/5921] 浦來溪頭社戰道 (Attraction_397000000A_001025)
[2026-08-18 12:34:14]    ❌ 三種策略皆失敗
[2026-08-18 12:34:16] [4509/5921] 老樹廣場 (Attraction_397000000A_001026)
[2026-08-18 12:34:22]    ❌ 三種策略皆失敗
[2026-08-18 12:34:24] [4510/5921] 高雄輕軌 (Attraction_397000000A_001027)
[2026-08-18 12:34:30]    策略1失敗，嘗試下一個...
[2026-08-18 12:34:33]    ❌ 三種策略皆失敗
[2026-08-18 12:34:33]    💾 存檔！已處理 4510/5921 | 成功 3147 | 失敗 1363
[2026-08-18 12:34:33]       資料庫共 4677 筆，其中 3290 筆有營業時間
[2026-08-18 12:34:33]       速度 6.2 筆/分鐘 | 預估剩餘 228 分鐘
[2026-08-18 12:34:35] [4511/5921] 前鎮輪渡站 (Attraction_397000000A_001028)
[2026-08-18 12:34:50]    ❌ 三種策略皆失敗
[2026-08-18 12:34:52] [4512/5921] 高鐵左營站 (Attraction_397000000A_001029)
[2026-08-18 12:35:01]    ✅ 成功抓到 7 筆時段
[2026-08-18 12:35:03] [4513/5921] 甲仙貓巷彩繪村 (Attraction_397000000A_001032)
[2026-08-18 12:35:07]    ✅ 成功抓到 7 筆時段
[2026-08-18 12:35:09] [4514/5921] 頂崁Q版神明彩繪村 (Attraction_397000000A_001033)
[2026-08-18 12:35:13]    ✅ 成功抓到 7 筆時段
[2026-08-18 12:35:15] [4515/5921] 甲仙天壇元宋太祖宮 (Attraction_397000000A_001039)
[2026-08-18 12:35:20]    ❌ 三種策略皆失敗
[2026-08-18 12:35:22] [4516/5921] 漯底社區發展協會 - 斗笠歷史 (Attraction_397000000A_001041)
[2026-08-18 12:35:27]    ❌ 三種策略皆失敗
[2026-08-18 12:35:29] [4517/5921] 赤崁劉家古厝 (Attraction_397000000A_001042)
[2026-08-18 12:35:34]    ❌ 三種策略皆失敗
[2026-08-18 12:35:36] [4518/5921] 鹽田社區社區彩繪 (Attraction_397000000A_001043)
[2026-08-18 12:35:40]    ✅ 成功抓到 7 筆時段
[2026-08-18 12:35:42] [4519/5921] 永安蘇班長安心漁場 (Attraction_397000000A_001044)
[2026-08-18 12:35:45]    ✅ 成功抓到 7 筆時段
[2026-08-18 12:35:47] [4520/5921] 茄萣膠筏協會-漁家說家常 (Attraction_397000000A_001045)
[2026-08-18 12:35:51]    ✅ 成功抓到 7 筆時段
[2026-08-18 12:35:51]    💾 存檔！已處理 4520/5921 | 成功 3153 | 失敗 1367
[2026-08-18 12:35:51]       資料庫共 4687 筆，其中 3296 筆有營業時間
[2026-08-18 12:35:51]       速度 6.2 筆/分鐘 | 預估剩餘 227 分鐘
[2026-08-18 12:35:53] [4521/5921] 金鑾宮 (Attraction_397000000A_001046)
[2026-08-18 12:35:57]    ✅ 成功抓到 7 筆時段
[2026-08-18 12:35:59] [4522/5921] 茄萣濕地 (Attraction_397000000A_001047)
[2026-08-18 12:36:03]    ✅ 成功抓到 7 筆時段
[2026-08-18 12:36:05] [4523/5921] 舊城傳統美食（城隍廟旁） (Attraction_397000000A_001048)
[2026-08-18 12:36:09]    ✅ 成功抓到 7 筆時段
[2026-08-18 12:36:11] [4524/5921] 清水宮 (Attraction_397000000A_001050)
[2026-08-18 12:36:16]    ❌ 三種策略皆失敗
[2026-08-18 12:36:18] [4525/5921] 雙層巴士 (Attraction_397000000A_001051)
[2026-08-18 12:36:29]    (透過策略2成功)
[2026-08-18 12:36:29]    ✅ 成功抓到 7 筆時段
[2026-08-18 12:36:31] [4526/5921] 八五大樓 (Attraction_397000000A_001052)
[2026-08-18 12:36:42]    ❌ 三種策略皆失敗
[2026-08-18 12:36:44] [4527/5921] 真愛碼頭 (Attraction_397000000A_001053)
[2026-08-18 12:36:49]    ❌ 三種策略皆失敗
[2026-08-18 12:36:51] [4528/5921] 明德新村(將軍村) (Attraction_397000000A_001054)
[2026-08-18 12:37:00]    ✅ 成功抓到 7 筆時段
[2026-08-18 12:37:02] [4529/5921] 旗山生活文化園區 (Attraction_397000000A_001055)
[2026-08-18 12:37:06]    ✅ 成功抓到 7 筆時段
[2026-08-18 12:37:08] [4530/5921] 翠華路自行車天橋 (Attraction_397000000A_001056)
[2026-08-18 12:37:11]    ✅ 成功抓到 7 筆時段
[2026-08-18 12:37:11]    💾 存檔！已處理 4530/5921 | 成功 3160 | 失敗 1370
[2026-08-18 12:37:11]       資料庫共 4697 筆，其中 3303 筆有營業時間
[2026-08-18 12:37:11]       速度 6.2 筆/分鐘 | 預估剩餘 225 分鐘
[2026-08-18 12:37:13] [4531/5921] 愛河自行車道 (Attraction_397000000A_001057)
[2026-08-18 12:37:17]    ✅ 成功抓到 7 筆時段
[2026-08-18 12:37:19] [4532/5921] 翠屏里許厝 (Attraction_397000000A_001138)
[2026-08-18 12:37:30]    ❌ 三種策略皆失敗
[2026-08-18 12:37:32] [4533/5921] 黃埔新村 (Attraction_397000000A_001179)
[2026-08-18 12:39:25]    ❌ 三種策略皆失敗
[2026-08-18 12:39:27] [4534/5921] 舊振南漢餅文化館 (Attraction_397000000A_001203)
[2026-08-18 12:39:31]    ✅ 成功抓到 7 筆時段
[2026-08-18 12:39:33] [4535/5921] 果貿社區 (Attraction_397000000A_001206)
[2026-08-18 12:39:38]    ❌ 三種策略皆失敗
[2026-08-18 12:39:40] [4536/5921] 台灣鳳梨工場 (Attraction_397000000A_001207)
[2026-08-18 12:39:43]    ✅ 成功抓到 7 筆時段
[2026-08-18 12:39:45] [4537/5921] 林園紅樹林生態區(紅樹林人工溼地) (Attraction_397000000A_001208)
[2026-08-18 12:39:54]    ✅ 成功抓到 7 筆時段
[2026-08-18 12:39:56] [4538/5921] 林園安樂樓 (Attraction_397000000A_001209)
[2026-08-18 12:40:00]    ✅ 成功抓到 7 筆時段
[2026-08-18 12:40:02] [4539/5921] 中寮山 (Attraction_397000000A_001210)
[2026-08-18 12:40:07]    ❌ 三種策略皆失敗
[2026-08-18 12:40:09] [4540/5921] 南寮海岸光廊(彌陀漁港海岸光廊) (Attraction_397000000A_001211)
[2026-08-18 12:40:13]    ✅ 成功抓到 7 筆時段
[2026-08-18 12:40:13]    💾 存檔！已處理 4540/5921 | 成功 3166 | 失敗 1374
[2026-08-18 12:40:13]       資料庫共 4707 筆，其中 3309 筆有營業時間
[2026-08-18 12:40:13]       速度 6.2 筆/分鐘 | 預估剩餘 224 分鐘
[2026-08-18 12:40:15] [4541/5921] 逍遙園 (Attraction_397000000A_001213)
[2026-08-18 12:40:18]    ✅ 成功抓到 7 筆時段
[2026-08-18 12:40:20] [4542/5921] 西子灣觀景台（觀海平台） (Attraction_397000000A_001214)
[2026-08-18 12:40:24]    ✅ 成功抓到 7 筆時段
[2026-08-18 12:40:26] [4543/5921] 舊打狗驛故事館 (Attraction_397000000A_001215)
[2026-08-18 12:40:30]    ✅ 成功抓到 7 筆時段
[2026-08-18 12:40:32] [4544/5921] 哈瑪星貿易商大樓 (Attraction_397000000A_001216)
[2026-08-18 12:40:36]    ✅ 成功抓到 7 筆時段
[2026-08-18 12:40:38] [4545/5921] 舊三和銀行(新濱・駅前) (Attraction_397000000A_001217)
[2026-08-18 12:40:42]    ✅ 成功抓到 7 筆時段
[2026-08-18 12:40:44] [4546/5921] 哈瑪星台灣鐵道館 (Attraction_397000000A_001218)
[2026-08-18 12:40:52]    ✅ 成功抓到 7 筆時段
[2026-08-18 12:40:54] [4547/5921] 旗津老街（廟前路） (Attraction_397000000A_001219)
[2026-08-18 12:42:43]    (透過策略3成功)
[2026-08-18 12:42:43]    ✅ 成功抓到 7 筆時段
[2026-08-18 12:42:45] [4548/5921] 旗津黃金海韻－海珍珠 (Attraction_397000000A_001220)
[2026-08-18 12:42:48]    ✅ 成功抓到 7 筆時段
[2026-08-18 12:42:50] [4549/5921] 鐵路地下化綠園道(綠園道彩繪) (Attraction_397000000A_001224)
[2026-08-18 12:42:59]    ✅ 成功抓到 7 筆時段
[2026-08-18 12:43:01] [4550/5921] 金獅湖蝴蝶園 (Attraction_397000000A_001258)
[2026-08-18 12:44:45]    ✅ 成功抓到 7 筆時段
[2026-08-18 12:44:45]    💾 存檔！已處理 4550/5921 | 成功 3176 | 失敗 1374
[2026-08-18 12:44:45]       資料庫共 4717 筆，其中 3319 筆有營業時間
[2026-08-18 12:44:45]       速度 6.1 筆/分鐘 | 預估剩餘 223 分鐘
[2026-08-18 12:44:47] [4551/5921] 志斌豆瓣醬故事館 (Attraction_397000000A_001362)
[2026-08-18 12:44:52]    ❌ 三種策略皆失敗
[2026-08-18 12:44:54] [4552/5921] 泮咖啡 (Attraction_397000000A_001364)
[2026-08-18 12:44:57]    ✅ 成功抓到 7 筆時段
[2026-08-18 12:44:59] [4553/5921] 永浴愛河 (Attraction_397000000A_001368)
[2026-08-18 12:45:05]    ❌ 三種策略皆失敗
[2026-08-18 12:45:07] [4554/5921] 東華皮影戲 (Attraction_397000000A_001374)
[2026-08-18 12:45:12]    ❌ 三種策略皆失敗
[2026-08-18 12:45:14] [4555/5921] 舉人石與舉人轎 (Attraction_397000000A_001380)
[2026-08-18 12:45:19]    策略1失敗，嘗試下一個...
[2026-08-18 12:45:22]    ❌ 三種策略皆失敗
[2026-08-18 12:45:24] [4556/5921] 高雄路竹天后宮 (Attraction_397000000A_001386)
[2026-08-18 12:45:30]    (透過策略2成功)
[2026-08-18 12:45:30]    ✅ 成功抓到 7 筆時段
[2026-08-18 12:45:32] [4557/5921] 高雄科學園區-尋找公共藝術 (Attraction_397000000A_001391)
[2026-08-18 12:47:23]    ✅ 成功抓到 7 筆時段
[2026-08-18 12:47:25] [4558/5921] 新威景觀大橋 (Attraction_397000000A_001437)
[2026-08-18 12:49:13]    ✅ 成功抓到 7 筆時段
[2026-08-18 12:49:15] [4559/5921] 桃源區原住民文化館 (Attraction_397000000A_001440)
[2026-08-18 12:49:18]    ✅ 成功抓到 7 筆時段
[2026-08-18 12:49:20] [4560/5921] 拉阿魯哇文化祭場 (Attraction_397000000A_001443)
[2026-08-18 12:49:24]    ✅ 成功抓到 7 筆時段
[2026-08-18 12:49:24]    💾 存檔！已處理 4560/5921 | 成功 3182 | 失敗 1378
[2026-08-18 12:49:24]       資料庫共 4727 筆，其中 3325 筆有營業時間
[2026-08-18 12:49:24]       速度 6.1 筆/分鐘 | 預估剩餘 222 分鐘
[2026-08-18 12:49:26] [4561/5921] 藤枝櫻花原生茶園 (Attraction_397000000A_001445)
[2026-08-18 12:49:31]    ❌ 三種策略皆失敗
[2026-08-18 12:49:33] [4562/5921] 寶山二集團櫻花公園(38甲櫻花公園) (Attraction_397000000A_001446)
[2026-08-18 12:49:37]    ✅ 成功抓到 7 筆時段
[2026-08-18 12:49:39] [4563/5921] 寶山假日市集 (Attraction_397000000A_001447)
[2026-08-18 12:49:44]    ❌ 三種策略皆失敗
[2026-08-18 12:49:46] [4564/5921] 寶山茶園步道風光 (Attraction_397000000A_001448)
[2026-08-18 12:49:51]    ❌ 三種策略皆失敗
[2026-08-18 12:49:53] [4565/5921] 索阿紀吊橋 (Attraction_397000000A_001449)
[2026-08-18 12:49:56]    ✅ 成功抓到 7 筆時段
[2026-08-18 12:49:58] [4566/5921] 瓦阿係吊橋 (Attraction_397000000A_001450)
[2026-08-18 12:50:02]    ✅ 成功抓到 7 筆時段
[2026-08-18 12:50:04] [4567/5921] 馬舒霍爾文化聚落所 (Attraction_397000000A_001452)
[2026-08-18 12:50:10]    ❌ 三種策略皆失敗
[2026-08-18 12:50:12] [4568/5921] 衛武迷迷村(苓雅國際壁畫區) (Attraction_397000000A_001454)
[2026-08-18 12:50:16]    ✅ 成功抓到 7 筆時段
[2026-08-18 12:50:18] [4569/5921] 南華商圈／南華觀光夜市 (Attraction_397000000A_001460)
[2026-08-18 12:50:22]    ✅ 成功抓到 7 筆時段
[2026-08-18 12:50:24] [4570/5921] 新堀江商圈 (Attraction_397000000A_001461)
[2026-08-18 12:50:32]    ✅ 成功抓到 7 筆時段
[2026-08-18 12:50:32]    💾 存檔！已處理 4570/5921 | 成功 3188 | 失敗 1382
[2026-08-18 12:50:32]       資料庫共 4737 筆，其中 3331 筆有營業時間
[2026-08-18 12:50:32]       速度 6.1 筆/分鐘 | 預估剩餘 221 分鐘
[2026-08-18 12:50:34] [4571/5921] 大湖番茄會社 (Attraction_397000000A_001463)
[2026-08-18 12:50:38]    ✅ 成功抓到 7 筆時段
[2026-08-18 12:50:40] [4572/5921] 杉林大橋 (Attraction_397000000A_001468)
[2026-08-18 12:50:46]    ❌ 三種策略皆失敗
[2026-08-18 12:50:48] [4573/5921] 黃家伙房 (Attraction_397000000A_001470)
[2026-08-18 12:50:58]    ❌ 三種策略皆失敗
[2026-08-18 12:51:00] [4574/5921] 永安宮 (Attraction_397000000A_001482)
[2026-08-18 12:51:05]    ❌ 三種策略皆失敗
[2026-08-18 12:51:07] [4575/5921] 天文宮 (Attraction_397000000A_001483)
[2026-08-18 12:51:16]    ✅ 成功抓到 7 筆時段
[2026-08-18 12:51:18] [4576/5921] 文興宮 (Attraction_397000000A_001484)
[2026-08-18 12:51:23]    ❌ 三種策略皆失敗
[2026-08-18 12:51:25] [4577/5921] 鑽石沙灣海岸 (Attraction_397000000A_001485)
[2026-08-18 12:51:29]    ✅ 成功抓到 7 筆時段
[2026-08-18 12:51:31] [4578/5921] 永新灣 (Attraction_397000000A_001487)
[2026-08-18 12:51:35]    ✅ 成功抓到 7 筆時段
[2026-08-18 12:51:37] [4579/5921] 烏林投步道 (Attraction_397000000A_001488)
[2026-08-18 12:51:40]    ✅ 成功抓到 7 筆時段
[2026-08-18 12:51:42] [4580/5921] 維新彩繪村 (Attraction_397000000A_001489)
[2026-08-18 12:51:46]    ✅ 成功抓到 7 筆時段
[2026-08-18 12:51:46]    💾 存檔！已處理 4580/5921 | 成功 3194 | 失敗 1386
[2026-08-18 12:51:46]       資料庫共 4747 筆，其中 3337 筆有營業時間
[2026-08-18 12:51:46]       速度 6.1 筆/分鐘 | 預估剩餘 219 分鐘
[2026-08-18 12:51:48] [4581/5921] 永安濕地 (Attraction_397000000A_001491)
[2026-08-18 12:51:52]    ✅ 成功抓到 7 筆時段
[2026-08-18 12:51:54] [4582/5921] 見城之道 (Attraction_397000000A_001494)
[2026-08-18 12:51:58]    ✅ 成功抓到 7 筆時段
[2026-08-18 12:52:00] [4583/5921] 中央公園 (Attraction_397000000A_001496)
[2026-08-18 12:52:06]    (透過策略2成功)
[2026-08-18 12:52:06]    ✅ 成功抓到 7 筆時段
[2026-08-18 12:52:08] [4584/5921] 再見捌捌陸-臺灣眷村文化園區 (Attraction_397000000A_001501)
[2026-08-18 12:52:12]    ✅ 成功抓到 7 筆時段
[2026-08-18 12:52:14] [4585/5921] 芒果咖秋 (Attraction_397000000A_001503)
[2026-08-18 12:52:18]    ✅ 成功抓到 7 筆時段
[2026-08-18 12:52:20] [4586/5921] 左營舊城車站 (Attraction_397000000A_001585)
[2026-08-18 12:52:26]    ❌ 三種策略皆失敗
[2026-08-18 12:52:28] [4587/5921] 內惟車站 (Attraction_397000000A_001586)
[2026-08-18 12:52:43]    ❌ 三種策略皆失敗
[2026-08-18 12:52:45] [4588/5921] 美術館車站 (Attraction_397000000A_001587)
[2026-08-18 12:52:51]    ❌ 三種策略皆失敗
[2026-08-18 12:52:53] [4589/5921] 民族車站 (Attraction_397000000A_001588)
[2026-08-18 12:53:04]    (透過策略2成功)
[2026-08-18 12:53:04]    ✅ 成功抓到 7 筆時段
[2026-08-18 12:53:06] [4590/5921] 科工館車站 (Attraction_397000000A_001589)
[2026-08-18 12:53:20]    ❌ 三種策略皆失敗
[2026-08-18 12:53:20]    💾 存檔！已處理 4590/5921 | 成功 3200 | 失敗 1390
[2026-08-18 12:53:20]       資料庫共 4757 筆，其中 3343 筆有營業時間
[2026-08-18 12:53:20]       速度 6.1 筆/分鐘 | 預估剩餘 217 分鐘
[2026-08-18 12:53:22] [4591/5921] 正義車站 (Attraction_397000000A_001590)
[2026-08-18 12:53:33]    ❌ 三種策略皆失敗
[2026-08-18 12:53:35] [4592/5921] 鳳山車站 (Attraction_397000000A_001591)
[2026-08-18 12:53:40]    ❌ 三種策略皆失敗
[2026-08-18 12:53:42] [4593/5921] 鼓山車站 (Attraction_397000000A_001600)
[2026-08-18 12:53:47]    ❌ 三種策略皆失敗
[2026-08-18 12:53:49] [4594/5921] 三塊厝舊站 (Attraction_397000000A_001601)
[2026-08-18 12:55:46]    (透過策略2成功)
[2026-08-18 12:55:46]    ✅ 成功抓到 7 筆時段
[2026-08-18 12:55:48] [4595/5921] 吉林夜市(吉林夜市美食街攤集場) (Attraction_397000000A_001609)
[2026-08-18 12:55:57]    (透過策略3成功)
[2026-08-18 12:55:57]    ✅ 成功抓到 7 筆時段
[2026-08-18 12:55:59] [4596/5921] 宏裕行花枝丸館 (Attraction_397000000A_001747)
[2026-08-18 12:56:03]    ✅ 成功抓到 7 筆時段
[2026-08-18 12:56:05] [4597/5921] 市境之南樹 (Attraction_397000000A_001761)
[2026-08-18 12:56:09]    ✅ 成功抓到 7 筆時段
[2026-08-18 12:56:11] [4598/5921] 壽天宮 (Attraction_397000000A_001771)
[2026-08-18 12:56:17]    (透過策略2成功)
[2026-08-18 12:56:17]    ✅ 成功抓到 7 筆時段
[2026-08-18 12:56:19] [4599/5921] 彰化：緞帶王觀光工廠 (Attraction_A13020000G_000003)
[2026-08-18 12:56:23]    ✅ 成功抓到 7 筆時段
[2026-08-18 12:56:25] [4600/5921] 南投：廣興紙寮 (Attraction_A13020000G_000004)
[2026-08-18 12:56:30]    ❌ 三種策略皆失敗
[2026-08-18 12:56:30]    💾 存檔！已處理 4600/5921 | 成功 3206 | 失敗 1394
[2026-08-18 12:56:30]       資料庫共 4767 筆，其中 3349 筆有營業時間
[2026-08-18 12:56:30]       速度 6.1 筆/分鐘 | 預估剩餘 216 分鐘
[2026-08-18 12:56:32] [4601/5921] 台南：立康中草藥產業文化館 (Attraction_A13020000G_000006)
[2026-08-18 12:56:36]    ✅ 成功抓到 7 筆時段
[2026-08-18 12:56:38] [4602/5921] 嘉義：卡普秀醫美研發中心 (Attraction_A13020000G_000008)
[2026-08-18 12:56:43]    ❌ 三種策略皆失敗
[2026-08-18 12:56:45] [4603/5921] 宜蘭：菌寶貝博物館 (Attraction_A13020000G_000009)
[2026-08-18 12:56:49]    ✅ 成功抓到 7 筆時段
[2026-08-18 12:56:51] [4604/5921] 屏東：天明製藥農科觀光藥廠 (Attraction_A13020000G_000013)
[2026-08-18 12:56:55]    ✅ 成功抓到 7 筆時段
[2026-08-18 12:56:57] [4605/5921] 苗栗：立康健康養生觀光工廠 (Attraction_A13020000G_000014)
[2026-08-18 12:57:01]    ✅ 成功抓到 7 筆時段
[2026-08-18 12:57:03] [4606/5921] 嘉義：月桃故事館 (Attraction_A13020000G_000015)
[2026-08-18 12:57:06]    ✅ 成功抓到 7 筆時段
[2026-08-18 12:57:08] [4607/5921] 彰化：白蘭氏健康博物館 (Attraction_A13020000G_000016)
[2026-08-18 12:57:12]    ✅ 成功抓到 7 筆時段
[2026-08-18 12:57:14] [4608/5921] 台南：港香蘭綠色健康知識館 (Attraction_A13020000G_000017)
[2026-08-18 12:57:18]    ✅ 成功抓到 7 筆時段
[2026-08-18 12:57:20] [4609/5921] 屏東：萬寶祿酵素品牌文化館 (Attraction_A13020000G_000018)
[2026-08-18 12:57:23]    ✅ 成功抓到 7 筆時段
[2026-08-18 12:57:25] [4610/5921] 台南：天一中藥生活化園區 (Attraction_A13020000G_000021)
[2026-08-18 12:57:29]    ✅ 成功抓到 7 筆時段
[2026-08-18 12:57:29]    💾 存檔！已處理 4610/5921 | 成功 3215 | 失敗 1395
[2026-08-18 12:57:29]       資料庫共 4777 筆，其中 3358 筆有營業時間
[2026-08-18 12:57:29]       速度 6.1 筆/分鐘 | 預估剩餘 214 分鐘
[2026-08-18 12:57:31] [4611/5921] 桃園：雅聞魅力博覽館 (Attraction_A13020000G_000023)
[2026-08-18 12:57:35]    ✅ 成功抓到 7 筆時段
[2026-08-18 12:57:37] [4612/5921] 台南：TJCOS台鉅美妝觀光工廠 (Attraction_A13020000G_000025)
[2026-08-18 12:57:41]    ✅ 成功抓到 7 筆時段
[2026-08-18 12:57:43] [4613/5921] 桃園：祥儀機器人夢工廠 (Attraction_A13020000G_000027)
[2026-08-18 12:57:47]    ✅ 成功抓到 7 筆時段
[2026-08-18 12:57:49] [4614/5921] 台中：張連昌薩克斯風博物館 (Attraction_A13020000G_000028)
[2026-08-18 12:57:52]    ✅ 成功抓到 7 筆時段
[2026-08-18 12:57:54] [4615/5921] 桃園：東和音樂體驗館 (Attraction_A13020000G_000029)
[2026-08-18 12:57:58]    ✅ 成功抓到 7 筆時段
[2026-08-18 12:58:00] [4616/5921] 嘉義：卡羅爾銅管樂器觀光工廠 (Attraction_A13020000G_000030)
[2026-08-18 12:58:04]    ✅ 成功抓到 7 筆時段
[2026-08-18 12:58:06] [4617/5921] 新竹：春池綠能玻璃觀光工廠 (Attraction_A13020000G_000032)
[2026-08-18 12:58:10]    ✅ 成功抓到 7 筆時段
[2026-08-18 12:58:12] [4618/5921] 彰化：台灣玻璃館 (Attraction_A13020000G_000033)
[2026-08-18 12:58:15]    ✅ 成功抓到 7 筆時段
[2026-08-18 12:58:17] [4619/5921] 南投：水里蛇窯陶藝文化園區 (Attraction_A13020000G_000035)
[2026-08-18 12:58:28]    ✅ 成功抓到 7 筆時段
[2026-08-18 12:58:30] [4620/5921] 宜蘭：蜡藝蜡筆城堡 (Attraction_A13020000G_000038)
[2026-08-18 12:58:34]    ✅ 成功抓到 7 筆時段
[2026-08-18 12:58:34]    💾 存檔！已處理 4620/5921 | 成功 3225 | 失敗 1395
[2026-08-18 12:58:34]       資料庫共 4787 筆，其中 3368 筆有營業時間
[2026-08-18 12:58:34]       速度 6.1 筆/分鐘 | 預估剩餘 212 分鐘
[2026-08-18 12:58:36] [4621/5921] 花蓮：香又香便當調查局 (Attraction_A13020000G_000040)
[2026-08-18 12:58:39]    ✅ 成功抓到 7 筆時段
[2026-08-18 12:58:41] [4622/5921] 花蓮：臺灣菸酒(股)公司花蓮觀光酒廠 (Attraction_A13020000G_000041)
[2026-08-18 12:58:55]    (透過策略3成功)
[2026-08-18 12:58:55]    ✅ 成功抓到 7 筆時段
[2026-08-18 12:58:57] [4623/5921] 台中：寶熊漁樂碼頭 (Attraction_A13020000G_000047)
[2026-08-18 12:59:01]    ✅ 成功抓到 7 筆時段
[2026-08-18 12:59:03] [4624/5921] 新北：許新旺陶瓷紀念博物館 (Attraction_A13020000G_000048)
[2026-08-18 12:59:06]    ✅ 成功抓到 7 筆時段
[2026-08-18 12:59:08] [4625/5921] 嘉義：梅問屋梅子元氣館 (Attraction_A13020000G_000049)
[2026-08-18 12:59:13]    ✅ 成功抓到 7 筆時段
[2026-08-18 12:59:15] [4626/5921] 新北：手信坊創意和菓子文化館 (Attraction_A13020000G_000054)
[2026-08-18 12:59:19]    ✅ 成功抓到 7 筆時段
[2026-08-18 12:59:21] [4627/5921] 新北：玉美人孕婦裝觀光工廠 (Attraction_A13020000G_000055)
[2026-08-18 12:59:24]    ✅ 成功抓到 7 筆時段
[2026-08-18 12:59:26] [4628/5921] 新北：維格餅家 鳳梨酥夢工場 (Attraction_A13020000G_000061)
[2026-08-18 12:59:30]    ✅ 成功抓到 7 筆時段
[2026-08-18 12:59:32] [4629/5921] 新北：吳福洋襪子故事館 (Attraction_A13020000G_000064)
[2026-08-18 12:59:36]    ✅ 成功抓到 7 筆時段
[2026-08-18 12:59:38] [4630/5921] 桃園：77巧克力共和國 (Attraction_A13020000G_000066)
[2026-08-18 12:59:42]    ✅ 成功抓到 7 筆時段
[2026-08-18 12:59:42]    💾 存檔！已處理 4630/5921 | 成功 3235 | 失敗 1395
[2026-08-18 12:59:42]       資料庫共 4797 筆，其中 3378 筆有營業時間
[2026-08-18 12:59:42]       速度 6.1 筆/分鐘 | 預估剩餘 211 分鐘
[2026-08-18 12:59:44] [4631/5921] 宜蘭：亞典蛋糕密碼館 (Attraction_A13020000G_000067)
[2026-08-18 12:59:48]    ✅ 成功抓到 7 筆時段
[2026-08-18 12:59:50] [4632/5921] 宜蘭：宜蘭餅發明館 (Attraction_A13020000G_000068)
[2026-08-18 12:59:54]    ✅ 成功抓到 7 筆時段
[2026-08-18 12:59:56] [4633/5921] 宜蘭：噶瑪蘭酒廠 (Attraction_A13020000G_000069)
[2026-08-18 13:00:00]    ✅ 成功抓到 7 筆時段
[2026-08-18 13:00:02] [4634/5921] 宜蘭：博士鴨觀光工廠 (Attraction_A13020000G_000070)
[2026-08-18 13:00:05]    ✅ 成功抓到 7 筆時段
[2026-08-18 13:00:07] [4635/5921] 宜蘭：臺灣菸酒(股)公司宜蘭酒廠觀光工廠 (Attraction_A13020000G_000072)
[2026-08-18 13:00:11]    ✅ 成功抓到 7 筆時段
[2026-08-18 13:00:13] [4636/5921] 宜蘭：橘之鄉蜜餞觀光工廠 (Attraction_A13020000G_000073)
[2026-08-18 13:00:17]    ✅ 成功抓到 7 筆時段
[2026-08-18 13:00:19] [4637/5921] 台南：美雅家具觀光工廠 (Attraction_A13020000G_000076)
[2026-08-18 13:00:23]    ✅ 成功抓到 7 筆時段
[2026-08-18 13:00:25] [4638/5921] 彰化：台灣穀堡稻米觀光工廠 (Attraction_A13020000G_000077)
[2026-08-18 13:00:28]    ✅ 成功抓到 7 筆時段
[2026-08-18 13:00:30] [4639/5921] 台東：池上鄉農會觀光工廠金色豐收館 (Attraction_A13020000G_000078)
[2026-08-18 13:00:34]    ✅ 成功抓到 7 筆時段
[2026-08-18 13:00:36] [4640/5921] 雲林：源順芝麻觀光油廠 (Attraction_A13020000G_000079)
[2026-08-18 13:00:40]    ✅ 成功抓到 7 筆時段
[2026-08-18 13:00:40]    💾 存檔！已處理 4640/5921 | 成功 3245 | 失敗 1395
[2026-08-18 13:00:40]       資料庫共 4807 筆，其中 3388 筆有營業時間
[2026-08-18 13:00:40]       速度 6.1 筆/分鐘 | 預估剩餘 209 分鐘
[2026-08-18 13:00:42] [4641/5921] 苗栗：臺鹽通霄觀光園區 (Attraction_A13020000G_000080)
[2026-08-18 13:00:46]    ✅ 成功抓到 7 筆時段
[2026-08-18 13:00:48] [4642/5921] 雲林：大同醬油黑金釀造館 (Attraction_A13020000G_000081)
[2026-08-18 13:00:52]    ✅ 成功抓到 7 筆時段
[2026-08-18 13:00:54] [4643/5921] 台中：台灣味噌釀造文化館 (Attraction_A13020000G_000082)
[2026-08-18 13:00:58]    ✅ 成功抓到 7 筆時段
[2026-08-18 13:01:00] [4644/5921] 雲林：丸莊醬油觀光工廠 (Attraction_A13020000G_000083)
[2026-08-18 13:02:49]    ✅ 成功抓到 7 筆時段
[2026-08-18 13:02:51] [4645/5921] 桃園：江記豆腐乳文化館 (Attraction_A13020000G_000084)
[2026-08-18 13:02:55]    ✅ 成功抓到 7 筆時段
[2026-08-18 13:02:57] [4646/5921] 南投：遊山茶訪茶文化館 (Attraction_A13020000G_000086)
[2026-08-18 13:03:01]    ✅ 成功抓到 7 筆時段
[2026-08-18 13:03:03] [4647/5921] 桃園：大溪老茶廠 (Attraction_A13020000G_000087)
[2026-08-18 13:03:06]    ✅ 成功抓到 7 筆時段
[2026-08-18 13:03:08] [4648/5921] 桃園：太平洋自行車博物館 (Attraction_A13020000G_000089)
[2026-08-18 13:03:12]    ✅ 成功抓到 7 筆時段
[2026-08-18 13:03:14] [4649/5921] 雲林：興隆毛巾觀光工廠 (Attraction_A13020000G_000090)
[2026-08-18 13:03:18]    ✅ 成功抓到 7 筆時段
[2026-08-18 13:03:20] [4650/5921] 台南：虹泰水凝膠世界 (Attraction_A13020000G_000094)
[2026-08-18 13:03:30]    ✅ 成功抓到 7 筆時段
[2026-08-18 13:03:30]    💾 存檔！已處理 4650/5921 | 成功 3255 | 失敗 1395
[2026-08-18 13:03:30]       資料庫共 4817 筆，其中 3398 筆有營業時間
[2026-08-18 13:03:30]       速度 6.1 筆/分鐘 | 預估剩餘 208 分鐘
[2026-08-18 13:03:32] [4651/5921] 桃園：南僑桃園生活體驗園區 (Attraction_A13020000G_000095)
[2026-08-18 13:03:37]    ❌ 三種策略皆失敗
[2026-08-18 13:03:39] [4652/5921] 彰化：華新MASK創意生活館 (Attraction_A13020000G_000096)
[2026-08-18 13:03:43]    ✅ 成功抓到 7 筆時段
[2026-08-18 13:03:45] [4653/5921] 新北：王鼎時間科藝體驗館 (Attraction_A13020000G_000097)
[2026-08-18 13:03:48]    ✅ 成功抓到 7 筆時段
[2026-08-18 13:03:50] [4654/5921] 彰化：樂活襪之鄉博物館 (Attraction_A13020000G_000101)
[2026-08-18 13:03:54]    ✅ 成功抓到 7 筆時段
[2026-08-18 13:03:56] [4655/5921] 台中：鞋寶觀光工廠 (Attraction_A13020000G_000102)
[2026-08-18 13:04:00]    ✅ 成功抓到 7 筆時段
[2026-08-18 13:04:02] [4656/5921] 彰化：襪仔王觀光工廠 (Attraction_A13020000G_000103)
[2026-08-18 13:04:06]    ✅ 成功抓到 7 筆時段
[2026-08-18 13:04:08] [4657/5921] 台南：和明織品文化館 (Attraction_A13020000G_000104)
[2026-08-18 13:04:13]    ❌ 三種策略皆失敗
[2026-08-18 13:04:15] [4658/5921] 桃園：GFUN機能紡織生活館 (Attraction_A13020000G_000105)
[2026-08-18 13:04:24]    ✅ 成功抓到 7 筆時段
[2026-08-18 13:04:26] [4659/5921] 台南：紅崴觀光工廠(腳的眼鏡足部科學體驗中心) (Attraction_A13020000G_000106)
[2026-08-18 13:04:34]    (透過策略3成功)
[2026-08-18 13:04:34]    ✅ 成功抓到 7 筆時段
[2026-08-18 13:04:36] [4660/5921] 宜蘭：台灣足鞋健康知識館 (Attraction_A13020000G_000107)
[2026-08-18 13:04:40]    ✅ 成功抓到 7 筆時段
[2026-08-18 13:04:40]    💾 存檔！已處理 4660/5921 | 成功 3263 | 失敗 1397
[2026-08-18 13:04:40]       資料庫共 4827 筆，其中 3406 筆有營業時間
[2026-08-18 13:04:40]       速度 6.1 筆/分鐘 | 預估剩餘 206 分鐘
[2026-08-18 13:04:42] [4661/5921] 南投：采棉居寢飾文化舘 (Attraction_A13020000G_000112)
[2026-08-18 13:04:46]    ✅ 成功抓到 7 筆時段
[2026-08-18 13:04:48] [4662/5921] 桃園：老K舒眠文化館 (Attraction_A13020000G_000114)
[2026-08-18 13:04:52]    ✅ 成功抓到 7 筆時段
[2026-08-18 13:04:54] [4663/5921] 基隆：一太e衛浴觀光工廠 (Attraction_A13020000G_000115)
[2026-08-18 13:04:58]    ✅ 成功抓到 7 筆時段
[2026-08-18 13:05:00] [4664/5921] 高雄：台灣滷味博物館 (Attraction_A13020000G_000116)
[2026-08-18 13:06:57]    ❌ 三種策略皆失敗
[2026-08-18 13:06:59] [4665/5921] 嘉義：民雄金桔觀光工廠 (Attraction_A13020000G_000118)
[2026-08-18 13:07:03]    ✅ 成功抓到 7 筆時段
[2026-08-18 13:07:05] [4666/5921] 嘉義：余順豐花生觀光工廠 (Attraction_A13020000G_000119)
[2026-08-18 13:07:08]    ✅ 成功抓到 7 筆時段
[2026-08-18 13:07:10] [4667/5921] 南投：香里活力豬品牌文化館 (Attraction_A13020000G_000120)
[2026-08-18 13:07:14]    ✅ 成功抓到 7 筆時段
[2026-08-18 13:07:16] [4668/5921] 台南：黑橋牌香腸博物館 (Attraction_A13020000G_000121)
[2026-08-18 13:07:20]    ✅ 成功抓到 7 筆時段
[2026-08-18 13:07:22] [4669/5921] 台南：瓜瓜園地瓜生態故事館 (Attraction_A13020000G_000122)
[2026-08-18 13:07:26]    ✅ 成功抓到 7 筆時段
[2026-08-18 13:07:28] [4670/5921] 台南：卡多良食故事館 (Attraction_A13020000G_000123)
[2026-08-18 13:07:31]    ✅ 成功抓到 7 筆時段
[2026-08-18 13:07:31]    💾 存檔！已處理 4670/5921 | 成功 3272 | 失敗 1398
[2026-08-18 13:07:31]       資料庫共 4837 筆，其中 3415 筆有營業時間
[2026-08-18 13:07:31]       速度 6.1 筆/分鐘 | 預估剩餘 204 分鐘
[2026-08-18 13:07:33] [4671/5921] 台南：東和蜂文化觀光工廠 (Attraction_A13020000G_000124)
[2026-08-18 13:07:37]    ✅ 成功抓到 7 筆時段
[2026-08-18 13:07:39] [4672/5921] 苗栗：四方鮮乳酪故事館 (Attraction_A13020000G_000126)
[2026-08-18 13:07:43]    ✅ 成功抓到 7 筆時段
[2026-08-18 13:07:45] [4673/5921] 雲林：良作工場農業文創館 (Attraction_A13020000G_000127)
[2026-08-18 13:07:50]    ❌ 三種策略皆失敗
[2026-08-18 13:07:52] [4674/5921] 桃園：CAFE!N 觀光工廠 (Attraction_A13020000G_000128)
[2026-08-18 13:07:56]    ✅ 成功抓到 7 筆時段
[2026-08-18 13:07:58] [4675/5921] 雲林：福祿壽觀光酒廠 (Attraction_A13020000G_000129)
[2026-08-18 13:08:02]    ✅ 成功抓到 7 筆時段
[2026-08-18 13:08:04] [4676/5921] 屏東：臺灣菸酒(股)公司屏東觀光酒廠 (Attraction_A13020000G_000130)
[2026-08-18 13:08:07]    ✅ 成功抓到 7 筆時段
[2026-08-18 13:08:09] [4677/5921] 桃園：臺灣菸酒(股)公司桃園觀光酒廠 (Attraction_A13020000G_000131)
[2026-08-18 13:08:18]    ✅ 成功抓到 7 筆時段
[2026-08-18 13:08:20] [4678/5921] 嘉義：臺灣菸酒(股)公司嘉義觀光酒廠 (Attraction_A13020000G_000132)
[2026-08-18 13:08:24]    ✅ 成功抓到 7 筆時段
[2026-08-18 13:08:26] [4679/5921] 南投：臺灣菸酒(股)公司埔里觀光酒廠 (Attraction_A13020000G_000133)
[2026-08-18 13:08:34]    ❌ 三種策略皆失敗
[2026-08-18 13:08:36] [4680/5921] 桃園：金格〡卡司．蒂菈樂園 (Attraction_A13020000G_000134)
[2026-08-18 13:08:41]    ❌ 三種策略皆失敗
[2026-08-18 13:08:41]    💾 存檔！已處理 4680/5921 | 成功 3279 | 失敗 1401
[2026-08-18 13:08:41]       資料庫共 4847 筆，其中 3422 筆有營業時間
[2026-08-18 13:08:41]       速度 6.1 筆/分鐘 | 預估剩餘 203 分鐘
[2026-08-18 13:08:43] [4681/5921] 彰化：餅乾學院 (Attraction_A13020000G_000135)
[2026-08-18 13:08:46]    ✅ 成功抓到 7 筆時段
[2026-08-18 13:08:48] [4682/5921] 台中：阿聰師芋頭文化館 (Attraction_A13020000G_000136)
[2026-08-18 13:08:52]    ✅ 成功抓到 7 筆時段
[2026-08-18 13:08:54] [4683/5921] 南投：台灣麻糬主題館 (Attraction_A13020000G_000137)
[2026-08-18 13:08:58]    ✅ 成功抓到 7 筆時段
[2026-08-18 13:09:00] [4684/5921] 桃園：義美生產‧生態‧生活廠區 (Attraction_A13020000G_000138)
[2026-08-18 13:10:55]    ❌ 三種策略皆失敗
[2026-08-18 13:10:57] [4685/5921] 桃園：郭元益糕餅博物館 (Attraction_A13020000G_000139)
[2026-08-18 13:11:01]    ✅ 成功抓到 7 筆時段
[2026-08-18 13:11:03] [4686/5921] 雲林：台灣鯛生態創意園區 (Attraction_A13020000G_000141)
[2026-08-18 13:11:07]    ✅ 成功抓到 7 筆時段
[2026-08-18 13:11:09] [4687/5921] 屏東：鮮饌道海洋食品文化館 (Attraction_A13020000G_000142)
[2026-08-18 13:11:13]    ✅ 成功抓到 7 筆時段
[2026-08-18 13:11:15] [4688/5921] 高雄：珍芳烏魚子見學工廠 (Attraction_A13020000G_000144)
[2026-08-18 13:11:18]    ✅ 成功抓到 7 筆時段
[2026-08-18 13:11:20] [4689/5921] 台中：烏日啤酒觀光工廠 (Attraction_A13020000G_000145)
[2026-08-18 13:11:26]    ❌ 三種策略皆失敗
[2026-08-18 13:11:28] [4690/5921] 苗栗：竹南啤酒觀光工廠 (Attraction_A13020000G_000146)
[2026-08-18 13:11:36]    ✅ 成功抓到 7 筆時段
[2026-08-18 13:11:36]    💾 存檔！已處理 4690/5921 | 成功 3287 | 失敗 1403
[2026-08-18 13:11:36]       資料庫共 4857 筆，其中 3430 筆有營業時間
[2026-08-18 13:11:36]       速度 6.1 筆/分鐘 | 預估剩餘 201 分鐘
[2026-08-18 13:11:38] [4691/5921] 台南：善化啤酒觀光工廠 (Attraction_A13020000G_000147)
[2026-08-18 13:11:49]    (透過策略2成功)
[2026-08-18 13:11:49]    ✅ 成功抓到 7 筆時段
[2026-08-18 13:11:51] [4692/5921] 台中：臺灣菸酒(股)公司臺中觀光酒廠 (Attraction_A13020000G_000148)
[2026-08-18 13:13:44]    (透過策略2成功)
[2026-08-18 13:13:44]    ✅ 成功抓到 7 筆時段
[2026-08-18 13:13:46] [4693/5921] 台南：臺灣菸酒(股)公司隆田觀光酒廠 (Attraction_A13020000G_000149)
[2026-08-18 13:13:50]    ✅ 成功抓到 7 筆時段
[2026-08-18 13:13:52] [4694/5921] 南投：臺灣菸酒(股)公司南投觀光酒廠 (Attraction_A13020000G_000150)
[2026-08-18 13:13:59]    (透過策略2成功)
[2026-08-18 13:13:59]    ✅ 成功抓到 7 筆時段
[2026-08-18 13:14:01] [4695/5921] 台南：新百祿燕窩觀光工廠 (Attraction_A13020000G_000151)
[2026-08-18 13:14:05]    ✅ 成功抓到 7 筆時段
[2026-08-18 13:14:07] [4696/5921] 苗栗：雅聞七里香玫瑰森林 (Attraction_A13020000G_000153)
[2026-08-18 13:14:11]    ✅ 成功抓到 7 筆時段
[2026-08-18 13:14:13] [4697/5921] 台南：奇美食品幸福工廠 (Attraction_A13020000G_000154)
[2026-08-18 13:14:17]    ✅ 成功抓到 7 筆時段
[2026-08-18 13:14:19] [4698/5921] 南投：Jijibanana集元果觀光工廠 (Attraction_A13020000G_000156)
[2026-08-18 13:14:22]    ✅ 成功抓到 7 筆時段
[2026-08-18 13:14:24] [4699/5921] 高雄：紅頂穀創穀物文創樂園 (Attraction_A13020000G_000158)
[2026-08-18 13:14:28]    ✅ 成功抓到 7 筆時段
[2026-08-18 13:14:30] [4700/5921] 彰化：愛玩色創意館 (Attraction_A13020000G_000160)
[2026-08-18 13:14:34]    ✅ 成功抓到 7 筆時段
[2026-08-18 13:14:34]    💾 存檔！已處理 4700/5921 | 成功 3297 | 失敗 1403
[2026-08-18 13:14:34]       資料庫共 4867 筆，其中 3440 筆有營業時間
[2026-08-18 13:14:34]       速度 6.1 筆/分鐘 | 預估剩餘 200 分鐘
[2026-08-18 13:14:36] [4701/5921] 台南：彼緹娃藝術蛋糕觀光工廠 (Attraction_A13020000G_000162)
[2026-08-18 13:14:40]    ✅ 成功抓到 7 筆時段
[2026-08-18 13:14:42] [4702/5921] 宜蘭：安永心食館 (Attraction_A13020000G_000163)
[2026-08-18 13:14:46]    ✅ 成功抓到 7 筆時段
[2026-08-18 13:14:48] [4703/5921] 彰化：台塑生醫健康悠活館 (Attraction_A13020000G_000164)
[2026-08-18 13:14:51]    ✅ 成功抓到 7 筆時段
[2026-08-18 13:14:53] [4704/5921] 桃園：葡萄王健康活力能量館 (Attraction_A13020000G_000165)
[2026-08-18 13:15:00]    (透過策略2成功)
[2026-08-18 13:15:00]    ✅ 成功抓到 7 筆時段
[2026-08-18 13:15:02] [4705/5921] 彰化：興麥蛋捲烘焙王國 (Attraction_A13020000G_000166)
[2026-08-18 13:15:06]    ✅ 成功抓到 7 筆時段
[2026-08-18 13:15:08] [4706/5921] 彰化：卷木森活館 (Attraction_A13020000G_000167)
[2026-08-18 13:15:11]    ✅ 成功抓到 7 筆時段
[2026-08-18 13:15:13] [4707/5921] 彰化：水銡利廚衛生活村 (Attraction_A13020000G_000168)
[2026-08-18 13:15:17]    ✅ 成功抓到 7 筆時段
[2026-08-18 13:15:19] [4708/5921] 雲林：塔吉特千層蛋糕大使館 (Attraction_A13020000G_000169)
[2026-08-18 13:15:23]    ✅ 成功抓到 7 筆時段
[2026-08-18 13:15:25] [4709/5921] 宜蘭：一米特米食點心觀光工廠 (Attraction_A13020000G_000171)
[2026-08-18 13:15:29]    ✅ 成功抓到 7 筆時段
[2026-08-18 13:15:31] [4710/5921] 南投：Cona's妮娜巧克力夢想城堡 (Attraction_A13020000G_000173)
[2026-08-18 13:15:35]    ✅ 成功抓到 7 筆時段
[2026-08-18 13:15:35]    💾 存檔！已處理 4710/5921 | 成功 3307 | 失敗 1403
[2026-08-18 13:15:35]       資料庫共 4877 筆，其中 3450 筆有營業時間
[2026-08-18 13:15:35]       速度 6.1 筆/分鐘 | 預估剩餘 198 分鐘
[2026-08-18 13:15:37] [4711/5921] 彰化：台灣手套博物館 (Attraction_A13020000G_000174)
[2026-08-18 13:15:41]    ✅ 成功抓到 7 筆時段
[2026-08-18 13:15:43] [4712/5921] 新北：王子創意文具國 (Attraction_A13020000G_000175)
[2026-08-18 13:15:47]    ✅ 成功抓到 7 筆時段
[2026-08-18 13:15:49] [4713/5921] 新北：聖瑪莉丹麥麵包莊園 (Attraction_A13020000G_000177)
[2026-08-18 13:15:53]    ✅ 成功抓到 7 筆時段
[2026-08-18 13:15:55] [4714/5921] 高雄：裕賀牛觀光工廠 (Attraction_A13020000G_000178)
[2026-08-18 13:15:59]    ✅ 成功抓到 7 筆時段
[2026-08-18 13:16:01] [4715/5921] 高雄：宏裕行花枝丸館 (Attraction_A13020000G_000179)
[2026-08-18 13:16:05]    ✅ 成功抓到 7 筆時段
[2026-08-18 13:16:07] [4716/5921] 台南：蘭都觀光工廠 (Attraction_A13020000G_000181)
[2026-08-18 13:16:11]    ✅ 成功抓到 7 筆時段
[2026-08-18 13:16:13] [4717/5921] 桃園：自然接觸保養品亮點體驗園 (Attraction_A13020000G_000182)
[2026-08-18 13:18:12]    ❌ 三種策略皆失敗
[2026-08-18 13:18:14] [4718/5921] 台中：微笑秘密口腔保健館 (Attraction_A13020000G_000183)
[2026-08-18 13:18:22]    ✅ 成功抓到 7 筆時段
[2026-08-18 13:18:24] [4719/5921] 宜蘭：奇麗灣珍奶文化館 (Attraction_A13020000G_000185)
[2026-08-18 13:20:18]    ✅ 成功抓到 7 筆時段
[2026-08-18 13:20:20] [4720/5921] 花蓮：台泥DAKA-開放生態循環工廠 (Attraction_A13020000G_000186)
[2026-08-18 13:20:24]    ✅ 成功抓到 7 筆時段
[2026-08-18 13:20:24]    💾 存檔！已處理 4720/5921 | 成功 3316 | 失敗 1404
[2026-08-18 13:20:24]       資料庫共 4887 筆，其中 3459 筆有營業時間
[2026-08-18 13:20:24]       速度 6.1 筆/分鐘 | 預估剩餘 197 分鐘
[2026-08-18 13:20:26] [4721/5921] 嘉義：欣欣水泥森活園 (Attraction_A13020000G_000187)
[2026-08-18 13:20:31]    ❌ 三種策略皆失敗
[2026-08-18 13:20:33] [4722/5921] 宜蘭：宜蘭虎牌米粉那個年代觀光工廠 (Attraction_A13020000G_000188)
[2026-08-18 13:20:37]    ✅ 成功抓到 7 筆時段
[2026-08-18 13:20:39] [4723/5921] 彰化：織夢樂園 (Attraction_A13020000G_000189)
[2026-08-18 13:20:44]    ❌ 三種策略皆失敗
[2026-08-18 13:20:46] [4724/5921] 雲林：雅聞峇里海岸觀光工廠 (Attraction_A13020000G_000190)
[2026-08-18 13:20:49]    ✅ 成功抓到 7 筆時段
[2026-08-18 13:20:51] [4725/5921] 新竹：吉比鮮釀識酒館 (Attraction_A13020000G_000191)
[2026-08-18 13:20:55]    ✅ 成功抓到 7 筆時段
[2026-08-18 13:20:57] [4726/5921] 台南：萬國通路創意觀光工廠 (Attraction_A13020000G_000192)
[2026-08-18 13:21:01]    ✅ 成功抓到 7 筆時段
[2026-08-18 13:21:03] [4727/5921] 桃園：利百代彩筆文創館 (Attraction_A13020000G_000193)
[2026-08-18 13:21:07]    ✅ 成功抓到 7 筆時段
[2026-08-18 13:21:09] [4728/5921] 桃園：雄獅文具想像力製造所 (Attraction_A13020000G_000194)
[2026-08-18 13:21:13]    ✅ 成功抓到 7 筆時段
[2026-08-18 13:21:15] [4729/5921] 桃園：勝昌中草藥探索館 (Attraction_A13020000G_000195)
[2026-08-18 13:21:19]    ✅ 成功抓到 7 筆時段
[2026-08-18 13:21:21] [4730/5921] 新北：卡滋爆米花觀光工廠樂園 (Attraction_A13020000G_000196)
[2026-08-18 13:21:24]    ✅ 成功抓到 7 筆時段
[2026-08-18 13:21:24]    💾 存檔！已處理 4730/5921 | 成功 3324 | 失敗 1406
[2026-08-18 13:21:24]       資料庫共 4897 筆，其中 3467 筆有營業時間
[2026-08-18 13:21:24]       速度 6.1 筆/分鐘 | 預估剩餘 196 分鐘
[2026-08-18 13:21:26] [4731/5921] 宜蘭：潭酵天地 (Attraction_A13020000G_000197)
[2026-08-18 13:21:30]    ✅ 成功抓到 7 筆時段
[2026-08-18 13:21:32] [4732/5921] 宜蘭：溪和水產觀光工廠 (Attraction_A13020000G_000198)
[2026-08-18 13:21:36]    ✅ 成功抓到 7 筆時段
[2026-08-18 13:21:38] [4733/5921] 桃園：手信霧隱城 (Attraction_A13020000G_000199)
[2026-08-18 13:21:42]    ✅ 成功抓到 7 筆時段
[2026-08-18 13:21:44] [4734/5921] 嘉義：愛木村休閒觀光工廠 (Attraction_A13020000G_000200)
[2026-08-18 13:21:48]    ✅ 成功抓到 7 筆時段
[2026-08-18 13:21:50] [4735/5921] 新北：香帥蛋糕芋製所 (Attraction_A13020000G_000201)
[2026-08-18 13:21:54]    ✅ 成功抓到 7 筆時段
[2026-08-18 13:21:56] [4736/5921] 宜蘭：赫蒂法莊園 (Attraction_A13020000G_000202)
[2026-08-18 13:22:00]    ✅ 成功抓到 7 筆時段
[2026-08-18 13:22:02] [4737/5921] 嘉義：冷研碳索館 (Attraction_A13020000G_000203)
[2026-08-18 13:22:06]    ✅ 成功抓到 7 筆時段
[2026-08-18 13:22:08] [4738/5921] 雲林：瑞春醬油觀光工廠 (Attraction_A13020000G_000204)
[2026-08-18 13:22:11]    ✅ 成功抓到 7 筆時段
[2026-08-18 13:22:13] [4739/5921] 桃園：國巨洋傘文創園區 (Attraction_A13020000G_000205)
[2026-08-18 13:22:18]    ✅ 成功抓到 7 筆時段
[2026-08-18 13:22:20] [4740/5921] 台中：伊莎貝爾烘焙觀光工廠 (Attraction_A13020000G_000206)
[2026-08-18 13:22:23]    ✅ 成功抓到 7 筆時段
[2026-08-18 13:22:23]    💾 存檔！已處理 4740/5921 | 成功 3334 | 失敗 1406
[2026-08-18 13:22:23]       資料庫共 4907 筆，其中 3477 筆有營業時間
[2026-08-18 13:22:23]       速度 6.1 筆/分鐘 | 預估剩餘 194 分鐘
[2026-08-18 13:22:26] [4741/5921] 台中：丸文食品觀光工廠 (Attraction_A13020000G_000207)
[2026-08-18 13:22:29]    ✅ 成功抓到 7 筆時段
[2026-08-18 13:22:31] [4742/5921] 南投：樹德半山夢工廠 (Attraction_A13020000G_000208)
[2026-08-18 13:22:41]    ✅ 成功抓到 7 筆時段
[2026-08-18 13:22:43] [4743/5921] 新北：啤酒頭釀造觀光酒廠 (Attraction_A13020000G_000209)
[2026-08-18 13:22:46]    ✅ 成功抓到 7 筆時段
[2026-08-18 13:22:48] [4744/5921] 嘉義：佐登妮絲觀光工廠 (Attraction_A13020000G_000210)
[2026-08-18 13:22:52]    ✅ 成功抓到 7 筆時段
[2026-08-18 13:22:54] [4745/5921] 新北：豐得好食觀光工廠 (Attraction_A13020000G_000211)
[2026-08-18 13:22:58]    ✅ 成功抓到 7 筆時段
[2026-08-18 13:23:00] [4746/5921] 台南：雅聞湖濱療癒森林 (Attraction_A13020000G_000212)
[2026-08-18 13:23:09]    ✅ 成功抓到 7 筆時段
[2026-08-18 13:23:11] [4747/5921] 嘉義：丸聚星球 (Attraction_A13020000G_000213)
[2026-08-18 13:23:15]    ✅ 成功抓到 7 筆時段
[2026-08-18 13:23:17] [4748/5921] 新北：自然美生技觀光工廠 (Attraction_A13020000G_000214)
[2026-08-18 13:23:28]    ❌ 三種策略皆失敗
[2026-08-18 13:23:30] [4749/5921] 桃園：阿媽牌生鐵鍋幸福旗艦館 (Attraction_A13020000G_000215)
[2026-08-18 13:23:34]    ✅ 成功抓到 7 筆時段
[2026-08-18 13:23:36] [4750/5921] 宜蘭：大鯖魚夢工廠 (Attraction_A13020000G_000216)
[2026-08-18 13:23:40]    ✅ 成功抓到 7 筆時段
[2026-08-18 13:23:40]    💾 存檔！已處理 4750/5921 | 成功 3343 | 失敗 1407
[2026-08-18 13:23:40]       資料庫共 4917 筆，其中 3486 筆有營業時間
[2026-08-18 13:23:40]       速度 6.1 筆/分鐘 | 預估剩餘 192 分鐘
[2026-08-18 13:23:42] [4751/5921] 遠雄海洋公園 (Attraction_A15010100H_000005)
[2026-08-18 13:23:46]    ✅ 成功抓到 7 筆時段
[2026-08-18 13:23:48] [4752/5921] 磯崎海濱遊憩區 (Attraction_A15010100H_000006)
[2026-08-18 13:23:59]    ❌ 三種策略皆失敗
[2026-08-18 13:24:01] [4753/5921] 水璉、牛山海岸 (Attraction_A15010100H_000007)
[2026-08-18 13:24:04]    ✅ 成功抓到 7 筆時段
[2026-08-18 13:24:06] [4754/5921] 蕃薯寮 (Attraction_A15010100H_000008)
[2026-08-18 13:24:18]    ❌ 三種策略皆失敗
[2026-08-18 13:24:20] [4755/5921] 和南寺 (Attraction_A15010100H_000009)
[2026-08-18 13:24:25]    ❌ 三種策略皆失敗
[2026-08-18 13:24:27] [4756/5921] 石梯坪 (Attraction_A15010100H_000012)
[2026-08-18 13:26:27]    ❌ 三種策略皆失敗
[2026-08-18 13:26:29] [4757/5921] 秀姑巒溪 (Attraction_A15010100H_000013)
[2026-08-18 13:26:40]    ❌ 三種策略皆失敗
[2026-08-18 13:26:42] [4758/5921] 長虹橋 (Attraction_A15010100H_000014)
[2026-08-18 13:26:47]    ❌ 三種策略皆失敗
[2026-08-18 13:26:49] [4759/5921] 北回歸線 (Attraction_A15010100H_000015)
[2026-08-18 13:26:55]    (透過策略2成功)
[2026-08-18 13:26:55]    ✅ 成功抓到 7 筆時段
[2026-08-18 13:26:57] [4760/5921] 金樽 (Attraction_A15010100H_000016)
[2026-08-18 13:27:02]    ❌ 三種策略皆失敗
[2026-08-18 13:27:02]    💾 存檔！已處理 4760/5921 | 成功 3346 | 失敗 1414
[2026-08-18 13:27:02]       資料庫共 4927 筆，其中 3489 筆有營業時間
[2026-08-18 13:27:02]       速度 6.1 筆/分鐘 | 預估剩餘 191 分鐘
[2026-08-18 13:27:04] [4761/5921] 加路蘭 (Attraction_A15010100H_000028)
[2026-08-18 13:28:58]    ❌ 三種策略皆失敗
[2026-08-18 13:29:00] [4762/5921] 富岡地質公園 (小野柳) (Attraction_A15010100H_000032)
[2026-08-18 13:29:09]    (透過策略3成功)
[2026-08-18 13:29:09]    ✅ 成功抓到 7 筆時段
[2026-08-18 13:29:11] [4763/5921] 水往上流 (Attraction_A15010100H_000033)
[2026-08-18 13:29:20]    ✅ 成功抓到 7 筆時段
[2026-08-18 13:29:22] [4764/5921] 都蘭 (Attraction_A15010100H_000034)
[2026-08-18 13:29:27]    ❌ 三種策略皆失敗
[2026-08-18 13:29:29] [4765/5921] 成功新港漁港 (Attraction_A15010100H_000035)
[2026-08-18 13:29:34]    ❌ 三種策略皆失敗
[2026-08-18 13:29:36] [4766/5921] 東河橋 (Attraction_A15010100H_000036)
[2026-08-18 13:29:42]    (透過策略2成功)
[2026-08-18 13:29:42]    ✅ 成功抓到 7 筆時段
[2026-08-18 13:29:44] [4767/5921] 八仙洞 (Attraction_A15010100H_000037)
[2026-08-18 13:29:48]    ✅ 成功抓到 7 筆時段
[2026-08-18 13:29:50] [4768/5921] 烏石鼻 (Attraction_A15010100H_000038)
[2026-08-18 13:30:01]    ❌ 三種策略皆失敗
[2026-08-18 13:30:03] [4769/5921] 玉長公路 (Attraction_A15010100H_000039)
[2026-08-18 13:30:06]    ✅ 成功抓到 7 筆時段
[2026-08-18 13:30:08] [4770/5921] 石雨傘 (Attraction_A15010100H_000040)
[2026-08-18 13:30:14]    ❌ 三種策略皆失敗
[2026-08-18 13:30:14]    💾 存檔！已處理 4770/5921 | 成功 3351 | 失敗 1419
[2026-08-18 13:30:14]       資料庫共 4937 筆，其中 3494 筆有營業時間
[2026-08-18 13:30:14]       速度 6.1 筆/分鐘 | 預估剩餘 190 分鐘
[2026-08-18 13:30:16] [4771/5921] 三仙台 (Attraction_A15010100H_000041)
[2026-08-18 13:32:13]    ❌ 三種策略皆失敗
[2026-08-18 13:32:15] [4772/5921] 阿美族民俗中心 (Attraction_A15010100H_000042)
[2026-08-18 13:32:18]    ✅ 成功抓到 7 筆時段
[2026-08-18 13:32:20] [4773/5921] 石朗 (Attraction_A15010100H_000066)
[2026-08-18 13:32:31]    ❌ 三種策略皆失敗
[2026-08-18 13:32:33] [4774/5921] 大白沙 (Attraction_A15010100H_000067)
[2026-08-18 13:32:38]    ❌ 三種策略皆失敗
[2026-08-18 13:32:40] [4775/5921] 紫坪 (Attraction_A15010100H_000068)
[2026-08-18 13:32:45]    ❌ 三種策略皆失敗
[2026-08-18 13:32:47] [4776/5921] 帆船鼻大草原 (Attraction_A15010100H_000073)
[2026-08-18 13:32:51]    ✅ 成功抓到 7 筆時段
[2026-08-18 13:32:53] [4777/5921] 朝日溫泉 (Attraction_A15010100H_000095)
[2026-08-18 13:32:57]    ✅ 成功抓到 7 筆時段
[2026-08-18 13:32:59] [4778/5921] 過山古道/步道 (Attraction_A15010100H_000096)
[2026-08-18 13:33:04]    ❌ 三種策略皆失敗
[2026-08-18 13:33:06] [4779/5921] 哈巴狗與睡美人岩 (Attraction_A15010100H_000098)
[2026-08-18 13:33:11]    ❌ 三種策略皆失敗
[2026-08-18 13:33:13] [4780/5921] 海參坪 (Attraction_A15010100H_000099)
[2026-08-18 13:33:17]    ✅ 成功抓到 7 筆時段
[2026-08-18 13:33:17]    💾 存檔！已處理 4780/5921 | 成功 3355 | 失敗 1425
[2026-08-18 13:33:17]       資料庫共 4947 筆，其中 3498 筆有營業時間
[2026-08-18 13:33:17]       速度 6.1 筆/分鐘 | 預估剩餘 188 分鐘
[2026-08-18 13:33:19] [4781/5921] 國家人權博物館-白色恐怖綠島紀念園區 (Attraction_A15010100H_000101)
[2026-08-18 13:33:22]    ✅ 成功抓到 7 筆時段
[2026-08-18 13:33:24] [4782/5921] 牛頭山、樓門岩 (Attraction_A15010100H_000102)
[2026-08-18 13:33:33]    ✅ 成功抓到 7 筆時段
[2026-08-18 13:33:35] [4783/5921] 綠島燈塔 (Attraction_A15010100H_000105)
[2026-08-18 13:33:45]    ✅ 成功抓到 7 筆時段
[2026-08-18 13:33:47] [4784/5921] 月洞 (Attraction_A15010100H_000160)
[2026-08-18 13:33:52]    ❌ 三種策略皆失敗
[2026-08-18 13:33:54] [4785/5921] 芭崎 (Attraction_A15010100H_000161)
[2026-08-18 13:34:00]    (透過策略2成功)
[2026-08-18 13:34:00]    ✅ 成功抓到 7 筆時段
[2026-08-18 13:34:02] [4786/5921] 樟原 (Attraction_A15010100H_000162)
[2026-08-18 13:34:07]    ❌ 三種策略皆失敗
[2026-08-18 13:34:09] [4787/5921] 富山漁業資源保育區 (Attraction_A15010100H_000163)
[2026-08-18 13:34:13]    ✅ 成功抓到 7 筆時段
[2026-08-18 13:34:15] [4788/5921] 富岡漁港 (Attraction_A15010100H_000164)
[2026-08-18 13:34:20]    ❌ 三種策略皆失敗
[2026-08-18 13:34:22] [4789/5921] 觀音洞 (Attraction_A15010100H_000165)
[2026-08-18 13:34:27]    ❌ 三種策略皆失敗
[2026-08-18 13:34:29] [4790/5921] 柚子湖 (Attraction_A15010100H_000166)
[2026-08-18 13:34:33]    ✅ 成功抓到 7 筆時段
[2026-08-18 13:34:33]    💾 存檔！已處理 4790/5921 | 成功 3361 | 失敗 1429
[2026-08-18 13:34:33]       資料庫共 4957 筆，其中 3504 筆有營業時間
[2026-08-18 13:34:33]       速度 6.1 筆/分鐘 | 預估剩餘 187 分鐘
[2026-08-18 13:34:35] [4791/5921] 柴口浮潛區 (Attraction_A15010100H_000167)
[2026-08-18 13:34:40]    ❌ 三種策略皆失敗
[2026-08-18 13:34:42] [4792/5921] 美山驛站 (Attraction_A15010100H_000206)
[2026-08-18 13:34:46]    ✅ 成功抓到 7 筆時段
[2026-08-18 13:34:48] [4793/5921] 花蓮遊客中心 (Attraction_A15010100H_000207)
[2026-08-18 13:34:52]    ✅ 成功抓到 7 筆時段
[2026-08-18 13:34:54] [4794/5921] 秀姑巒溪遊客中心 (Attraction_A15010100H_000209)
[2026-08-18 13:34:59]    ❌ 三種策略皆失敗
[2026-08-18 13:35:01] [4795/5921] 八仙洞遊客中心 (Attraction_A15010100H_000210)
[2026-08-18 13:35:05]    ✅ 成功抓到 7 筆時段
[2026-08-18 13:35:07] [4796/5921] 三仙台遊客中心 (Attraction_A15010100H_000211)
[2026-08-18 13:35:11]    ✅ 成功抓到 7 筆時段
[2026-08-18 13:35:13] [4797/5921] 小野柳遊客中心 (Attraction_A15010100H_000212)
[2026-08-18 13:35:16]    ✅ 成功抓到 7 筆時段
[2026-08-18 13:35:18] [4798/5921] 綠島遊客中心 (Attraction_A15010100H_000213)
[2026-08-18 13:35:22]    ✅ 成功抓到 7 筆時段
[2026-08-18 13:35:24] [4799/5921] 都歷遊客中心 (Attraction_A15010100H_000214)
[2026-08-18 13:35:29]    ✅ 成功抓到 7 筆時段
[2026-08-18 13:35:31] [4800/5921] 奚卜蘭遊客中心(新太平洋一號店) (Attraction_A15010100H_000231)
[2026-08-18 13:43:45]    ❌ 三種策略皆失敗
[2026-08-18 13:43:45]    💾 存檔！已處理 4800/5921 | 成功 3368 | 失敗 1432
[2026-08-18 13:43:45]       資料庫共 4967 筆，其中 3511 筆有營業時間
[2026-08-18 13:43:45]       速度 6.0 筆/分鐘 | 預估剩餘 187 分鐘
[2026-08-18 13:43:47] [4801/5921] 月光小棧 (Attraction_A15010100H_000233)
[2026-08-18 13:47:47]    ❌ 三種策略皆失敗
[2026-08-18 13:47:49] [4802/5921] 比西里岸 (Attraction_A15010100H_000234)
[2026-08-18 13:51:49]    ❌ 三種策略皆失敗
[2026-08-18 13:51:51] [4803/5921] 宜灣卡片教堂 (Attraction_A15010100H_000235)
[2026-08-18 13:55:51]    ❌ 三種策略皆失敗
[2026-08-18 13:55:53] [4804/5921] 金剛大道 (Attraction_A15010100H_000236)
[2026-08-18 13:59:53]    ❌ 三種策略皆失敗
[2026-08-18 13:59:55] [4805/5921] 鹽寮 (Attraction_A15010100H_000237)
[2026-08-18 14:03:55]    ❌ 三種策略皆失敗
[2026-08-18 14:03:57] [4806/5921] 成功海洋環境教室 (Attraction_A15010100H_000240)
[2026-08-18 14:07:57]    ❌ 三種策略皆失敗
[2026-08-18 14:07:59] [4807/5921] 成功海濱公園 (Attraction_A15010100H_000243)
[2026-08-18 14:11:59]    ❌ 三種策略皆失敗
[2026-08-18 14:12:01] [4808/5921] 都歷園區 (Attraction_A15010100H_000264)
[2026-08-18 14:16:01]    ❌ 三種策略皆失敗
[2026-08-18 14:16:03] [4809/5921] 泰源幽谷 (Attraction_A15010100H_000284)
[2026-08-18 14:20:03]    ❌ 三種策略皆失敗
[2026-08-18 14:20:05] [4810/5921] 大灣休憩區 (Attraction_A15010100H_000285)
[2026-08-18 14:24:05]    ❌ 三種策略皆失敗
[2026-08-18 14:24:05]    💾 存檔！已處理 4810/5921 | 成功 3368 | 失敗 1442
[2026-08-18 14:24:05]       資料庫共 4977 筆，其中 3511 筆有營業時間
[2026-08-18 14:24:05]       速度 5.7 筆/分鐘 | 預估剩餘 194 分鐘
[2026-08-18 14:24:07] [4811/5921] 目斗嶼 (Attraction_A15010200H_000001)
[2026-08-18 14:28:07]    ❌ 三種策略皆失敗
[2026-08-18 14:28:09] [4812/5921] 吉貝嶼 (Attraction_A15010200H_000002)
[2026-08-18 14:32:09]    ❌ 三種策略皆失敗
[2026-08-18 14:32:11] [4813/5921] 姑婆嶼 (Attraction_A15010200H_000003)
[2026-08-18 14:36:11]    ❌ 三種策略皆失敗
[2026-08-18 14:36:13] [4814/5921] 險礁嶼 (Attraction_A15010200H_000004)
[2026-08-18 14:40:13]    ❌ 三種策略皆失敗
[2026-08-18 14:40:15] [4815/5921] 員貝嶼 (Attraction_A15010200H_000005)
[2026-08-18 14:44:15]    ❌ 三種策略皆失敗
[2026-08-18 14:44:17] [4816/5921] 小白沙嶼 (Attraction_A15010200H_000006)
[2026-08-18 14:48:17]    ❌ 三種策略皆失敗
[2026-08-18 14:48:19] [4817/5921] 鳥嶼 (Attraction_A15010200H_000007)
[2026-08-18 14:52:19]    ❌ 三種策略皆失敗
[2026-08-18 14:52:21] [4818/5921] 虎井嶼北回歸線追日大道 (Attraction_A15010200H_000008)
[2026-08-18 14:56:21]    ❌ 三種策略皆失敗
[2026-08-18 14:56:23] [4819/5921] 重光里˙漳水神石碑 (Attraction_A15010200H_000009)
[2026-08-18 15:00:23]    ❌ 三種策略皆失敗
[2026-08-18 15:00:25] [4820/5921] 重光里˙凌霄寶塔 (Attraction_A15010200H_000010)
[2026-08-18 15:04:25]    ❌ 三種策略皆失敗
[2026-08-18 15:04:25]    💾 存檔！已處理 4820/5921 | 成功 3368 | 失敗 1452
[2026-08-18 15:04:25]       資料庫共 4987 筆，其中 3511 筆有營業時間
[2026-08-18 15:04:25]       速度 5.5 筆/分鐘 | 預估剩餘 201 分鐘
[2026-08-18 15:04:27] [4821/5921] 西衛里˙塔尖 (Attraction_A15010200H_000011)
[2026-08-18 15:08:27]    ❌ 三種策略皆失敗
[2026-08-18 15:08:29] [4822/5921] 案山里˙平安寶塔 (Attraction_A15010200H_000012)
[2026-08-18 15:12:29]    ❌ 三種策略皆失敗
[2026-08-18 15:12:31] [4823/5921] 安宅里˙嶼仔尖塔 (Attraction_A15010200H_000013)
[2026-08-18 15:16:31]    ❌ 三種策略皆失敗
[2026-08-18 15:16:33] [4824/5921] 鎖港里˙南北石塔 (Attraction_A15010200H_000014)
[2026-08-18 15:20:33]    ❌ 三種策略皆失敗
[2026-08-18 15:20:35] [4825/5921] 小門村˙大彎石塔 (Attraction_A15010200H_000015)
[2026-08-18 15:24:36]    ❌ 三種策略皆失敗
[2026-08-18 15:24:38] [4826/5921] 小門村˙中營石塔 (Attraction_A15010200H_000016)
[2026-08-18 15:28:38]    ❌ 三種策略皆失敗
[2026-08-18 15:28:40] [4827/5921] 小門村˙鐵鑠石塔 (Attraction_A15010200H_000017)
[2026-08-18 15:32:40]    ❌ 三種策略皆失敗
[2026-08-18 15:32:42] [4828/5921] 內垵村 塔公塔婆 (Attraction_A15010200H_000018)
[2026-08-18 15:36:42]    ❌ 三種策略皆失敗
[2026-08-18 15:36:44] [4829/5921] 外垵村˙三仙塔 (Attraction_A15010200H_000019)
[2026-08-18 15:40:44]    ❌ 三種策略皆失敗
[2026-08-18 15:40:46] [4830/5921] 通梁˙碼頭符檯 (Attraction_A15010200H_000020)
[2026-08-18 15:44:46]    ❌ 三種策略皆失敗
[2026-08-18 15:44:46]    💾 存檔！已處理 4830/5921 | 成功 3368 | 失敗 1462
[2026-08-18 15:44:46]       資料庫共 4997 筆，其中 3511 筆有營業時間
[2026-08-18 15:44:46]       速度 5.2 筆/分鐘 | 預估剩餘 208 分鐘
[2026-08-18 15:44:48] [4831/5921] 龍門村˙石塔 (Attraction_A15010200H_000021)
[2026-08-18 15:48:48]    ❌ 三種策略皆失敗
[2026-08-18 15:48:50] [4832/5921] 白坑村˙石塔 (Attraction_A15010200H_000022)
[2026-08-18 15:52:50]    ❌ 三種策略皆失敗
[2026-08-18 15:52:52] [4833/5921] 青螺村˙陽明妙塔 (Attraction_A15010200H_000023)
[2026-08-18 15:56:52]    ❌ 三種策略皆失敗
[2026-08-18 15:56:54] [4834/5921] 沙港村˙花後塔 (Attraction_A15010200H_000024)
[2026-08-18 16:00:54]    ❌ 三種策略皆失敗
[2026-08-18 16:00:56] [4835/5921] 沙港村˙大尾尖頂塔 (Attraction_A15010200H_000025)
[2026-08-18 16:04:56]    ❌ 三種策略皆失敗
[2026-08-18 16:04:58] [4836/5921] 鯨魚洞 (Attraction_A15010200H_000026)
[2026-08-18 16:08:58]    ❌ 三種策略皆失敗
[2026-08-18 16:09:00] [4837/5921] 澎湖輪碼頭 (Attraction_A15010200H_000027)
[2026-08-18 16:13:00]    ❌ 三種策略皆失敗
[2026-08-18 16:13:02] [4838/5921] 馬公港 漁人碼頭 (Attraction_A15010200H_000028)
[2026-08-18 16:17:02]    ❌ 三種策略皆失敗
[2026-08-18 16:17:04] [4839/5921] 竹灣 (Attraction_A15010200H_000029)
[2026-08-18 16:21:04]    ❌ 三種策略皆失敗
[2026-08-18 16:21:06] [4840/5921] 牛心山 (Attraction_A15010200H_000030)
[2026-08-18 16:25:06]    ❌ 三種策略皆失敗
[2026-08-18 16:25:06]    💾 存檔！已處理 4840/5921 | 成功 3368 | 失敗 1472
[2026-08-18 16:25:06]       資料庫共 5007 筆，其中 3511 筆有營業時間
[2026-08-18 16:25:06]       速度 5.0 筆/分鐘 | 預估剩餘 215 分鐘
[2026-08-18 16:25:08] [4841/5921] 大倉嶼 (Attraction_A15010200H_000031)
[2026-08-18 16:29:08]    ❌ 三種策略皆失敗
[2026-08-18 16:29:10] [4842/5921] 水仙宮(臺廈郊會館) (Attraction_A15010200H_000032)
[2026-08-18 16:35:10]    ❌ 三種策略皆失敗
[2026-08-18 16:35:12] [4843/5921] 媽宮城隍廟 (Attraction_A15010200H_000033)
[2026-08-18 16:39:12]    ❌ 三種策略皆失敗
[2026-08-18 16:39:14] [4844/5921] 篤行十村 (Attraction_A15010200H_000034)
[2026-08-18 16:43:14]    ❌ 三種策略皆失敗
[2026-08-18 16:43:16] [4845/5921] 蔡廷蘭進士第 (Attraction_A15010200H_000035)
[2026-08-18 16:47:16]    ❌ 三種策略皆失敗
[2026-08-18 16:47:18] [4846/5921] 山水濕地公園 (Attraction_A15010200H_000036)
[2026-08-18 16:51:18]    ❌ 三種策略皆失敗
[2026-08-18 16:51:20] [4847/5921] 青灣仙人掌公園 (Attraction_A15010200H_000037)
[2026-08-18 16:55:20]    ❌ 三種策略皆失敗
[2026-08-18 16:55:22] [4848/5921] 林投沙灘 (Attraction_A15010200H_000038)
[2026-08-18 16:59:22]    ❌ 三種策略皆失敗
[2026-08-18 16:59:24] [4849/5921] 龍門南崁閉鎖陣地 (Attraction_A15010200H_000039)
[2026-08-18 17:03:24]    ❌ 三種策略皆失敗
[2026-08-18 17:03:26] [4850/5921] 澎湖水族館 (Attraction_A15010200H_000040)
[2026-08-18 17:07:26]    ❌ 三種策略皆失敗
[2026-08-18 17:07:26]    💾 存檔！已處理 4850/5921 | 成功 3368 | 失敗 1482
[2026-08-18 17:07:26]       資料庫共 5017 筆，其中 3511 筆有營業時間
[2026-08-18 17:07:26]       速度 4.8 筆/分鐘 | 預估剩餘 222 分鐘
[2026-08-18 17:07:28] [4851/5921] 澎湖醫院&關稅局馬公支關 (Attraction_A15010200H_000041)
[2026-08-18 17:11:28]    ❌ 三種策略皆失敗
[2026-08-18 17:11:30] [4852/5921] 觀音亭親水遊憩區 (Attraction_A15010200H_000042)
[2026-08-18 17:15:30]    ❌ 三種策略皆失敗
[2026-08-18 17:15:32] [4853/5921] 澎湖開拓館 (Attraction_A15010200H_000043)
[2026-08-18 17:19:32]    ❌ 三種策略皆失敗
[2026-08-18 17:19:34] [4854/5921] 龍門濱海園區 (Attraction_A15010200H_000044)
[2026-08-18 17:23:34]    ❌ 三種策略皆失敗
[2026-08-18 17:23:36] [4855/5921] 南寮古厝群 (Attraction_A15010200H_000045)
[2026-08-18 17:27:36]    ❌ 三種策略皆失敗
[2026-08-18 17:27:38] [4856/5921] 紅羅石滬&魚灶 (Attraction_A15010200H_000046)
[2026-08-18 17:31:38]    ❌ 三種策略皆失敗
[2026-08-18 17:31:40] [4857/5921] 後寮三十人公廟 (Attraction_A15010200H_000047)
[2026-08-18 17:35:41]    ❌ 三種策略皆失敗
[2026-08-18 17:35:43] [4858/5921] 漁翁島遊客中心 (Attraction_A15010200H_000048)
[2026-08-18 17:39:43]    ❌ 三種策略皆失敗
[2026-08-18 17:39:45] [4859/5921] 大義宮 (Attraction_A15010200H_000049)
[2026-08-18 17:43:45]    ❌ 三種策略皆失敗
[2026-08-18 17:43:47] [4860/5921] 小門自然紀念物 (Attraction_A15010200H_000050)
[2026-08-18 17:47:47]    ❌ 三種策略皆失敗
[2026-08-18 17:47:47]    💾 存檔！已處理 4860/5921 | 成功 3368 | 失敗 1492
[2026-08-18 17:47:47]       資料庫共 5027 筆，其中 3511 筆有營業時間
[2026-08-18 17:47:47]       速度 4.7 筆/分鐘 | 預估剩餘 228 分鐘
[2026-08-18 17:47:49] [4861/5921] 小門菜宅 (Attraction_A15010200H_000051)
[2026-08-18 17:51:49]    ❌ 三種策略皆失敗
[2026-08-18 17:51:51] [4862/5921] 小池角雙曲橋&虎目石滬 (Attraction_A15010200H_000052)
[2026-08-18 17:55:51]    ❌ 三種策略皆失敗
[2026-08-18 17:55:53] [4863/5921] 池西柱狀玄武岩&池西岩瀑九孔池 (Attraction_A15010200H_000053)
[2026-08-18 17:59:53]    ❌ 三種策略皆失敗
[2026-08-18 17:59:55] [4864/5921] 五孔頂步道&五孔頂碉堡 (Attraction_A15010200H_000054)
[2026-08-18 18:03:55]    ❌ 三種策略皆失敗
[2026-08-18 18:03:57] [4865/5921] 西嶼彈藥本庫 (Attraction_A15010200H_000055)
[2026-08-18 18:07:57]    ❌ 三種策略皆失敗
[2026-08-18 18:07:59] [4866/5921] 西嶼東臺 (Attraction_A15010200H_000056)
[2026-08-18 18:11:59]    ❌ 三種策略皆失敗
[2026-08-18 18:12:01] [4867/5921] 外垵漁火 (Attraction_A15010200H_000057)
[2026-08-18 18:16:01]    ❌ 三種策略皆失敗
[2026-08-18 18:16:03] [4868/5921] 桶盤嶼蓮花座 (Attraction_A15010200H_000058)
[2026-08-18 18:20:03]    ❌ 三種策略皆失敗
[2026-08-18 18:20:05] [4869/5921] 虎井西山公園 (Attraction_A15010200H_000059)
[2026-08-18 18:24:05]    ❌ 三種策略皆失敗
[2026-08-18 18:24:07] [4870/5921] 虎井柱狀玄武岩 (Attraction_A15010200H_000060)
[2026-08-18 18:28:07]    ❌ 三種策略皆失敗
[2026-08-18 18:28:07]    💾 存檔！已處理 4870/5921 | 成功 3368 | 失敗 1502
[2026-08-18 18:28:07]       資料庫共 5037 筆，其中 3511 筆有營業時間
[2026-08-18 18:28:07]       速度 4.5 筆/分鐘 | 預估剩餘 234 分鐘
[2026-08-18 18:28:09] [4871/5921] 虎井軍事觀測所 (Attraction_A15010200H_000061)
[2026-08-18 18:32:09]    ❌ 三種策略皆失敗
[2026-08-18 18:32:11] [4872/5921] 牛母坪 (Attraction_A15010200H_000062)
[2026-08-18 18:36:11]    ❌ 三種策略皆失敗
[2026-08-18 18:36:13] [4873/5921] 花嶼 (Attraction_A15010200H_000063)
[2026-08-18 18:40:13]    ❌ 三種策略皆失敗
[2026-08-18 18:40:15] [4874/5921] 貓嶼 (Attraction_A15010200H_000064)
[2026-08-18 18:44:15]    ❌ 三種策略皆失敗
[2026-08-18 18:44:17] [4875/5921] 東吉嶼 (Attraction_A15010200H_000065)
[2026-08-18 18:48:17]    ❌ 三種策略皆失敗
[2026-08-18 18:48:19] [4876/5921] 西吉嶼 (Attraction_A15010200H_000066)
[2026-08-18 18:52:19]    ❌ 三種策略皆失敗
[2026-08-18 18:52:21] [4877/5921] 東嶼坪嶼 (Attraction_A15010200H_000067)
[2026-08-18 18:56:21]    ❌ 三種策略皆失敗
[2026-08-18 18:56:23] [4878/5921] 西嶼坪嶼 (Attraction_A15010200H_000068)
[2026-08-18 19:00:23]    ❌ 三種策略皆失敗
[2026-08-18 19:00:25] [4879/5921] 吉貝沙尾 (Attraction_A15010200H_000069)
[2026-08-18 19:04:25]    ❌ 三種策略皆失敗
[2026-08-18 19:04:27] [4880/5921] 吉貝武聖殿 (Attraction_A15010200H_000070)
[2026-08-18 19:08:27]    ❌ 三種策略皆失敗
[2026-08-18 19:08:27]    💾 存檔！已處理 4880/5921 | 成功 3368 | 失敗 1512
[2026-08-18 19:08:27]       資料庫共 5047 筆，其中 3511 筆有營業時間
[2026-08-18 19:08:27]       速度 4.3 筆/分鐘 | 預估剩餘 240 分鐘
[2026-08-18 19:08:29] [4881/5921] 東方龍馬 (Attraction_A15010200H_000071)
[2026-08-18 19:12:29]    ❌ 三種策略皆失敗
[2026-08-18 19:12:31] [4882/5921] 吉貝石滬文化館 (Attraction_A15010200H_000072)
[2026-08-18 19:16:31]    ❌ 三種策略皆失敗
[2026-08-18 19:16:33] [4883/5921] 目斗嶼燈塔 (Attraction_A15010200H_000073)
[2026-08-18 19:20:33]    ❌ 三種策略皆失敗
[2026-08-18 19:20:35] [4884/5921] 北鐵砧嶼 (Attraction_A15010200H_000074)
[2026-08-18 19:24:35]    ❌ 三種策略皆失敗
[2026-08-18 19:24:37] [4885/5921] 金嶼 (Attraction_A15010200H_000075)
[2026-08-18 19:28:37]    ❌ 三種策略皆失敗
[2026-08-18 19:28:39] [4886/5921] 澎澎灘 (Attraction_A15010200H_000076)
[2026-08-18 19:32:39]    ❌ 三種策略皆失敗
[2026-08-18 19:32:41] [4887/5921] 錠鉤嶼 (Attraction_A15010200H_000077)
[2026-08-18 19:36:41]    ❌ 三種策略皆失敗
[2026-08-18 19:36:43] [4888/5921] 雞善嶼 (Attraction_A15010200H_000078)
[2026-08-18 19:40:44]    ❌ 三種策略皆失敗
[2026-08-18 19:40:46] [4889/5921] 鎖港自行車休憩站 (Attraction_A15010200H_000079)
[2026-08-18 19:42:58]    ❌ 三種策略皆失敗
[2026-08-18 19:43:00] [4890/5921] 網垵沙灘(夢幻沙灘) (Attraction_A15010200H_000080)
[2026-08-18 19:43:37]    (透過策略2成功)
[2026-08-18 19:43:37]    ✅ 成功抓到 7 筆時段
[2026-08-18 19:43:37]    💾 存檔！已處理 4890/5921 | 成功 3369 | 失敗 1521
[2026-08-18 19:43:37]       資料庫共 5057 筆，其中 3512 筆有營業時間
[2026-08-18 19:43:37]       速度 4.2 筆/分鐘 | 預估剩餘 244 分鐘
[2026-08-18 19:43:39] [4891/5921] 嗨鼠地景藝術 (Attraction_A15010200H_000081)
[2026-08-18 19:43:47]    ✅ 成功抓到 7 筆時段
[2026-08-18 19:43:49] [4892/5921] 菓葉灰窯 (Attraction_A15010200H_000082)
[2026-08-18 19:44:00]    ✅ 成功抓到 7 筆時段
[2026-08-18 19:44:02] [4893/5921] 西嶼西臺遊客中心 (Attraction_A15010200H_000083)
[2026-08-18 19:44:10]    ✅ 成功抓到 7 筆時段
[2026-08-18 19:44:12] [4894/5921] 澎湖天后宮 (Attraction_A15010200H_000084)
[2026-08-18 19:44:20]    ✅ 成功抓到 7 筆時段
[2026-08-18 19:44:22] [4895/5921] 施公祠 (Attraction_A15010200H_000085)
[2026-08-18 19:44:31]    ✅ 成功抓到 7 筆時段
[2026-08-18 19:44:33] [4896/5921] 萬軍井 (Attraction_A15010200H_000086)
[2026-08-18 19:44:42]    ✅ 成功抓到 7 筆時段
[2026-08-18 19:44:44] [4897/5921] 四眼井&乾益堂 (Attraction_A15010200H_000087)
[2026-08-18 19:44:52]    ❌ 三種策略皆失敗
[2026-08-18 19:44:54] [4898/5921] 順承門 (Attraction_A15010200H_000088)
[2026-08-18 19:44:58]    ✅ 成功抓到 7 筆時段
[2026-08-18 19:45:00] [4899/5921] 眷村文化園區 (Attraction_A15010200H_000089)
[2026-08-18 19:45:04]    ❌ 三種策略皆失敗
[2026-08-18 19:45:06] [4900/5921] 南海遊客中心 (Attraction_A15010200H_000090)
[2026-08-18 19:45:11]    ❌ 三種策略皆失敗
[2026-08-18 19:45:11]    💾 存檔！已處理 4900/5921 | 成功 3376 | 失敗 1524
[2026-08-18 19:45:11]       資料庫共 5067 筆，其中 3519 筆有營業時間
[2026-08-18 19:45:11]       速度 4.2 筆/分鐘 | 預估剩餘 242 分鐘
[2026-08-18 19:45:13] [4901/5921] 澎湖生活博物館 (Attraction_A15010200H_000091)
[2026-08-18 19:45:17]    ✅ 成功抓到 7 筆時段
[2026-08-18 19:45:19] [4902/5921] 澎湖遊客中心 (Attraction_A15010200H_000092)
[2026-08-18 19:45:25]    ✅ 成功抓到 7 筆時段
[2026-08-18 19:45:27] [4903/5921] 菜園休閒漁業區 (Attraction_A15010200H_000093)
[2026-08-18 19:45:30]    ✅ 成功抓到 7 筆時段
[2026-08-18 19:45:32] [4904/5921] 鎖港南北石塔 (Attraction_A15010200H_000094)
[2026-08-18 19:45:35]    ✅ 成功抓到 7 筆時段
[2026-08-18 19:45:37] [4905/5921] 山水沙灘 (Attraction_A15010200H_000095)
[2026-08-18 19:45:42]    ❌ 三種策略皆失敗
[2026-08-18 19:45:44] [4906/5921] 嵵裡沙灘 (Attraction_A15010200H_000096)
[2026-08-18 19:45:53] ⚠️ 偵測到機器人驗證！請在瀏覽器中手動解開。
[2026-08-18 19:47:29]    ❌ 三種策略皆失敗
[2026-08-18 19:47:31] [4907/5921] 風櫃洞 (Attraction_A15010200H_000097)
[2026-08-18 19:47:36]    ❌ 三種策略皆失敗
[2026-08-18 19:47:38] [4908/5921] 蛇頭山 (Attraction_A15010200H_000098)
[2026-08-18 19:47:42]    ❌ 三種策略皆失敗
[2026-08-18 19:47:44] [4909/5921] 東衛石雕公園 (Attraction_A15010200H_000099)
[2026-08-18 19:47:47]    ✅ 成功抓到 7 筆時段
[2026-08-18 19:47:49] [4910/5921] 虎井嶼遊憩區 (Attraction_A15010200H_000100)
[2026-08-18 19:47:53]    ✅ 成功抓到 7 筆時段
[2026-08-18 19:47:53]    💾 存檔！已處理 4910/5921 | 成功 3382 | 失敗 1528
[2026-08-18 19:47:53]       資料庫共 5077 筆，其中 3525 筆有營業時間
[2026-08-18 19:47:53]       速度 4.2 筆/分鐘 | 預估剩餘 240 分鐘
[2026-08-18 19:47:55] [4911/5921] 桶盤地質公園 (Attraction_A15010200H_000101)
[2026-08-18 19:47:58]    ✅ 成功抓到 7 筆時段
[2026-08-18 19:48:00] [4912/5921] 澎湖機場旅遊服務中心 (Attraction_A15010200H_000102)
[2026-08-18 19:48:04]    ✅ 成功抓到 7 筆時段
[2026-08-18 19:48:06] [4913/5921] 隘門沙灘 (Attraction_A15010200H_000103)
[2026-08-18 19:48:10]    ❌ 三種策略皆失敗
[2026-08-18 19:48:12] [4914/5921] 林投公園 (Attraction_A15010200H_000104)
[2026-08-18 19:48:16]    ✅ 成功抓到 7 筆時段
[2026-08-18 19:48:18] [4915/5921] 菓葉觀日樓 (Attraction_A15010200H_000105)
[2026-08-18 19:48:22]    ❌ 三種策略皆失敗
[2026-08-18 19:48:24] [4916/5921] 北寮遊憩區 (Attraction_A15010200H_000106)
[2026-08-18 19:48:27]    ✅ 成功抓到 7 筆時段
[2026-08-18 19:48:29] [4917/5921] 青螺溼地 (Attraction_A15010200H_000107)
[2026-08-18 19:48:33]    ✅ 成功抓到 7 筆時段
[2026-08-18 19:48:35] [4918/5921] 中屯風力園區 (Attraction_A15010200H_000108)
[2026-08-18 19:48:39]    ❌ 三種策略皆失敗
[2026-08-18 19:48:41] [4919/5921] 岐頭遊客中心 (Attraction_A15010200H_000109)
[2026-08-18 19:48:45]    ✅ 成功抓到 7 筆時段
[2026-08-18 19:48:47] [4920/5921] 北海遊客中心 (Attraction_A15010200H_000110)
[2026-08-18 19:48:54]    (透過策略2成功)
[2026-08-18 19:48:54]    ✅ 成功抓到 7 筆時段
[2026-08-18 19:48:54]    💾 存檔！已處理 4920/5921 | 成功 3389 | 失敗 1531
[2026-08-18 19:48:54]       資料庫共 5087 筆，其中 3532 筆有營業時間
[2026-08-18 19:48:54]       速度 4.2 筆/分鐘 | 預估剩餘 237 分鐘
[2026-08-18 19:48:56] [4921/5921] 後寮遊客中心 (Attraction_A15010200H_000111)
[2026-08-18 19:49:08]    策略1失敗，嘗試下一個...
[2026-08-18 19:49:15]    (透過策略2成功)
[2026-08-18 19:49:15]    ✅ 成功抓到 7 筆時段
[2026-08-18 19:49:17] [4922/5921] 通梁古榕 (Attraction_A15010200H_000112)
[2026-08-18 19:49:37]    ✅ 成功抓到 7 筆時段
[2026-08-18 19:49:39] [4923/5921] 澎湖跨海大橋 (Attraction_A15010200H_000113)
[2026-08-18 19:49:44]    ❌ 三種策略皆失敗
[2026-08-18 19:49:46] [4924/5921] 吉貝遊客中心 (Attraction_A15010200H_000114)
[2026-08-18 19:49:49]    ✅ 成功抓到 7 筆時段
[2026-08-18 19:49:51] [4925/5921] 小門嶼 (Attraction_A15010200H_000115)
[2026-08-18 19:49:56]    ❌ 三種策略皆失敗
[2026-08-18 19:49:58] [4926/5921] 小門地質探索館 (Attraction_A15010200H_000116)
[2026-08-18 19:50:07]    ✅ 成功抓到 7 筆時段
[2026-08-18 19:50:09] [4927/5921] 二崁傳統聚落保存區 (Attraction_A15010200H_000117)
[2026-08-18 19:50:12]    ✅ 成功抓到 7 筆時段
[2026-08-18 19:50:14] [4928/5921] 大菓葉柱狀玄武岩 (Attraction_A15010200H_000118)
[2026-08-18 19:50:18]    ✅ 成功抓到 7 筆時段
[2026-08-18 19:50:20] [4929/5921] 內垵沙灘 (Attraction_A15010200H_000119)
[2026-08-18 19:51:47]    ❌ 三種策略皆失敗
[2026-08-18 19:51:49] [4930/5921] 西嶼東臺軍事史蹟園區 (Attraction_A15010200H_000120)
[2026-08-18 19:51:57]    ✅ 成功抓到 7 筆時段
[2026-08-18 19:51:57]    💾 存檔！已處理 4930/5921 | 成功 3396 | 失敗 1534
[2026-08-18 19:51:57]       資料庫共 5097 筆，其中 3539 筆有營業時間
[2026-08-18 19:51:57]       速度 4.2 筆/分鐘 | 預估剩餘 235 分鐘
[2026-08-18 19:51:59] [4931/5921] 西嶼西臺 (Attraction_A15010200H_000121)
[2026-08-18 19:52:03]    ✅ 成功抓到 7 筆時段
[2026-08-18 19:52:05] [4932/5921] 漁翁島燈塔 (Attraction_A15010200H_000122)
[2026-08-18 19:52:08]    ✅ 成功抓到 7 筆時段
[2026-08-18 19:52:10] [4933/5921] 七美遊客中心 (Attraction_A15010200H_000123)
[2026-08-18 19:52:14]    ✅ 成功抓到 7 筆時段
[2026-08-18 19:52:16] [4934/5921] 七美人塚 (Attraction_A15010200H_000124)
[2026-08-18 19:52:19]    ✅ 成功抓到 7 筆時段
[2026-08-18 19:52:21] [4935/5921] 望夫石 (Attraction_A15010200H_000125)
[2026-08-18 19:52:30]    ✅ 成功抓到 7 筆時段
[2026-08-18 19:52:32] [4936/5921] 月鯉灣遊憩區 (Attraction_A15010200H_000126)
[2026-08-18 19:52:35]    ✅ 成功抓到 7 筆時段
[2026-08-18 19:52:37] [4937/5921] 大獅風景區 (Attraction_A15010200H_000127)
[2026-08-18 19:52:41]    ✅ 成功抓到 7 筆時段
[2026-08-18 19:52:43] [4938/5921] 龍埕 (Attraction_A15010200H_000128)
[2026-08-18 19:52:47]    ❌ 三種策略皆失敗
[2026-08-18 19:52:49] [4939/5921] 小台灣 (Attraction_A15010200H_000129)
[2026-08-18 19:52:52]    ✅ 成功抓到 7 筆時段
[2026-08-18 19:52:54] [4940/5921] 雙心石滬 (Attraction_A15010200H_000130)
[2026-08-18 19:52:59]    ❌ 三種策略皆失敗
[2026-08-18 19:52:59]    💾 存檔！已處理 4940/5921 | 成功 3404 | 失敗 1536
[2026-08-18 19:52:59]       資料庫共 5107 筆，其中 3547 筆有營業時間
[2026-08-18 19:52:59]       速度 4.2 筆/分鐘 | 預估剩餘 232 分鐘
[2026-08-18 19:53:01] [4941/5921] 南嶼城 (Attraction_A15010200H_000131)
[2026-08-18 19:53:04]    ✅ 成功抓到 7 筆時段
[2026-08-18 19:53:06] [4942/5921] 望安綠蠵龜觀光保育中心 (Attraction_A15010200H_000132)
[2026-08-18 19:53:10]    ✅ 成功抓到 7 筆時段
[2026-08-18 19:53:12] [4943/5921] 網垵口沙灘 (Attraction_A15010200H_000133)
[2026-08-18 19:53:15]    ✅ 成功抓到 7 筆時段
[2026-08-18 19:53:17] [4944/5921] 花宅聚落(中社村) (Attraction_A15010200H_000134)
[2026-08-18 19:53:21]    ✅ 成功抓到 7 筆時段
[2026-08-18 19:53:23] [4945/5921] 天台山 (Attraction_A15010200H_000135)
[2026-08-18 19:53:27]    ❌ 三種策略皆失敗
[2026-08-18 19:53:29] [4946/5921] 鴛鴦窟、藏軍洞 (Attraction_A15010200H_000136)
[2026-08-18 19:53:33]    ✅ 成功抓到 7 筆時段
[2026-08-18 19:53:35] [4947/5921] 將軍澳嶼 (Attraction_A15010200H_000137)
[2026-08-18 19:53:39]    ❌ 三種策略皆失敗
[2026-08-18 19:53:41] [4948/5921] 第一賓館 (Attraction_A15010200H_000138)
[2026-08-18 19:53:45]    ✅ 成功抓到 7 筆時段
[2026-08-18 19:53:47] [4949/5921] 澎湖廳憲兵隊 (Attraction_A15010200H_000139)
[2026-08-18 19:53:51]    ❌ 三種策略皆失敗
[2026-08-18 19:53:53] [4950/5921] 馬公金龜頭礮臺 (Attraction_A15010200H_000140)
[2026-08-18 19:53:57]    ✅ 成功抓到 7 筆時段
[2026-08-18 19:53:57]    💾 存檔！已處理 4950/5921 | 成功 3411 | 失敗 1539
[2026-08-18 19:53:57]       資料庫共 5117 筆，其中 3554 筆有營業時間
[2026-08-18 19:53:57]       速度 4.2 筆/分鐘 | 預估剩餘 229 分鐘
[2026-08-18 19:53:59] [4951/5921] 鯉魚潭 (Attraction_A15010300H_000001)
[2026-08-18 19:54:03]    ❌ 三種策略皆失敗
[2026-08-18 19:54:05] [4952/5921] 池南國家森林遊樂區 (Attraction_A15010300H_000003)
[2026-08-18 19:54:11]    (透過策略2成功)
[2026-08-18 19:54:11]    ✅ 成功抓到 7 筆時段
[2026-08-18 19:54:13] [4953/5921] 立川漁場 (Attraction_A15010300H_000009)
[2026-08-18 19:54:16]    ✅ 成功抓到 7 筆時段
[2026-08-18 19:54:18] [4954/5921] 新光兆豐休閒農場 (Attraction_A15010300H_000012)
[2026-08-18 19:54:23]    ❌ 三種策略皆失敗
[2026-08-18 19:54:25] [4955/5921] 鳳凰山莊(賽斯村) (Attraction_A15010300H_000014)
[2026-08-18 19:54:29]    ✅ 成功抓到 7 筆時段
[2026-08-18 19:54:31] [4956/5921] 箭瑛公園 (Attraction_A15010300H_000016)
[2026-08-18 19:54:34]    ✅ 成功抓到 7 筆時段
[2026-08-18 19:54:36] [4957/5921] 林田山林業文化園區 (Attraction_A15010300H_000017)
[2026-08-18 19:54:40]    ✅ 成功抓到 7 筆時段
[2026-08-18 19:54:42] [4958/5921] 太巴塱部落 (Attraction_A15010300H_000019)
[2026-08-18 19:54:46]    ❌ 三種策略皆失敗
[2026-08-18 19:54:48] [4959/5921] 花蓮觀光糖廠(光復糖廠) (Attraction_A15010300H_000020)
[2026-08-18 19:55:01]    ❌ 三種策略皆失敗
[2026-08-18 19:55:03] [4960/5921] 富源森林遊樂區 (Attraction_A15010300H_000023)
[2026-08-18 19:55:06]    ✅ 成功抓到 7 筆時段
[2026-08-18 19:55:06]    💾 存檔！已處理 4960/5921 | 成功 3417 | 失敗 1543
[2026-08-18 19:55:06]       資料庫共 5127 筆，其中 3560 筆有營業時間
[2026-08-18 19:55:06]       速度 4.2 筆/分鐘 | 預估剩餘 227 分鐘
[2026-08-18 19:55:08] [4961/5921] 鶴岡文旦觀光果園 (Attraction_A15010300H_000026)
[2026-08-18 19:55:14]    ❌ 三種策略皆失敗
[2026-08-18 19:55:16] [4962/5921] 瑞穗泛舟服務中心 (Attraction_A15010300H_000027)
[2026-08-18 19:55:21]    ❌ 三種策略皆失敗
[2026-08-18 19:55:23] [4963/5921] 舞鶴觀光茶園 (Attraction_A15010300H_000030)
[2026-08-18 19:55:27]    ❌ 三種策略皆失敗
[2026-08-18 19:55:29] [4964/5921] Satokoay (舞鶴)遺址 (Attraction_A15010300H_000031)
[2026-08-18 19:55:33]    ✅ 成功抓到 7 筆時段
[2026-08-18 19:55:35] [4965/5921] 北回歸線標誌公園 (Attraction_A15010300H_000032)
[2026-08-18 19:56:25]    ❌ 三種策略皆失敗
[2026-08-18 19:56:27] [4966/5921] 赤科山 (Attraction_A15010300H_000033)
[2026-08-18 19:57:04]    ❌ 三種策略皆失敗
[2026-08-18 19:57:06] [4967/5921] 南安瀑布 (Attraction_A15010300H_000035)
[2026-08-18 19:57:11]    ❌ 三種策略皆失敗
[2026-08-18 19:57:13] [4968/5921] 安通溫泉區 (Attraction_A15010300H_000036)
[2026-08-18 19:57:17]    ❌ 三種策略皆失敗
[2026-08-18 19:57:19] [4969/5921] 六十石山 (Attraction_A15010300H_000038)
[2026-08-18 19:57:24]    ❌ 三種策略皆失敗
[2026-08-18 19:57:26] [4970/5921] 羅山遊憩區 (Attraction_A15010300H_000039)
[2026-08-18 19:57:29]    ✅ 成功抓到 7 筆時段
[2026-08-18 19:57:29]    💾 存檔！已處理 4970/5921 | 成功 3419 | 失敗 1551
[2026-08-18 19:57:29]       資料庫共 5137 筆，其中 3562 筆有營業時間
[2026-08-18 19:57:29]       速度 4.2 筆/分鐘 | 預估剩餘 225 分鐘
[2026-08-18 19:57:31] [4971/5921] 小天祥 (Attraction_A15010300H_000040)
[2026-08-18 19:57:35]    ✅ 成功抓到 7 筆時段
[2026-08-18 19:57:37] [4972/5921] 大坡池 (Attraction_A15010300H_000041)
[2026-08-18 19:57:42]    ❌ 三種策略皆失敗
[2026-08-18 19:57:44] [4973/5921] 池上牧野渡假村 (Attraction_A15010300H_000044)
[2026-08-18 19:57:49]    ❌ 三種策略皆失敗
[2026-08-18 19:57:51] [4974/5921] 關山親水公園 (Attraction_A15010300H_000046)
[2026-08-18 19:57:55]    ✅ 成功抓到 7 筆時段
[2026-08-18 19:57:57] [4975/5921] 關山環鎮自行車道 (Attraction_A15010300H_000047)
[2026-08-18 19:58:03]    ✅ 成功抓到 7 筆時段
[2026-08-18 19:58:05] [4976/5921] 鹿野高台 (Attraction_A15010300H_000053)
[2026-08-18 19:58:13]    ✅ 成功抓到 7 筆時段
[2026-08-18 19:58:15] [4977/5921] 布農部落休閒農場 (Attraction_A15010300H_000055)
[2026-08-18 19:58:19]    ✅ 成功抓到 7 筆時段
[2026-08-18 19:58:21] [4978/5921] 紅葉少棒紀念館 (Attraction_A15010300H_000056)
[2026-08-18 19:58:25]    ✅ 成功抓到 7 筆時段
[2026-08-18 19:58:27] [4979/5921] 初鹿牧場 (Attraction_A15010300H_000058)
[2026-08-18 19:58:33]    (透過策略2成功)
[2026-08-18 19:58:33]    ✅ 成功抓到 7 筆時段
[2026-08-18 19:58:35] [4980/5921] 臺東原生應用植物園 (Attraction_A15010300H_000059)
[2026-08-18 19:58:38]    ✅ 成功抓到 7 筆時段
[2026-08-18 19:58:38]    💾 存檔！已處理 4980/5921 | 成功 3427 | 失敗 1553
[2026-08-18 19:58:38]       資料庫共 5147 筆，其中 3570 筆有營業時間
[2026-08-18 19:58:38]       速度 4.2 筆/分鐘 | 預估剩餘 222 分鐘
[2026-08-18 19:58:40] [4981/5921] 利吉惡地及小黃山 (Attraction_A15010300H_000060)
[2026-08-18 19:58:45]    ❌ 三種策略皆失敗
[2026-08-18 19:58:47] [4982/5921] 瑞穗牧場 (Attraction_A15010300H_000168)
[2026-08-18 19:58:51]    ❌ 三種策略皆失敗
[2026-08-18 19:58:53] [4983/5921] 霧鹿峽谷 (Attraction_A15010300H_000169)
[2026-08-18 19:58:57]    ✅ 成功抓到 7 筆時段
[2026-08-18 19:58:59] [4984/5921] 六口溫泉 (Attraction_A15010300H_000170)
[2026-08-18 19:59:02]    ✅ 成功抓到 7 筆時段
[2026-08-18 19:59:04] [4985/5921] 鸞山部落(森林博物館) (Attraction_A15010300H_000178)
[2026-08-18 19:59:08]    ✅ 成功抓到 7 筆時段
[2026-08-18 19:59:10] [4986/5921] 山里車站與山里教堂 (Attraction_A15010300H_000188)
[2026-08-18 19:59:16]    (透過策略2成功)
[2026-08-18 19:59:16]    ✅ 成功抓到 7 筆時段
[2026-08-18 19:59:18] [4987/5921] 鈺展苗圃（落羽松秘境） (Attraction_A15010300H_000189)
[2026-08-18 19:59:22]    ✅ 成功抓到 7 筆時段
[2026-08-18 19:59:24] [4988/5921] 雲山水植物農場 (Attraction_A15010300H_000190)
[2026-08-18 19:59:28]    ✅ 成功抓到 7 筆時段
[2026-08-18 19:59:30] [4989/5921] 興泉圳風鈴木 (Attraction_A15010300H_000191)
[2026-08-18 19:59:34]    ❌ 三種策略皆失敗
[2026-08-18 19:59:36] [4990/5921] 拉索埃生態園區 (Attraction_A15010300H_000192)
[2026-08-18 19:59:41]    ❌ 三種策略皆失敗
[2026-08-18 19:59:41]    💾 存檔！已處理 4990/5921 | 成功 3433 | 失敗 1557
[2026-08-18 19:59:41]       資料庫共 5157 筆，其中 3576 筆有營業時間
[2026-08-18 19:59:41]       速度 4.2 筆/分鐘 | 預估剩餘 219 分鐘
[2026-08-18 19:59:43] [4991/5921] 大農大富平地森林園區 (Attraction_A15010300H_000193)
[2026-08-18 19:59:52]    ✅ 成功抓到 7 筆時段
[2026-08-18 19:59:54] [4992/5921] 富興森林小火車 (Attraction_A15010300H_000194)
[2026-08-18 19:59:57]    ✅ 成功抓到 7 筆時段
[2026-08-18 19:59:59] [4993/5921] 東里車站與東里鐵馬驛站 (Attraction_A15010300H_000195)
[2026-08-18 20:00:04]    ❌ 三種策略皆失敗
[2026-08-18 20:00:06] [4994/5921] 玉富自行車道 (Attraction_A15010300H_000196)
[2026-08-18 20:00:12]    (透過策略2成功)
[2026-08-18 20:00:12]    ✅ 成功抓到 7 筆時段
[2026-08-18 20:00:14] [4995/5921] 伯朗大道 (Attraction_A15010300H_000197)
[2026-08-18 20:00:20]    策略1失敗，嘗試下一個...
[2026-08-18 20:01:19]    ❌ 三種策略皆失敗
[2026-08-18 20:01:21] [4996/5921] 武陵綠色隧道 (Attraction_A15010300H_000198)
[2026-08-18 20:01:27]    ✅ 成功抓到 7 筆時段
[2026-08-18 20:01:29] [4997/5921] 鹿野崑慈堂及鹿野神社 (Attraction_A15010300H_000200)
[2026-08-18 20:01:34]    ❌ 三種策略皆失敗
[2026-08-18 20:01:36] [4998/5921] 吉安慶修院 (Attraction_A15010300H_000201)
[2026-08-18 20:01:40]    ✅ 成功抓到 7 筆時段
[2026-08-18 20:01:42] [4999/5921] 吉利潭 (Attraction_A15010300H_000202)
[2026-08-18 20:01:54]    ✅ 成功抓到 7 筆時段
[2026-08-18 20:01:56] [5000/5921] 霧鹿砲台 (Attraction_A15010300H_000203)
[2026-08-18 20:02:01]    ✅ 成功抓到 7 筆時段
[2026-08-18 20:02:01]    💾 存檔！已處理 5000/5921 | 成功 3440 | 失敗 1560
[2026-08-18 20:02:01]       資料庫共 5167 筆，其中 3583 筆有營業時間
[2026-08-18 20:02:01]       速度 4.2 筆/分鐘 | 預估剩餘 217 分鐘
[2026-08-18 20:02:03] [5001/5921] 吉蒸牧場 (Attraction_A15010300H_000204)
[2026-08-18 20:03:41]    ❌ 三種策略皆失敗
[2026-08-18 20:03:43] [5002/5921] 鯉魚潭遊客中心 (Attraction_A15010300H_000205)
[2026-08-18 20:04:46]    (透過策略2成功)
[2026-08-18 20:04:46]    ✅ 成功抓到 7 筆時段
[2026-08-18 20:04:48] [5003/5921] 鶴岡遊客中心 (Attraction_A15010300H_000206)
[2026-08-18 20:04:53]    ❌ 三種策略皆失敗
[2026-08-18 20:04:55] [5004/5921] 羅山遊客中心 (Attraction_A15010300H_000207)
[2026-08-18 20:05:03]    ✅ 成功抓到 7 筆時段
[2026-08-18 20:05:05] [5005/5921] 鹿野遊客中心 (Attraction_A15010300H_000208)
[2026-08-18 20:05:09]    ✅ 成功抓到 7 筆時段
[2026-08-18 20:05:11] [5006/5921] 卑南遊客中心 (Attraction_A15010300H_000209)
[2026-08-18 20:05:14]    ✅ 成功抓到 7 筆時段
[2026-08-18 20:05:16] [5007/5921] 東華大學 (Attraction_A15010300H_000210)
[2026-08-18 20:05:20]    ✅ 成功抓到 7 筆時段
[2026-08-18 20:05:22] [5008/5921] 紅葉菸樓 (Attraction_A15010300H_000211)
[2026-08-18 20:05:27]    ❌ 三種策略皆失敗
[2026-08-18 20:05:29] [5009/5921] 馬太鞍休閒農業區 (Attraction_A15010300H_000212)
[2026-08-18 20:05:34]    ✅ 成功抓到 7 筆時段
[2026-08-18 20:05:36] [5010/5921] 羅山瀑布 (Attraction_A15010300H_000253)
[2026-08-18 20:06:00]    ✅ 成功抓到 7 筆時段
[2026-08-18 20:06:00]    💾 存檔！已處理 5010/5921 | 成功 3447 | 失敗 1563
[2026-08-18 20:06:00]       資料庫共 5177 筆，其中 3590 筆有營業時間
[2026-08-18 20:06:00]       速度 4.2 筆/分鐘 | 預估剩餘 215 分鐘
[2026-08-18 20:06:02] [5011/5921] 鳳林美術館(林榮遊憩區) (Attraction_A15010300H_000254)
[2026-08-18 20:06:06]    ✅ 成功抓到 7 筆時段
[2026-08-18 20:06:08] [5012/5921] 中興崗哨 (Attraction_A15010300H_000255)
[2026-08-18 20:06:11]    ✅ 成功抓到 7 筆時段
[2026-08-18 20:06:13] [5013/5921] 利吉旅遊資訊站 (Attraction_A15010300H_000265)
[2026-08-18 20:06:16]    ✅ 成功抓到 7 筆時段
[2026-08-18 20:06:18] [5014/5921] 東隆宮 (Attraction_A15010400H_000427)
[2026-08-18 20:06:25]    (透過策略2成功)
[2026-08-18 20:06:25]    ✅ 成功抓到 7 筆時段
[2026-08-18 20:06:27] [5015/5921] 人工溼地公園 (Attraction_A15010400H_000428)
[2026-08-18 20:07:31]    ❌ 三種策略皆失敗
[2026-08-18 20:07:33] [5016/5921] 大鵬灣遊客中心 (Attraction_A15010400H_000429)
[2026-08-18 20:07:41]    ✅ 成功抓到 7 筆時段
[2026-08-18 20:07:43] [5017/5921] 美人洞 (Attraction_A15010400H_000432)
[2026-08-18 20:07:52]    (透過策略2成功)
[2026-08-18 20:07:52]    ✅ 成功抓到 7 筆時段
[2026-08-18 20:07:54] [5018/5921] 白沙觀光港 (Attraction_A15010400H_000433)
[2026-08-18 20:08:06]    ❌ 三種策略皆失敗
[2026-08-18 20:08:08] [5019/5921] 大鵬灣國際休閒特區 (Attraction_A15010400H_000437)
[2026-08-18 20:08:15]    (透過策略2成功)
[2026-08-18 20:08:15]    ✅ 成功抓到 7 筆時段
[2026-08-18 20:08:17] [5020/5921] 崎峰濕地 (Attraction_A15010400H_000438)
[2026-08-18 20:08:20]    ✅ 成功抓到 7 筆時段
[2026-08-18 20:08:20]    💾 存檔！已處理 5020/5921 | 成功 3455 | 失敗 1565
[2026-08-18 20:08:20]       資料庫共 5187 筆，其中 3598 筆有營業時間
[2026-08-18 20:08:20]       速度 4.2 筆/分鐘 | 預估剩餘 213 分鐘
[2026-08-18 20:08:22] [5021/5921] 東港海鮮街 (Attraction_A15010400H_000439)
[2026-08-18 20:08:27]    ✅ 成功抓到 7 筆時段
[2026-08-18 20:08:29] [5022/5921] 鵬灣跨海大橋 (Attraction_A15010400H_000441)
[2026-08-18 20:08:32]    ✅ 成功抓到 7 筆時段
[2026-08-18 20:08:34] [5023/5921] 琉球管理站暨遊客中心 (Attraction_A15010400H_000449)
[2026-08-18 20:08:38]    ✅ 成功抓到 7 筆時段
[2026-08-18 20:08:40] [5024/5921] 多仔坪潮間帶 (Attraction_A15010400H_000451)
[2026-08-18 20:08:43]    ✅ 成功抓到 7 筆時段
[2026-08-18 20:08:45] [5025/5921] 潟湖 (Attraction_A15010400H_000457)
[2026-08-18 20:08:55]    ❌ 三種策略皆失敗
[2026-08-18 20:08:57] [5026/5921] 花瓶岩 (Attraction_A15010400H_000461)
[2026-08-18 20:09:02]    ❌ 三種策略皆失敗
[2026-08-18 20:09:04] [5027/5921] 山豬溝 (Attraction_A15010400H_000467)
[2026-08-18 20:09:09]    ❌ 三種策略皆失敗
[2026-08-18 20:09:11] [5028/5921] 蛤板灣沙灘 (Attraction_A15010400H_000469)
[2026-08-18 20:09:15]    ❌ 三種策略皆失敗
[2026-08-18 20:09:17] [5029/5921] 牡丹水庫 (Attraction_A15010400H_000471)
[2026-08-18 20:09:22]    ❌ 三種策略皆失敗
[2026-08-18 20:09:24] [5030/5921] 厚石裙礁 (Attraction_A15010400H_000475)
[2026-08-18 20:09:27]    ✅ 成功抓到 7 筆時段
[2026-08-18 20:09:27]    💾 存檔！已處理 5030/5921 | 成功 3460 | 失敗 1570
[2026-08-18 20:09:27]       資料庫共 5197 筆，其中 3603 筆有營業時間
[2026-08-18 20:09:27]       速度 4.2 筆/分鐘 | 預估剩餘 210 分鐘
[2026-08-18 20:09:30] [5031/5921] 東港魚市場 (Attraction_A15010400H_000480)
[2026-08-18 20:09:49]    ✅ 成功抓到 7 筆時段
[2026-08-18 20:09:51] [5032/5921] 大潭濕地 (Attraction_A15010400H_000482)
[2026-08-18 20:09:55]    ✅ 成功抓到 7 筆時段
[2026-08-18 20:09:57] [5033/5921] 鵬村濕地 (Attraction_A15010400H_000483)
[2026-08-18 20:10:01]    ❌ 三種策略皆失敗
[2026-08-18 20:10:03] [5034/5921] 白燈塔 (Attraction_A15010400H_000484)
[2026-08-18 20:10:07]    ✅ 成功抓到 7 筆時段
[2026-08-18 20:10:09] [5035/5921] 碧雲寺 (Attraction_A15010400H_000485)
[2026-08-18 20:10:20]    (透過策略2成功)
[2026-08-18 20:10:20]    ✅ 成功抓到 7 筆時段
[2026-08-18 20:10:22] [5036/5921] 大寮(大福)漁港 (Attraction_A15010400H_000487)
[2026-08-18 20:10:28]    ❌ 三種策略皆失敗
[2026-08-18 20:10:30] [5037/5921] 右岸濕地 (Attraction_A15010400H_000488)
[2026-08-18 20:10:34]    ✅ 成功抓到 7 筆時段
[2026-08-18 20:10:36] [5038/5921] 三隆宮 (Attraction_A15010400H_000489)
[2026-08-18 20:10:42]    (透過策略2成功)
[2026-08-18 20:10:42]    ✅ 成功抓到 7 筆時段
[2026-08-18 20:10:44] [5039/5921] 中澳沙灘 (Attraction_A15010400H_000490)
[2026-08-18 20:10:49]    ❌ 三種策略皆失敗
[2026-08-18 20:10:51] [5040/5921] 左岸溼地 (Attraction_A15010400H_000491)
[2026-08-18 20:10:54]    ✅ 成功抓到 7 筆時段
[2026-08-18 20:10:54]    💾 存檔！已處理 5040/5921 | 成功 3467 | 失敗 1573
[2026-08-18 20:10:54]       資料庫共 5207 筆，其中 3610 筆有營業時間
[2026-08-18 20:10:54]       速度 4.2 筆/分鐘 | 預估剩餘 207 分鐘
[2026-08-18 20:10:56] [5041/5921] 東港漁港漁產品直銷中心(原華僑市場) (Attraction_A15010400H_000492)
[2026-08-18 20:11:00]    ✅ 成功抓到 7 筆時段
[2026-08-18 20:11:02] [5042/5921] 青洲灣 (Attraction_A15010400H_000496)
[2026-08-18 20:11:06]    ✅ 成功抓到 7 筆時段
[2026-08-18 20:11:08] [5043/5921] 琉行之道 (Attraction_A15010400H_000498)
[2026-08-18 20:11:12]    ❌ 三種策略皆失敗
[2026-08-18 20:11:14] [5044/5921] 濱灣碼頭 (Attraction_A15010400H_000500)
[2026-08-18 20:11:23]    ✅ 成功抓到 7 筆時段
[2026-08-18 20:11:25] [5045/5921] 落日灣 (Attraction_A15010400H_000501)
[2026-08-18 20:11:28]    ✅ 成功抓到 7 筆時段
[2026-08-18 20:11:30] [5046/5921] 映霞橋亭 (Attraction_A15010400H_000502)
[2026-08-18 20:11:34]    ✅ 成功抓到 7 筆時段
[2026-08-18 20:11:36] [5047/5921] 潮口平台 (Attraction_A15010400H_000505)
[2026-08-18 20:11:41]    ✅ 成功抓到 7 筆時段
[2026-08-18 20:11:43] [5048/5921] 雲光島 (Attraction_A15010400H_000684)
[2026-08-18 20:11:47]    ✅ 成功抓到 7 筆時段
[2026-08-18 20:11:49] [5049/5921] 王船文化館 (Attraction_A15010400H_000704)
[2026-08-18 20:12:22]    ✅ 成功抓到 7 筆時段
[2026-08-18 20:12:24] [5050/5921] 白沙港 (Attraction_A15010500H_002657)
[2026-08-18 20:12:56]    (透過策略2成功)
[2026-08-18 20:12:56]    ✅ 成功抓到 7 筆時段
[2026-08-18 20:12:56]    💾 存檔！已處理 5050/5921 | 成功 3476 | 失敗 1574
[2026-08-18 20:12:56]       資料庫共 5217 筆，其中 3619 筆有營業時間
[2026-08-18 20:12:56]       速度 4.2 筆/分鐘 | 預估剩餘 205 分鐘
[2026-08-18 20:12:58] [5051/5921] 坂里沙灘 (Attraction_A15010500H_002658)
[2026-08-18 20:13:01]    ✅ 成功抓到 7 筆時段
[2026-08-18 20:13:03] [5052/5921] 北竿遊客中心 (Attraction_A15010500H_002659)
[2026-08-18 20:13:07]    ✅ 成功抓到 7 筆時段
[2026-08-18 20:13:09] [5053/5921] 碧園 (Attraction_A15010500H_002709)
[2026-08-18 20:13:15]    (透過策略2成功)
[2026-08-18 20:13:15]    ✅ 成功抓到 7 筆時段
[2026-08-18 20:13:17] [5054/5921] 壁山 (Attraction_A15010500H_002710)
[2026-08-18 20:13:21]    ❌ 三種策略皆失敗
[2026-08-18 20:13:23] [5055/5921] 芹壁聚落 (Attraction_A15010500H_002711)
[2026-08-18 20:13:27]    ❌ 三種策略皆失敗
[2026-08-18 20:13:29] [5056/5921] 龜島 (Attraction_A15010500H_002712)
[2026-08-18 20:13:34]    ❌ 三種策略皆失敗
[2026-08-18 20:13:36] [5057/5921] 橋仔聚落 (Attraction_A15010500H_002713)
[2026-08-18 20:13:39]    ✅ 成功抓到 7 筆時段
[2026-08-18 20:13:41] [5058/5921] 塘后道沙灘 (Attraction_A15010500H_002714)
[2026-08-18 20:13:50]    ✅ 成功抓到 7 筆時段
[2026-08-18 20:13:52] [5059/5921] 后澳村 (Attraction_A15010500H_002715)
[2026-08-18 20:13:56]    ❌ 三種策略皆失敗
[2026-08-18 20:13:58] [5060/5921] 戰爭和平紀念公園主題館 (Attraction_A15010500H_002716)
[2026-08-18 20:14:02]    ✅ 成功抓到 7 筆時段
[2026-08-18 20:14:02]    💾 存檔！已處理 5060/5921 | 成功 3482 | 失敗 1578
[2026-08-18 20:14:02]       資料庫共 5227 筆，其中 3625 筆有營業時間
[2026-08-18 20:14:02]       速度 4.3 筆/分鐘 | 預估剩餘 202 分鐘
[2026-08-18 20:14:04] [5061/5921] 螺山自然步道 (Attraction_A15010500H_002717)
[2026-08-18 20:14:07]    ✅ 成功抓到 7 筆時段
[2026-08-18 20:14:09] [5062/5921] 戰爭和平紀念公園 (Attraction_A15010500H_002718)
[2026-08-18 20:14:13]    ✅ 成功抓到 7 筆時段
[2026-08-18 20:14:15] [5063/5921] 三連嶼 (Attraction_A15010500H_002719)
[2026-08-18 20:14:19]    ❌ 三種策略皆失敗
[2026-08-18 20:14:21] [5064/5921] 大坵 (Attraction_A15010500H_002720)
[2026-08-18 20:14:31]    ❌ 三種策略皆失敗
[2026-08-18 20:14:33] [5065/5921] 八八坑道 (Attraction_A15010500H_002721)
[2026-08-18 20:14:36]    ✅ 成功抓到 7 筆時段
[2026-08-18 20:14:38] [5066/5921] 馬祖酒廠 (Attraction_A15010500H_002722)
[2026-08-18 20:14:49]    (透過策略2成功)
[2026-08-18 20:14:49]    ✅ 成功抓到 7 筆時段
[2026-08-18 20:14:51] [5067/5921] 牛角聚落 (Attraction_A15010500H_002723)
[2026-08-18 20:14:56]    ❌ 三種策略皆失敗
[2026-08-18 20:14:58] [5068/5921] 蔬菜公園 (Attraction_A15010500H_002724)
[2026-08-18 20:15:04]    (透過策略2成功)
[2026-08-18 20:15:04]    ✅ 成功抓到 7 筆時段
[2026-08-18 20:15:06] [5069/5921] 枕戈待旦紀念公園 (Attraction_A15010500H_002725)
[2026-08-18 20:15:09]    ✅ 成功抓到 7 筆時段
[2026-08-18 20:15:11] [5070/5921] 福清自行車道 (Attraction_A15010500H_002726)
[2026-08-18 20:15:14]    ✅ 成功抓到 7 筆時段
[2026-08-18 20:15:14]    💾 存檔！已處理 5070/5921 | 成功 3489 | 失敗 1581
[2026-08-18 20:15:14]       資料庫共 5237 筆，其中 3632 筆有營業時間
[2026-08-18 20:15:14]       速度 4.3 筆/分鐘 | 預估剩餘 200 分鐘
[2026-08-18 20:15:16] [5071/5921] 經國先生紀念堂 (Attraction_A15010500H_002728)
[2026-08-18 20:15:20]    ✅ 成功抓到 7 筆時段
[2026-08-18 20:15:22] [5072/5921] 馬祖境天后宮 (Attraction_A15010500H_002730)
[2026-08-18 20:15:25]    ✅ 成功抓到 7 筆時段
[2026-08-18 20:15:27] [5073/5921] 媽祖巨神像 (Attraction_A15010500H_002731)
[2026-08-18 20:15:31]    ✅ 成功抓到 7 筆時段
[2026-08-18 20:15:33] [5074/5921] 白馬文武大王廟 (Attraction_A15010500H_002732)
[2026-08-18 20:15:39]    ✅ 成功抓到 7 筆時段
[2026-08-18 20:15:41] [5075/5921] 四維村 (Attraction_A15010500H_002733)
[2026-08-18 20:15:46]    ❌ 三種策略皆失敗
[2026-08-18 20:15:48] [5076/5921] 秋桂亭 (Attraction_A15010500H_002734)
[2026-08-18 20:15:51]    ✅ 成功抓到 7 筆時段
[2026-08-18 20:15:53] [5077/5921] 勝天公園 (Attraction_A15010500H_002735)
[2026-08-18 20:15:57]    ✅ 成功抓到 7 筆時段
[2026-08-18 20:15:59] [5078/5921] 津沙聚落 (Attraction_A15010500H_002736)
[2026-08-18 20:16:03]    ❌ 三種策略皆失敗
[2026-08-18 20:16:05] [5079/5921] 津仁與馬港步道 (Attraction_A15010500H_002737)
[2026-08-18 20:16:09]    ✅ 成功抓到 7 筆時段
[2026-08-18 20:16:11] [5080/5921] 仁愛村(鐵板) (Attraction_A15010500H_002739)
[2026-08-18 20:16:18]    ❌ 三種策略皆失敗
[2026-08-18 20:16:18]    💾 存檔！已處理 5080/5921 | 成功 3496 | 失敗 1584
[2026-08-18 20:16:18]       資料庫共 5247 筆，其中 3639 筆有營業時間
[2026-08-18 20:16:18]       速度 4.3 筆/分鐘 | 預估剩餘 197 分鐘
[2026-08-18 20:16:20] [5081/5921] 金板境天后宮 (Attraction_A15010500H_002740)
[2026-08-18 20:16:26]    ❌ 三種策略皆失敗
[2026-08-18 20:16:28] [5082/5921] 南竿遊客中心 (Attraction_A15010500H_002741)
[2026-08-18 20:16:36]    ✅ 成功抓到 7 筆時段
[2026-08-18 20:16:38] [5083/5921] 南竿北海坑道 (Attraction_A15010500H_002742)
[2026-08-18 20:16:41]    ✅ 成功抓到 7 筆時段
[2026-08-18 20:16:43] [5084/5921] 大漢據點 (Attraction_A15010500H_002743)
[2026-08-18 20:16:47]    ✅ 成功抓到 7 筆時段
[2026-08-18 20:16:49] [5085/5921] 印地安人頭岩 (Attraction_A15010500H_002744)
[2026-08-18 20:16:52]    ✅ 成功抓到 7 筆時段
[2026-08-18 20:16:54] [5086/5921] 大砲連 (Attraction_A15010500H_002745)
[2026-08-18 20:16:59]    ❌ 三種策略皆失敗
[2026-08-18 20:17:01] [5087/5921] 藍眼淚生態館 (Attraction_A15010500H_002747)
[2026-08-18 20:17:04]    ✅ 成功抓到 7 筆時段
[2026-08-18 20:17:06] [5088/5921] 莒光遊客中心 (Attraction_A15010500H_002748)
[2026-08-18 20:17:09]    ✅ 成功抓到 7 筆時段
[2026-08-18 20:17:11] [5089/5921] 福正聚落 (Attraction_A15010500H_002749)
[2026-08-18 20:17:15]    ✅ 成功抓到 7 筆時段
[2026-08-18 20:17:17] [5090/5921] 福正沙灘 (Attraction_A15010500H_002750)
[2026-08-18 20:17:21]    ❌ 三種策略皆失敗
[2026-08-18 20:17:21]    💾 存檔！已處理 5090/5921 | 成功 3503 | 失敗 1587
[2026-08-18 20:17:21]       資料庫共 5257 筆，其中 3646 筆有營業時間
[2026-08-18 20:17:21]       速度 4.3 筆/分鐘 | 預估剩餘 195 分鐘
[2026-08-18 20:17:24] [5091/5921] 東犬燈塔(東莒島燈塔) (Attraction_A15010500H_002751)
[2026-08-18 20:17:27]    ✅ 成功抓到 7 筆時段
[2026-08-18 20:17:29] [5092/5921] 神祕小海灣 (Attraction_A15010500H_002752)
[2026-08-18 20:17:33]    ✅ 成功抓到 7 筆時段
[2026-08-18 20:17:35] [5093/5921] 大浦聚落 (Attraction_A15010500H_002753)
[2026-08-18 20:17:41]    策略1失敗，嘗試下一個...
[2026-08-18 20:17:47]    ❌ 三種策略皆失敗
[2026-08-18 20:17:49] [5094/5921] 熾坪隴考古遺址 (Attraction_A15010500H_002754)
[2026-08-18 20:18:35]    ❌ 三種策略皆失敗
[2026-08-18 20:18:37] [5095/5921] 魚路古道 (Attraction_A15010500H_002755)
[2026-08-18 20:19:18]    ❌ 三種策略皆失敗
[2026-08-18 20:19:20] [5096/5921] 大埔石刻 (Attraction_A15010500H_002756)
[2026-08-18 20:19:31]    (透過策略2成功)
[2026-08-18 20:19:31]    ✅ 成功抓到 7 筆時段
[2026-08-18 20:19:33] [5097/5921] 林坳嶼 (Attraction_A15010500H_002757)
[2026-08-18 20:20:13]    ❌ 三種策略皆失敗
[2026-08-18 20:20:15] [5098/5921] 中流嶼 (Attraction_A15010500H_002759)
[2026-08-18 20:20:25]    ❌ 三種策略皆失敗
[2026-08-18 20:20:27] [5099/5921] 青帆港 (Attraction_A15010500H_002760)
[2026-08-18 20:20:36]    ❌ 三種策略皆失敗
[2026-08-18 20:20:38] [5100/5921] 菜浦澳 (Attraction_A15010500H_002761)
[2026-08-18 20:20:44]    ✅ 成功抓到 7 筆時段
[2026-08-18 20:20:44]    💾 存檔！已處理 5100/5921 | 成功 3507 | 失敗 1593
[2026-08-18 20:20:44]       資料庫共 5267 筆，其中 3650 筆有營業時間
[2026-08-18 20:20:44]       速度 4.3 筆/分鐘 | 預估剩餘 193 分鐘
[2026-08-18 20:20:46] [5101/5921] 樂道澳 (Attraction_A15010500H_002762)
[2026-08-18 20:20:52]    ❌ 三種策略皆失敗
[2026-08-18 20:20:54] [5102/5921] 蛇山 (Attraction_A15010500H_002763)
[2026-08-18 20:21:03]    ✅ 成功抓到 7 筆時段
[2026-08-18 20:21:05] [5103/5921] 中柱港 (Attraction_A15010500H_002764)
[2026-08-18 20:21:25]    策略1失敗，嘗試下一個...
[2026-08-18 20:21:57]    ❌ 三種策略皆失敗
[2026-08-18 20:21:59] [5104/5921] 東引遊客中心 (Attraction_A15010500H_002765)
[2026-08-18 20:22:03]    ✅ 成功抓到 7 筆時段
[2026-08-18 20:22:05] [5105/5921] 忠誠門 (Attraction_A15010500H_002766)
[2026-08-18 20:22:15]    (透過策略2成功)
[2026-08-18 20:22:15]    ✅ 成功抓到 7 筆時段
[2026-08-18 20:22:17] [5106/5921] 海現龍闕 (Attraction_A15010500H_002768)
[2026-08-18 20:22:21]    ✅ 成功抓到 7 筆時段
[2026-08-18 20:22:23] [5107/5921] 馬祖酒廠東引展售中心 (Attraction_A15010500H_002769)
[2026-08-18 20:22:26]    ✅ 成功抓到 7 筆時段
[2026-08-18 20:22:28] [5108/5921] 安東坑道 (Attraction_A15010500H_002770)
[2026-08-18 20:22:33]    ❌ 三種策略皆失敗
[2026-08-18 20:22:35] [5109/5921] 燕秀潮音 (Attraction_A15010500H_002771)
[2026-08-18 20:22:39]    ✅ 成功抓到 7 筆時段
[2026-08-18 20:22:41] [5110/5921] 烈女義坑 (Attraction_A15010500H_002772)
[2026-08-18 20:22:44]    ✅ 成功抓到 7 筆時段
[2026-08-18 20:22:44]    💾 存檔！已處理 5110/5921 | 成功 3514 | 失敗 1596
[2026-08-18 20:22:44]       資料庫共 5277 筆，其中 3657 筆有營業時間
[2026-08-18 20:22:44]       速度 4.3 筆/分鐘 | 預估剩餘 190 分鐘
[2026-08-18 20:22:46] [5111/5921] 一線天 (Attraction_A15010500H_002773)
[2026-08-18 20:22:52]    (透過策略2成功)
[2026-08-18 20:22:52]    ✅ 成功抓到 7 筆時段
[2026-08-18 20:22:54] [5112/5921] 太白天聲 (Attraction_A15010500H_002774)
[2026-08-18 20:22:57]    ✅ 成功抓到 7 筆時段
[2026-08-18 20:22:59] [5113/5921] 東湧燈塔(東引島燈塔) (Attraction_A15010500H_002775)
[2026-08-18 20:23:05]    ✅ 成功抓到 7 筆時段
[2026-08-18 20:23:07] [5114/5921] 中柱島 (Attraction_A15010500H_002776)
[2026-08-18 20:24:01]    ❌ 三種策略皆失敗
[2026-08-18 20:24:03] [5115/5921] 感恩亭 (Attraction_A15010500H_002777)
[2026-08-18 20:24:24]    ✅ 成功抓到 7 筆時段
[2026-08-18 20:24:26] [5116/5921] 和尚看經 (Attraction_A15010500H_002778)
[2026-08-18 20:24:29]    ✅ 成功抓到 7 筆時段
[2026-08-18 20:24:31] [5117/5921] 靜伏鱷魚 (Attraction_A15010500H_002779)
[2026-08-18 20:24:35]    ✅ 成功抓到 7 筆時段
[2026-08-18 20:24:37] [5118/5921] 羅漢坪 (Attraction_A15010500H_002780)
[2026-08-18 20:24:41]    ✅ 成功抓到 7 筆時段
[2026-08-18 20:24:43] [5119/5921] 后澳 (Attraction_A15010500H_002781)
[2026-08-18 20:24:48]    ✅ 成功抓到 7 筆時段
[2026-08-18 20:24:50] [5120/5921] 國之北疆 (Attraction_A15010500H_002782)
[2026-08-18 20:24:55]    ✅ 成功抓到 7 筆時段
[2026-08-18 20:24:55]    💾 存檔！已處理 5120/5921 | 成功 3523 | 失敗 1597
[2026-08-18 20:24:55]       資料庫共 5287 筆，其中 3666 筆有營業時間
[2026-08-18 20:24:55]       速度 4.3 筆/分鐘 | 預估剩餘 188 分鐘
[2026-08-18 20:24:57] [5121/5921] 坤坵沙灘 (Attraction_A15010500H_002783)
[2026-08-18 20:25:03]    ✅ 成功抓到 7 筆時段
[2026-08-18 20:25:05] [5122/5921] 東洋山步道 (Attraction_A15010500H_002784)
[2026-08-18 20:25:10]    ✅ 成功抓到 7 筆時段
[2026-08-18 20:25:12] [5123/5921] 西牛嶼 (Attraction_A15010500H_002785)
[2026-08-18 20:25:19]    ✅ 成功抓到 7 筆時段
[2026-08-18 20:25:21] [5124/5921] 官帽山地質景觀步道 (Attraction_A15010500H_002786)
[2026-08-18 20:25:30]    ❌ 三種策略皆失敗
[2026-08-18 20:25:32] [5125/5921] 津沙境天后宮 (Attraction_A15010500H_002787)
[2026-08-18 20:25:37]    ✅ 成功抓到 7 筆時段
[2026-08-18 20:25:39] [5126/5921] 雲臺山 (Attraction_A15010500H_002789)
[2026-08-18 20:25:51]    ❌ 三種策略皆失敗
[2026-08-18 20:25:53] [5127/5921] 鐵堡 (Attraction_A15010500H_002790)
[2026-08-18 20:26:02]    ✅ 成功抓到 7 筆時段
[2026-08-18 20:26:04] [5128/5921] 勝利山莊 (Attraction_A15010500H_002791)
[2026-08-18 20:26:09]    ✅ 成功抓到 7 筆時段
[2026-08-18 20:26:11] [5129/5921] 經國先生紀念館 (Attraction_A15010500H_002792)
[2026-08-18 20:26:16]    ✅ 成功抓到 7 筆時段
[2026-08-18 20:26:18] [5130/5921] 馬祖民俗文物館 (Attraction_A15010500H_002793)
[2026-08-18 20:26:23]    ✅ 成功抓到 7 筆時段
[2026-08-18 20:26:23]    💾 存檔！已處理 5130/5921 | 成功 3531 | 失敗 1599
[2026-08-18 20:26:23]       資料庫共 5297 筆，其中 3674 筆有營業時間
[2026-08-18 20:26:23]       速度 4.3 筆/分鐘 | 預估剩餘 185 分鐘
[2026-08-18 20:26:25] [5131/5921] 世尾山步道 (Attraction_A15010500H_002794)
[2026-08-18 20:26:37]    ❌ 三種策略皆失敗
[2026-08-18 20:26:39] [5132/5921] 東海雄風 (Attraction_A15010500H_002795)
[2026-08-18 20:26:47]    ❌ 三種策略皆失敗
[2026-08-18 20:26:49] [5133/5921] 竹石園生態渡假會館 (Attraction_A15010600H_000001)
[2026-08-18 20:26:56]    ❌ 三種策略皆失敗
[2026-08-18 20:26:58] [5134/5921] 木生昆蟲博物館 (Attraction_A15010600H_000002)
[2026-08-18 20:27:02]    ✅ 成功抓到 7 筆時段
[2026-08-18 20:27:04] [5135/5921] 牛耳藝術渡假村 (Attraction_A15010600H_000003)
[2026-08-18 20:27:12]    ❌ 三種策略皆失敗
[2026-08-18 20:27:14] [5136/5921] 紙教堂新故鄉見學園區 (Attraction_A15010600H_000004)
[2026-08-18 20:27:21]    (透過策略2成功)
[2026-08-18 20:27:21]    ✅ 成功抓到 7 筆時段
[2026-08-18 20:27:23] [5137/5921] 集集攔河堰 (Attraction_A15010600H_000006)
[2026-08-18 20:27:27]    ❌ 三種策略皆失敗
[2026-08-18 20:27:29] [5138/5921] 明新書院 (Attraction_A15010600H_000007)
[2026-08-18 20:27:32]    ✅ 成功抓到 7 筆時段
[2026-08-18 20:27:34] [5139/5921] 土亭仔步道 (Attraction_A15010600H_000008)
[2026-08-18 20:27:38]    ✅ 成功抓到 7 筆時段
[2026-08-18 20:27:40] [5140/5921] 大竹湖步道 (Attraction_A15010600H_000010)
[2026-08-18 20:27:48]    ✅ 成功抓到 7 筆時段
[2026-08-18 20:27:48]    💾 存檔！已處理 5140/5921 | 成功 3536 | 失敗 1604
[2026-08-18 20:27:48]       資料庫共 5307 筆，其中 3679 筆有營業時間
[2026-08-18 20:27:48]       速度 4.3 筆/分鐘 | 預估剩餘 183 分鐘
[2026-08-18 20:27:50] [5141/5921] 國立暨南國際大學 (Attraction_A15010600H_000011)
[2026-08-18 20:29:25]    ✅ 成功抓到 7 筆時段
[2026-08-18 20:29:27] [5142/5921] 頭社自行車道 (Attraction_A15010600H_000012)
[2026-08-18 20:29:31]    ✅ 成功抓到 7 筆時段
[2026-08-18 20:29:33] [5143/5921] 九族文化村 (Attraction_A15010600H_000013)
[2026-08-18 20:29:37]    ✅ 成功抓到 7 筆時段
[2026-08-18 20:29:39] [5144/5921] 玄光寺 (Attraction_A15010600H_000014)
[2026-08-18 20:29:43]    ❌ 三種策略皆失敗
[2026-08-18 20:29:45] [5145/5921] 明潭發電廠 (Attraction_A15010600H_000015)
[2026-08-18 20:29:51]    (透過策略2成功)
[2026-08-18 20:29:51]    ✅ 成功抓到 7 筆時段
[2026-08-18 20:29:53] [5146/5921] 廣興紙寮 (Attraction_A15010600H_000016)
[2026-08-18 20:29:57]    ❌ 三種策略皆失敗
[2026-08-18 20:29:59] [5147/5921] 親手窯 (Attraction_A15010600H_000017)
[2026-08-18 20:30:03]    ✅ 成功抓到 7 筆時段
[2026-08-18 20:30:05] [5148/5921] 日月潭自行車道-向山段 (Attraction_A15010600H_000018)
[2026-08-18 20:30:09]    ❌ 三種策略皆失敗
[2026-08-18 20:30:11] [5149/5921] 敲敲木工房 (Attraction_A15010600H_000019)
[2026-08-18 20:30:15]    ✅ 成功抓到 7 筆時段
[2026-08-18 20:30:17] [5150/5921] 松柏崙步道 / 挑鹽古道 (Attraction_A15010600H_000020)
[2026-08-18 20:30:21]    ❌ 三種策略皆失敗
[2026-08-18 20:30:21]    💾 存檔！已處理 5150/5921 | 成功 3542 | 失敗 1608
[2026-08-18 20:30:21]       資料庫共 5317 筆，其中 3685 筆有營業時間
[2026-08-18 20:30:21]       速度 4.3 筆/分鐘 | 預估剩餘 181 分鐘
[2026-08-18 20:30:23] [5151/5921] 車埕木業展示館 (Attraction_A15010600H_000022)
[2026-08-18 20:30:27]    ✅ 成功抓到 7 筆時段
[2026-08-18 20:30:29] [5152/5921] 內湖山步道 (Attraction_A15010600H_000023)
[2026-08-18 20:30:33]    ✅ 成功抓到 7 筆時段
[2026-08-18 20:30:35] [5153/5921] 大觀發電廠 (Attraction_A15010600H_000025)
[2026-08-18 20:30:38]    ✅ 成功抓到 7 筆時段
[2026-08-18 20:30:40] [5154/5921] 生物多樣性研究所保育教育館 (Attraction_A15010600H_000028)
[2026-08-18 20:30:45]    ❌ 三種策略皆失敗
[2026-08-18 20:30:47] [5155/5921] 雙龍七彩吊橋園區 (Attraction_A15010600H_000029)
[2026-08-18 20:30:50]    ✅ 成功抓到 7 筆時段
[2026-08-18 20:30:52] [5156/5921] 造紙龍手創館 (Attraction_A15010600H_000030)
[2026-08-18 20:30:55]    ✅ 成功抓到 7 筆時段
[2026-08-18 20:30:57] [5157/5921] 九龍口大平台 (Attraction_A15010600H_000031)
[2026-08-18 20:31:01]    ✅ 成功抓到 7 筆時段
[2026-08-18 20:31:03] [5158/5921] 向山眺望平台 (Attraction_A15010600H_000032)
[2026-08-18 20:31:06]    ✅ 成功抓到 7 筆時段
[2026-08-18 20:31:08] [5159/5921] 文武廟 (Attraction_A15010600H_000033)
[2026-08-18 20:31:17]    ✅ 成功抓到 7 筆時段
[2026-08-18 20:31:19] [5160/5921] 頭社後尖山步道 (Attraction_A15010600H_000034)
[2026-08-18 20:31:23]    ✅ 成功抓到 7 筆時段
[2026-08-18 20:31:23]    💾 存檔！已處理 5160/5921 | 成功 3551 | 失敗 1609
[2026-08-18 20:31:23]       資料庫共 5327 筆，其中 3694 筆有營業時間
[2026-08-18 20:31:23]       速度 4.3 筆/分鐘 | 預估剩餘 178 分鐘
[2026-08-18 20:31:25] [5161/5921] 澀水窯 (Attraction_A15010600H_000035)
[2026-08-18 20:31:30]    ❌ 三種策略皆失敗
[2026-08-18 20:31:32] [5162/5921] 集集自行車道-綠色隧道段 (Attraction_A15010600H_000036)
[2026-08-18 20:31:36]    ❌ 三種策略皆失敗
[2026-08-18 20:31:38] [5163/5921] 車埕遊憩區 (Attraction_A15010600H_000038)
[2026-08-18 20:31:42]    ❌ 三種策略皆失敗
[2026-08-18 20:31:44] [5164/5921] 啟示玄機院孔明廟 (Attraction_A15010600H_000039)
[2026-08-18 20:31:48]    ✅ 成功抓到 7 筆時段
[2026-08-18 20:31:50] [5165/5921] 醒靈寺 (Attraction_A15010600H_000041)
[2026-08-18 20:31:53]    ✅ 成功抓到 7 筆時段
[2026-08-18 20:31:55] [5166/5921] 玄奘寺 (Attraction_A15010600H_000043)
[2026-08-18 20:32:00]    ❌ 三種策略皆失敗
[2026-08-18 20:32:02] [5167/5921] 集集火車站 (Attraction_A15010600H_000046)
[2026-08-18 20:32:08]    ❌ 三種策略皆失敗
[2026-08-18 20:32:10] [5168/5921] 年梯步道 (Attraction_A15010600H_000048)
[2026-08-18 20:32:14]    ✅ 成功抓到 7 筆時段
[2026-08-18 20:32:16] [5169/5921] 大雁休閒農業區 (Attraction_A15010600H_000050)
[2026-08-18 20:32:21]    ❌ 三種策略皆失敗
[2026-08-18 20:32:23] [5170/5921] 頭社活盆地 (Attraction_A15010600H_000051)
[2026-08-18 20:32:30]    ❌ 三種策略皆失敗
[2026-08-18 20:32:30]    💾 存檔！已處理 5170/5921 | 成功 3554 | 失敗 1616
[2026-08-18 20:32:30]       資料庫共 5337 筆，其中 3697 筆有營業時間
[2026-08-18 20:32:30]       速度 4.3 筆/分鐘 | 預估剩餘 176 分鐘
[2026-08-18 20:32:32] [5171/5921] 日月潭自行車道-月潭段 (Attraction_A15010600H_000052)
[2026-08-18 20:32:40]    ✅ 成功抓到 7 筆時段
[2026-08-18 20:32:42] [5172/5921] 拉魯島/看見拉魯平台 (Attraction_A15010600H_000054)
[2026-08-18 20:32:48]    ❌ 三種策略皆失敗
[2026-08-18 20:32:50] [5173/5921] 埔里酒廠 (Attraction_A15010600H_000055)
[2026-08-18 20:32:55]    ❌ 三種策略皆失敗
[2026-08-18 20:32:57] [5174/5921] 青龍山步道 (Attraction_A15010600H_000056)
[2026-08-18 20:33:01]    ❌ 三種策略皆失敗
[2026-08-18 20:33:03] [5175/5921] 日月潭纜車站 (Attraction_A15010600H_000058)
[2026-08-18 20:33:08]    ❌ 三種策略皆失敗
[2026-08-18 20:33:10] [5176/5921] 添興窯陶藝村 (Attraction_A15010600H_000062)
[2026-08-18 20:33:13]    ✅ 成功抓到 7 筆時段
[2026-08-18 20:33:15] [5177/5921] 貓囒山步道 (Attraction_A15010600H_000064)
[2026-08-18 20:33:23]    ✅ 成功抓到 7 筆時段
[2026-08-18 20:33:25] [5178/5921] 龍鳳宮 (Attraction_A15010600H_000066)
[2026-08-18 20:33:31]    (透過策略2成功)
[2026-08-18 20:33:31]    ✅ 成功抓到 7 筆時段
[2026-08-18 20:33:33] [5179/5921] 伊達邵遊客中心 (Attraction_A15010600H_000067)
[2026-08-18 20:33:37]    ✅ 成功抓到 7 筆時段
[2026-08-18 20:33:39] [5180/5921] 武昌宮 (Attraction_A15010600H_000068)
[2026-08-18 20:33:42]    ✅ 成功抓到 7 筆時段
[2026-08-18 20:33:42]    💾 存檔！已處理 5180/5921 | 成功 3560 | 失敗 1620
[2026-08-18 20:33:42]       資料庫共 5347 筆，其中 3703 筆有營業時間
[2026-08-18 20:33:42]       速度 4.3 筆/分鐘 | 預估剩餘 173 分鐘
[2026-08-18 20:33:44] [5181/5921] 伊達邵親水步道 (Attraction_A15010600H_000069)
[2026-08-18 20:33:48]    ✅ 成功抓到 7 筆時段
[2026-08-18 20:33:50] [5182/5921] 三聖宮 (Attraction_A15010600H_000071)
[2026-08-18 20:33:57]    (透過策略2成功)
[2026-08-18 20:33:57]    ✅ 成功抓到 7 筆時段
[2026-08-18 20:33:59] [5183/5921] 梅荷園 (Attraction_A15010600H_000073)
[2026-08-18 20:34:02]    ✅ 成功抓到 7 筆時段
[2026-08-18 20:34:04] [5184/5921] 寶湖宮天地堂地母廟 (Attraction_A15010600H_000074)
[2026-08-18 20:34:13]    ✅ 成功抓到 7 筆時段
[2026-08-18 20:34:15] [5185/5921] 水蛙頭步道(九蛙) (Attraction_A15010600H_000075)
[2026-08-18 20:34:18]    ✅ 成功抓到 7 筆時段
[2026-08-18 20:34:20] [5186/5921] 桃米休閒農業區 (Attraction_A15010600H_000076)
[2026-08-18 20:34:24]    ✅ 成功抓到 7 筆時段
[2026-08-18 20:34:26] [5187/5921] 埔里遊客中心 (Attraction_A15010600H_000077)
[2026-08-18 20:34:29]    ✅ 成功抓到 7 筆時段
[2026-08-18 20:34:31] [5188/5921] 向山行政暨遊客中心 (Attraction_A15010600H_000078)
[2026-08-18 20:34:35]    ✅ 成功抓到 7 筆時段
[2026-08-18 20:34:37] [5189/5921] 涵碧文學步道 (Attraction_A15010600H_000079)
[2026-08-18 20:34:40]    ✅ 成功抓到 7 筆時段
[2026-08-18 20:34:42] [5190/5921] 見晶宮 (Attraction_A15010600H_000081)
[2026-08-18 20:34:47]    ❌ 三種策略皆失敗
[2026-08-18 20:34:47]    💾 存檔！已處理 5190/5921 | 成功 3569 | 失敗 1621
[2026-08-18 20:34:47]       資料庫共 5357 筆，其中 3712 筆有營業時間
[2026-08-18 20:34:47]       速度 4.3 筆/分鐘 | 預估剩餘 171 分鐘
[2026-08-18 20:34:49] [5191/5921] 林班道商圈 (Attraction_A15010600H_000082)
[2026-08-18 20:35:00]    (透過策略2成功)
[2026-08-18 20:35:00]    ✅ 成功抓到 7 筆時段
[2026-08-18 20:35:02] [5192/5921] 車埕遊客中心 (Attraction_A15010600H_000083)
[2026-08-18 20:35:05]    ✅ 成功抓到 7 筆時段
[2026-08-18 20:35:07] [5193/5921] 中台禪寺 (Attraction_A15010600H_000084)
[2026-08-18 20:35:16]    ✅ 成功抓到 7 筆時段
[2026-08-18 20:35:18] [5194/5921] 銃櫃天寶堂 (Attraction_A15010600H_000085)
[2026-08-18 20:35:23]    ❌ 三種策略皆失敗
[2026-08-18 20:35:25] [5195/5921] 水里蛇窯陶藝文化園區 (Attraction_A15010600H_000087)
[2026-08-18 20:35:29]    ✅ 成功抓到 7 筆時段
[2026-08-18 20:35:31] [5196/5921] 恆吉宮媽祖廟 (Attraction_A15010600H_000088)
[2026-08-18 20:35:34]    ✅ 成功抓到 7 筆時段
[2026-08-18 20:35:36] [5197/5921] 慈恩塔 /慈恩塔步道 (Attraction_A15010600H_000089)
[2026-08-18 20:35:40]    ❌ 三種策略皆失敗
[2026-08-18 20:35:42] [5198/5921] 水社大山登山步道 (Attraction_A15010600H_000090)
[2026-08-18 20:35:46]    ✅ 成功抓到 7 筆時段
[2026-08-18 20:35:48] [5199/5921] 龍南天然漆博物館 (Attraction_A15010600H_000092)
[2026-08-18 20:35:52]    ✅ 成功抓到 7 筆時段
[2026-08-18 20:35:54] [5200/5921] 禮來居-桃米塾 (Attraction_A15010600H_000093)
[2026-08-18 20:36:11]    ❌ 三種策略皆失敗
[2026-08-18 20:36:11]    💾 存檔！已處理 5200/5921 | 成功 3576 | 失敗 1624
[2026-08-18 20:36:11]       資料庫共 5367 筆，其中 3719 筆有營業時間
[2026-08-18 20:36:11]       速度 4.3 筆/分鐘 | 預估剩餘 168 分鐘
[2026-08-18 20:36:13] [5201/5921] 金龍山 (Attraction_A15010600H_000094)
[2026-08-18 20:36:18]    ❌ 三種策略皆失敗
[2026-08-18 20:36:20] [5202/5921] 三育基督學院 (Attraction_A15010600H_000095)
[2026-08-18 20:36:24]    ✅ 成功抓到 7 筆時段
[2026-08-18 20:36:26] [5203/5921] 日月老茶廠 (Attraction_A15010600H_000096)
[2026-08-18 20:36:34]    ✅ 成功抓到 7 筆時段
[2026-08-18 20:36:36] [5204/5921] 日月潭耶穌堂 (Attraction_A15010600H_000097)
[2026-08-18 20:36:40]    ✅ 成功抓到 7 筆時段
[2026-08-18 20:36:42] [5205/5921] 農業部林業試驗所蓮華池研究中心 (Attraction_A15010600H_000098)
[2026-08-18 20:36:45]    ✅ 成功抓到 7 筆時段
[2026-08-18 20:36:47] [5206/5921] 溢水吐/溢流井 (Attraction_A15010600H_000099)
[2026-08-18 20:36:52]    ❌ 三種策略皆失敗
[2026-08-18 20:36:54] [5207/5921] 水社壩 (Attraction_A15010600H_000100)
[2026-08-18 20:36:57]    ✅ 成功抓到 7 筆時段
[2026-08-18 20:36:59] [5208/5921] 婚紗廣場/向山落羽松 (Attraction_A15010600H_000101)
[2026-08-18 20:37:04]    ❌ 三種策略皆失敗
[2026-08-18 20:37:06] [5209/5921] 永結同心橋 (Attraction_A15010600H_000102)
[2026-08-18 20:37:10]    ❌ 三種策略皆失敗
[2026-08-18 20:37:12] [5210/5921] 月牙灣/頭社壩 (Attraction_A15010600H_000103)
[2026-08-18 20:37:19]    ❌ 三種策略皆失敗
[2026-08-18 20:37:19]    💾 存檔！已處理 5210/5921 | 成功 3581 | 失敗 1629
[2026-08-18 20:37:19]       資料庫共 5377 筆，其中 3724 筆有營業時間
[2026-08-18 20:37:19]       速度 4.3 筆/分鐘 | 預估剩餘 166 分鐘
[2026-08-18 20:37:22] [5211/5921] 集集軍史公園 (Attraction_A15010600H_000104)
[2026-08-18 20:37:25]    ✅ 成功抓到 7 筆時段
[2026-08-18 20:37:27] [5212/5921] 泰順廊橋 (Attraction_A15010600H_000105)
[2026-08-18 20:37:31]    ✅ 成功抓到 7 筆時段
[2026-08-18 20:37:33] [5213/5921] 樟腦出張所 (Attraction_A15010600H_000106)
[2026-08-18 20:37:37]    ❌ 三種策略皆失敗
[2026-08-18 20:37:39] [5214/5921] 集元果觀光工廠 (Attraction_A15010600H_000107)
[2026-08-18 20:37:43]    ✅ 成功抓到 7 筆時段
[2026-08-18 20:37:45] [5215/5921] 化及蠻貊石碣 (Attraction_A15010600H_000108)
[2026-08-18 20:37:48]    ✅ 成功抓到 7 筆時段
[2026-08-18 20:37:50] [5216/5921] 大眾爺祠(大樟樹) (Attraction_A15010600H_000109)
[2026-08-18 20:37:54]    ✅ 成功抓到 7 筆時段
[2026-08-18 20:37:56] [5217/5921] 開闢鴻荒石碣 (Attraction_A15010600H_000110)
[2026-08-18 20:37:59]    ✅ 成功抓到 7 筆時段
[2026-08-18 20:38:01] [5218/5921] 水里親水公園 (Attraction_A15010600H_000111)
[2026-08-18 20:38:06]    ❌ 三種策略皆失敗
[2026-08-18 20:38:08] [5219/5921] 車埕鐵道觀光小學堂 (Attraction_A15010600H_000112)
[2026-08-18 20:38:11]    ✅ 成功抓到 7 筆時段
[2026-08-18 20:38:13] [5220/5921] 車埕火車站 (Attraction_A15010600H_000113)
[2026-08-18 20:38:18]    ❌ 三種策略皆失敗
[2026-08-18 20:38:18]    💾 存檔！已處理 5220/5921 | 成功 3588 | 失敗 1632
[2026-08-18 20:38:18]       資料庫共 5387 筆，其中 3731 筆有營業時間
[2026-08-18 20:38:18]       速度 4.3 筆/分鐘 | 預估剩餘 163 分鐘
[2026-08-18 20:38:20] [5221/5921] 車埕貯木池 (Attraction_A15010600H_000114)
[2026-08-18 20:38:23]    ✅ 成功抓到 7 筆時段
[2026-08-18 20:38:25] [5222/5921] 石觀音吉仙宮 (Attraction_A15010600H_000115)
[2026-08-18 20:38:30]    ❌ 三種策略皆失敗
[2026-08-18 20:38:32] [5223/5921] 二坪山 (Attraction_A15010600H_000116)
[2026-08-18 20:38:38]    (透過策略2成功)
[2026-08-18 20:38:38]    ✅ 成功抓到 7 筆時段
[2026-08-18 20:38:40] [5224/5921] 頭社水庫生態步道 (Attraction_A15010600H_000117)
[2026-08-18 20:38:44]    ❌ 三種策略皆失敗
[2026-08-18 20:38:46] [5225/5921] 伊達邵文物館 (Attraction_A15010600H_000120)
[2026-08-18 20:38:57]    (透過策略2成功)
[2026-08-18 20:38:57]    ✅ 成功抓到 7 筆時段
[2026-08-18 20:38:59] [5226/5921] 達瑪巒文化藝術團劇場 (Attraction_A15010600H_000123)
[2026-08-18 20:39:03]    ✅ 成功抓到 7 筆時段
[2026-08-18 20:39:05] [5227/5921] 土虱灣 (Attraction_A15010600H_000124)
[2026-08-18 20:39:09]    ✅ 成功抓到 7 筆時段
[2026-08-18 20:39:11] [5228/5921] 虎頭山地理中心碑園區 (Attraction_A15010600H_000128)
[2026-08-18 20:39:19]    ✅ 成功抓到 7 筆時段
[2026-08-18 20:39:21] [5229/5921] 最佳主茭腳白筍農場 (Attraction_A15010600H_000129)
[2026-08-18 20:39:26]    ❌ 三種策略皆失敗
[2026-08-18 20:39:28] [5230/5921] 日月潭自行車道-環潭路線 (Attraction_A15010600H_000134)
[2026-08-18 20:39:33]    ❌ 三種策略皆失敗
[2026-08-18 20:39:33]    💾 存檔！已處理 5230/5921 | 成功 3594 | 失敗 1636
[2026-08-18 20:39:33]       資料庫共 5397 筆，其中 3737 筆有營業時間
[2026-08-18 20:39:33]       速度 4.3 筆/分鐘 | 預估剩餘 161 分鐘
[2026-08-18 20:39:35] [5231/5921] 日月潭自行車道-伊達邵段 (Attraction_A15010600H_000135)
[2026-08-18 20:39:38]    ✅ 成功抓到 7 筆時段
[2026-08-18 20:39:40] [5232/5921] 日月潭自行車道-松柏崙段 (Attraction_A15010600H_000136)
[2026-08-18 20:39:45]    ❌ 三種策略皆失敗
[2026-08-18 20:39:47] [5233/5921] 日月潭自行車道-水社段 (Attraction_A15010600H_000137)
[2026-08-18 20:39:52]    ❌ 三種策略皆失敗
[2026-08-18 20:39:54] [5234/5921] 日月潭自行車道-潭南段 (Attraction_A15010600H_000138)
[2026-08-18 20:39:59]    ❌ 三種策略皆失敗
[2026-08-18 20:40:01] [5235/5921] 集集自行車道-環鎮車道 (Attraction_A15010600H_000139)
[2026-08-18 20:40:06]    ❌ 三種策略皆失敗
[2026-08-18 20:40:08] [5236/5921] 水里自行車道-車埕至水里線 (Attraction_A15010600H_000140)
[2026-08-18 20:40:13]    ❌ 三種策略皆失敗
[2026-08-18 20:40:15] [5237/5921] 水里自行車道-水里水岸線 (Attraction_A15010600H_000141)
[2026-08-18 20:40:25]    ❌ 三種策略皆失敗
[2026-08-18 20:40:27] [5238/5921] 玄光碼頭 (Attraction_A15010600H_000146)
[2026-08-18 20:40:31]    ❌ 三種策略皆失敗
[2026-08-18 20:40:33] [5239/5921] 朝霧碼頭 (Attraction_A15010600H_000147)
[2026-08-18 20:40:43]    ❌ 三種策略皆失敗
[2026-08-18 20:40:45] [5240/5921] 水社碼頭 (Attraction_A15010600H_000148)
[2026-08-18 20:40:49]    ❌ 三種策略皆失敗
[2026-08-18 20:40:49]    💾 存檔！已處理 5240/5921 | 成功 3595 | 失敗 1645
[2026-08-18 20:40:49]       資料庫共 5407 筆，其中 3738 筆有營業時間
[2026-08-18 20:40:49]       速度 4.3 筆/分鐘 | 預估剩餘 158 分鐘
[2026-08-18 20:40:51] [5241/5921] 伊達邵碼頭 (Attraction_A15010600H_000149)
[2026-08-18 20:40:56]    ❌ 三種策略皆失敗
[2026-08-18 20:40:58] [5242/5921] 景石 (Attraction_A15010600H_000151)
[2026-08-18 20:41:06]    ✅ 成功抓到 7 筆時段
[2026-08-18 20:41:08] [5243/5921] 大福神 (Attraction_A15010600H_000152)
[2026-08-18 20:41:13]    ❌ 三種策略皆失敗
[2026-08-18 20:41:15] [5244/5921] 中台世界博物館 (Attraction_A15010600H_000153)
[2026-08-18 20:41:26]    (透過策略2成功)
[2026-08-18 20:41:26]    ✅ 成功抓到 7 筆時段
[2026-08-18 20:41:28] [5245/5921] 水社商圈 (Attraction_A15010600H_000154)
[2026-08-18 20:41:33]    ❌ 三種策略皆失敗
[2026-08-18 20:41:35] [5246/5921] 波尼亞灣(原特色遊學中心) (Attraction_A15010600H_000156)
[2026-08-18 20:41:38]    ✅ 成功抓到 7 筆時段
[2026-08-18 20:41:40] [5247/5921] 十二寮步道(五號登山口暫停開放) (Attraction_A15010700H_000001)
[2026-08-18 20:41:49]    ✅ 成功抓到 7 筆時段
[2026-08-18 20:41:51] [5248/5921] 石壁染織工坊 (Attraction_A15010700H_000002)
[2026-08-18 20:41:54]    ✅ 成功抓到 7 筆時段
[2026-08-18 20:41:56] [5249/5921] 神仙谷 (Attraction_A15010700H_000003)
[2026-08-18 20:42:01]    ❌ 三種策略皆失敗
[2026-08-18 20:42:03] [5250/5921] 向天湖 (Attraction_A15010700H_000005)
[2026-08-18 20:42:08]    ❌ 三種策略皆失敗
[2026-08-18 20:42:08]    💾 存檔！已處理 5250/5921 | 成功 3600 | 失敗 1650
[2026-08-18 20:42:08]       資料庫共 5417 筆，其中 3743 筆有營業時間
[2026-08-18 20:42:08]       速度 4.3 筆/分鐘 | 預估剩餘 156 分鐘
[2026-08-18 20:42:11] [5251/5921] 峨眉湖 (Attraction_A15010700H_000006)
[2026-08-18 20:42:15]    ❌ 三種策略皆失敗
[2026-08-18 20:42:17] [5252/5921] 獅山古道 (Attraction_A15010700H_000007)
[2026-08-18 20:42:23]    (透過策略2成功)
[2026-08-18 20:42:23]    ✅ 成功抓到 7 筆時段
[2026-08-18 20:42:25] [5253/5921] 北埔老街 (Attraction_A15010700H_000008)
[2026-08-18 20:42:35]    ❌ 三種策略皆失敗
[2026-08-18 20:42:37] [5254/5921] 蓬萊溪自然生態園區(暫停開放) (Attraction_A15010700H_000009)
[2026-08-18 20:42:44]    ❌ 三種策略皆失敗
[2026-08-18 20:42:46] [5255/5921] 加里山步道 (Attraction_A15010700H_000010)
[2026-08-18 20:42:50]    ✅ 成功抓到 7 筆時段
[2026-08-18 20:42:52] [5256/5921] 南庄遊客中心 (Attraction_A15010700H_000011)
[2026-08-18 20:42:55]    ✅ 成功抓到 7 筆時段
[2026-08-18 20:42:57] [5257/5921] 金剛寺 (Attraction_A15010700H_000012)
[2026-08-18 20:43:02]    ❌ 三種策略皆失敗
[2026-08-18 20:43:04] [5258/5921] 五指山風景區 (Attraction_A15010700H_000013)
[2026-08-18 20:43:07]    ✅ 成功抓到 7 筆時段
[2026-08-18 20:43:09] [5259/5921] 水濂洞 (Attraction_A15010700H_000014)
[2026-08-18 20:43:16]    (透過策略2成功)
[2026-08-18 20:43:16]    ✅ 成功抓到 7 筆時段
[2026-08-18 20:43:18] [5260/5921] 獅山遊客中心 (Attraction_A15010700H_000015)
[2026-08-18 20:43:21]    ✅ 成功抓到 7 筆時段
[2026-08-18 20:43:21]    💾 存檔！已處理 5260/5921 | 成功 3606 | 失敗 1654
[2026-08-18 20:43:21]       資料庫共 5427 筆，其中 3749 筆有營業時間
[2026-08-18 20:43:21]       速度 4.3 筆/分鐘 | 預估剩餘 153 分鐘
[2026-08-18 20:43:24] [5261/5921] 鹿場部落 (Attraction_A15010700H_000016)
[2026-08-18 20:43:27]    ✅ 成功抓到 7 筆時段
[2026-08-18 20:43:29] [5262/5921] 北埔冷泉 (Attraction_A15010700H_000017)
[2026-08-18 20:43:33]    ✅ 成功抓到 7 筆時段
[2026-08-18 20:43:35] [5263/5921] 藤坪步道 (Attraction_A15010700H_000019)
[2026-08-18 20:43:39]    ✅ 成功抓到 7 筆時段
[2026-08-18 20:43:41] [5264/5921] 山塘背登山步道(暫停開放) (Attraction_A15010700H_000020)
[2026-08-18 20:43:47]    ❌ 三種策略皆失敗
[2026-08-18 20:43:49] [5265/5921] 南庄老街 (桂花巷、康濟吊橋、南庄水岸公園) (Attraction_A15010700H_000021)
[2026-08-18 20:43:53]    ✅ 成功抓到 7 筆時段
[2026-08-18 20:43:55] [5266/5921] 六寮古道 (Attraction_A15010700H_000022)
[2026-08-18 20:43:58]    ✅ 成功抓到 7 筆時段
[2026-08-18 20:44:00] [5267/5921] 水濂橋步道 (Attraction_A15010700H_000023)
[2026-08-18 20:44:06]    (透過策略2成功)
[2026-08-18 20:44:06]    ✅ 成功抓到 7 筆時段
[2026-08-18 20:44:08] [5268/5921] 東河瓦祿 (Attraction_A15010700H_000024)
[2026-08-18 20:44:12]    ✅ 成功抓到 7 筆時段
[2026-08-18 20:44:14] [5269/5921] 小東河步道 (Attraction_A15010700H_000025)
[2026-08-18 20:44:18]    ❌ 三種策略皆失敗
[2026-08-18 20:44:20] [5270/5921] 綠世界生態農場 (Attraction_A15010700H_000026)
[2026-08-18 20:44:24]    ✅ 成功抓到 7 筆時段
[2026-08-18 20:44:24]    💾 存檔！已處理 5270/5921 | 成功 3614 | 失敗 1656
[2026-08-18 20:44:24]       資料庫共 5437 筆，其中 3757 筆有營業時間
[2026-08-18 20:44:24]       速度 4.3 筆/分鐘 | 預估剩餘 151 分鐘
[2026-08-18 20:44:26] [5271/5921] 南庄老郵局 (Attraction_A15010700H_000027)
[2026-08-18 20:44:29]    ✅ 成功抓到 7 筆時段
[2026-08-18 20:44:31] [5272/5921] 賽夏族民俗文物館 (Attraction_A15010700H_000028)
[2026-08-18 20:44:35]    ✅ 成功抓到 7 筆時段
[2026-08-18 20:44:37] [5273/5921] 元光寺 (Attraction_A15010700H_000029)
[2026-08-18 20:44:42]    ❌ 三種策略皆失敗
[2026-08-18 20:44:44] [5274/5921] 八卦力部落 (Attraction_A15010700H_000031)
[2026-08-18 20:44:49]    (透過策略2成功)
[2026-08-18 20:44:49]    ✅ 成功抓到 7 筆時段
[2026-08-18 20:44:51] [5275/5921] 南江休閒農業區 (Attraction_A15010700H_000033)
[2026-08-18 20:45:02]    (透過策略2成功)
[2026-08-18 20:45:02]    ✅ 成功抓到 7 筆時段
[2026-08-18 20:45:04] [5276/5921] 望月亭 (Attraction_A15010700H_000034)
[2026-08-18 20:45:09]    (透過策略2成功)
[2026-08-18 20:45:09]    ✅ 成功抓到 7 筆時段
[2026-08-18 20:45:11] [5277/5921] 瓦祿產業文化館 (Attraction_A15010700H_000035)
[2026-08-18 20:45:15]    ✅ 成功抓到 7 筆時段
[2026-08-18 20:45:17] [5278/5921] 海會庵 (Attraction_A15010700H_000037)
[2026-08-18 20:45:21]    ✅ 成功抓到 7 筆時段
[2026-08-18 20:45:23] [5279/5921] 瓦祿部落 (Attraction_A15010700H_000038)
[2026-08-18 20:45:27]    ❌ 三種策略皆失敗
[2026-08-18 20:45:29] [5280/5921] 勸化堂 (Attraction_A15010700H_000039)
[2026-08-18 20:45:33]    ✅ 成功抓到 7 筆時段
[2026-08-18 20:45:33]    💾 存檔！已處理 5280/5921 | 成功 3622 | 失敗 1658
[2026-08-18 20:45:33]       資料庫共 5447 筆，其中 3765 筆有營業時間
[2026-08-18 20:45:33]       速度 4.3 筆/分鐘 | 預估剩餘 148 分鐘
[2026-08-18 20:45:35] [5281/5921] 銅鏡山林步道 (Attraction_A15010700H_000040)
[2026-08-18 20:45:39]    ❌ 三種策略皆失敗
[2026-08-18 20:45:41] [5282/5921] 二寮神木 (Attraction_A15010700H_000042)
[2026-08-18 20:45:44]    ✅ 成功抓到 7 筆時段
[2026-08-18 20:45:46] [5283/5921] 靈霞洞 (Attraction_A15010700H_000043)
[2026-08-18 20:45:50]    ✅ 成功抓到 7 筆時段
[2026-08-18 20:45:52] [5284/5921] 十三間老街 (Attraction_A15010700H_000044)
[2026-08-18 20:45:55]    ✅ 成功抓到 7 筆時段
[2026-08-18 20:45:57] [5285/5921] 萬佛庵 (Attraction_A15010700H_000045)
[2026-08-18 20:46:12]    ❌ 三種策略皆失敗
[2026-08-18 20:46:14] [5286/5921] 歇心茶樓 (Attraction_A15010700H_000046)
[2026-08-18 20:46:18]    ✅ 成功抓到 7 筆時段
[2026-08-18 20:46:20] [5287/5921] 千櫻園 (Attraction_A15010700H_000047)
[2026-08-18 20:46:24]    ❌ 三種策略皆失敗
[2026-08-18 20:46:26] [5288/5921] 松鶴部落-和平區運動公園及生態池 (Attraction_A15010700H_000048)
[2026-08-18 20:46:30]    ✅ 成功抓到 7 筆時段
[2026-08-18 20:46:32] [5289/5921] 梨山賓館生態環保步道 (Attraction_A15010700H_000050)
[2026-08-18 20:46:38]    ❌ 三種策略皆失敗
[2026-08-18 20:46:40] [5290/5921] 谷關公園 (Attraction_A15010700H_000051)
[2026-08-18 20:46:45]    (透過策略2成功)
[2026-08-18 20:46:45]    ✅ 成功抓到 7 筆時段
[2026-08-18 20:46:45]    💾 存檔！已處理 5290/5921 | 成功 3628 | 失敗 1662
[2026-08-18 20:46:45]       資料庫共 5457 筆，其中 3771 筆有營業時間
[2026-08-18 20:46:45]       速度 4.3 筆/分鐘 | 預估剩餘 146 分鐘
[2026-08-18 20:46:48] [5291/5921] 環山部落-獵人步道 (Attraction_A15010700H_000053)
[2026-08-18 20:46:51]    ✅ 成功抓到 7 筆時段
[2026-08-18 20:46:53] [5292/5921] 楓之谷-1956秘密花園 (Attraction_A15010700H_000054)
[2026-08-18 20:46:57]    ✅ 成功抓到 7 筆時段
[2026-08-18 20:46:59] [5293/5921] 梨山遊客中心 (Attraction_A15010700H_000056)
[2026-08-18 20:47:05]    (透過策略2成功)
[2026-08-18 20:47:05]    ✅ 成功抓到 7 筆時段
[2026-08-18 20:47:07] [5294/5921] 福壽山農場 (Attraction_A15010700H_000058)
[2026-08-18 20:47:16]    ❌ 三種策略皆失敗
[2026-08-18 20:47:18] [5295/5921] 梨山賓館 (Attraction_A15010700H_000059)
[2026-08-18 20:47:24]    ❌ 三種策略皆失敗
[2026-08-18 20:47:26] [5296/5921] Mqoyat日出幸福-櫻緣丘 (Attraction_A15010700H_000060)
[2026-08-18 20:47:29]    ✅ 成功抓到 7 筆時段
[2026-08-18 20:47:31] [5297/5921] 希利克步道 (Attraction_A15010700H_000061)
[2026-08-18 20:47:35]    ✅ 成功抓到 7 筆時段
[2026-08-18 20:47:37] [5298/5921] Lokah勇士營地 (Attraction_A15010700H_000062)
[2026-08-18 20:47:42]    ❌ 三種策略皆失敗
[2026-08-18 20:47:44] [5299/5921] 梨山文物陳列館 (Attraction_A15010700H_000063)
[2026-08-18 20:47:47]    ✅ 成功抓到 7 筆時段
[2026-08-18 20:47:49] [5300/5921] 裡冷部落 (Attraction_A15010700H_000064)
[2026-08-18 20:47:54]    ❌ 三種策略皆失敗
[2026-08-18 20:47:54]    💾 存檔！已處理 5300/5921 | 成功 3634 | 失敗 1666
[2026-08-18 20:47:54]       資料庫共 5467 筆，其中 3777 筆有營業時間
[2026-08-18 20:47:54]       速度 4.3 筆/分鐘 | 預估剩餘 143 分鐘
[2026-08-18 20:47:56] [5301/5921] 梨山耶穌堂 (Attraction_A15010700H_000065)
[2026-08-18 20:48:01]    ❌ 三種策略皆失敗
[2026-08-18 20:48:03] [5302/5921] 天池 (Attraction_A15010700H_000066)
[2026-08-18 20:48:09]    (透過策略2成功)
[2026-08-18 20:48:09]    ✅ 成功抓到 7 筆時段
[2026-08-18 20:48:11] [5303/5921] 德基水庫 (Attraction_A15010700H_000067)
[2026-08-18 20:48:15]    ❌ 三種策略皆失敗
[2026-08-18 20:48:17] [5304/5921] 新佳陽部落 (Attraction_A15010700H_000069)
[2026-08-18 20:48:22]    ❌ 三種策略皆失敗
[2026-08-18 20:48:24] [5305/5921] 捎來吊橋 (Attraction_A15010700H_000070)
[2026-08-18 20:48:27]    ✅ 成功抓到 7 筆時段
[2026-08-18 20:48:29] [5306/5921] 大甲溪發電廠 (Attraction_A15010700H_000071)
[2026-08-18 20:48:39]    ❌ 三種策略皆失敗
[2026-08-18 20:48:41] [5307/5921] 八仙山森林遊樂區 (Attraction_A15010700H_000074)
[2026-08-18 20:48:46]    ❌ 三種策略皆失敗
[2026-08-18 20:48:48] [5308/5921] 武陵農場 (Attraction_A15010700H_000075)
[2026-08-18 20:48:54]    (透過策略2成功)
[2026-08-18 20:48:54]    ✅ 成功抓到 7 筆時段
[2026-08-18 20:48:56] [5309/5921] 赤水崎公園 (Attraction_A15010700H_000078)
[2026-08-18 20:49:00]    ❌ 三種策略皆失敗
[2026-08-18 20:49:02] [5310/5921] 猴探井天空之橋 (Attraction_A15010700H_000080)
[2026-08-18 20:49:06]    ✅ 成功抓到 7 筆時段
[2026-08-18 20:49:06]    💾 存檔！已處理 5310/5921 | 成功 3638 | 失敗 1672
[2026-08-18 20:49:06]       資料庫共 5477 筆，其中 3781 筆有營業時間
[2026-08-18 20:49:06]       速度 4.3 筆/分鐘 | 預估剩餘 141 分鐘
[2026-08-18 20:49:08] [5311/5921] 八堡圳公園 (Attraction_A15010700H_000081)
[2026-08-18 20:49:12]    ✅ 成功抓到 7 筆時段
[2026-08-18 20:49:14] [5312/5921] 豐柏廣場 (Attraction_A15010700H_000082)
[2026-08-18 20:49:17]    ✅ 成功抓到 7 筆時段
[2026-08-18 20:49:19] [5313/5921] 八卦山脈生態遊客中心暨灰面鵟鷹主題館 (Attraction_A15010700H_000083)
[2026-08-18 20:49:23]    ❌ 三種策略皆失敗
[2026-08-18 20:49:25] [5314/5921] 虎山岩 (Attraction_A15010700H_000084)
[2026-08-18 20:49:31]    ❌ 三種策略皆失敗
[2026-08-18 20:49:33] [5315/5921] 田中森林公園 (Attraction_A15010700H_000085)
[2026-08-18 20:49:41]    ✅ 成功抓到 7 筆時段
[2026-08-18 20:49:43] [5316/5921] 二水自行車道 (Attraction_A15010700H_000086)
[2026-08-18 20:49:47]    ✅ 成功抓到 7 筆時段
[2026-08-18 20:49:49] [5317/5921] 賞鷹平台 (Attraction_A15010700H_000087)
[2026-08-18 20:49:57]    ✅ 成功抓到 7 筆時段
[2026-08-18 20:49:59] [5318/5921] 受天宮 (Attraction_A15010700H_000088)
[2026-08-18 20:50:03]    ✅ 成功抓到 7 筆時段
[2026-08-18 20:50:05] [5319/5921] 清水岩生態展示中心 (Attraction_A15010700H_000090)
[2026-08-18 20:50:08]    ✅ 成功抓到 7 筆時段
[2026-08-18 20:50:10] [5320/5921] 八卦山大佛風景區 (Attraction_A15010700H_000091)
[2026-08-18 20:50:14]    ✅ 成功抓到 7 筆時段
[2026-08-18 20:50:14]    💾 存檔！已處理 5320/5921 | 成功 3646 | 失敗 1674
[2026-08-18 20:50:14]       資料庫共 5487 筆，其中 3789 筆有營業時間
[2026-08-18 20:50:14]       速度 4.3 筆/分鐘 | 預估剩餘 139 分鐘
[2026-08-18 20:50:16] [5321/5921] 百果山遊憩區 (Attraction_A15010700H_000092)
[2026-08-18 20:50:21]    ❌ 三種策略皆失敗
[2026-08-18 20:50:23] [5322/5921] 二水登廟步道 (Attraction_A15010700H_000094)
[2026-08-18 20:50:27]    ❌ 三種策略皆失敗
[2026-08-18 20:50:29] [5323/5921] 七星陣地公園 (Attraction_A15010700H_000095)
[2026-08-18 20:50:33]    ✅ 成功抓到 7 筆時段
[2026-08-18 20:50:35] [5324/5921] 縣139線景觀道路 (Attraction_A15010700H_000096)
[2026-08-18 20:50:40]    ❌ 三種策略皆失敗
[2026-08-18 20:50:42] [5325/5921] 乙未保臺和平紀念公園 (Attraction_A15010700H_000097)
[2026-08-18 20:50:46]    ✅ 成功抓到 7 筆時段
[2026-08-18 20:50:48] [5326/5921] 湶洲寮卡達車休憩站 (Attraction_A15010700H_000098)
[2026-08-18 20:50:54]    (透過策略2成功)
[2026-08-18 20:50:54]    ✅ 成功抓到 7 筆時段
[2026-08-18 20:50:56] [5327/5921] 品茶養生園區 (Attraction_A15010700H_000099)
[2026-08-18 20:51:00]    ❌ 三種策略皆失敗
[2026-08-18 20:51:02] [5328/5921] 華陽公園 (Attraction_A15010700H_000100)
[2026-08-18 20:51:06]    ✅ 成功抓到 7 筆時段
[2026-08-18 20:51:08] [5329/5921] 寶藏寺 (Attraction_A15010700H_000101)
[2026-08-18 20:51:13]    (透過策略2成功)
[2026-08-18 20:51:13]    ✅ 成功抓到 7 筆時段
[2026-08-18 20:51:15] [5330/5921] 老樟母女樹 (Attraction_A15010700H_000102)
[2026-08-18 20:51:19]    ✅ 成功抓到 7 筆時段
[2026-08-18 20:51:19]    💾 存檔！已處理 5330/5921 | 成功 3652 | 失敗 1678
[2026-08-18 20:51:19]       資料庫共 5497 筆，其中 3795 筆有營業時間
[2026-08-18 20:51:19]       速度 4.3 筆/分鐘 | 預估剩餘 136 分鐘
[2026-08-18 20:51:21] [5331/5921] 月眉池劉宅古厝 (Attraction_A15010700H_000103)
[2026-08-18 20:51:25]    ✅ 成功抓到 7 筆時段
[2026-08-18 20:51:27] [5332/5921] 橫山賞鷹平台 (Attraction_A15010700H_000104)
[2026-08-18 20:51:33]    (透過策略2成功)
[2026-08-18 20:51:33]    ✅ 成功抓到 7 筆時段
[2026-08-18 20:51:35] [5333/5921] 碧山岩 (Attraction_A15010700H_000105)
[2026-08-18 20:51:41]    (透過策略2成功)
[2026-08-18 20:51:41]    ✅ 成功抓到 7 筆時段
[2026-08-18 20:51:43] [5334/5921] 林先生廟 (Attraction_A15010700H_000106)
[2026-08-18 20:51:48]    ❌ 三種策略皆失敗
[2026-08-18 20:51:50] [5335/5921] 挑水古道 (Attraction_A15010700H_000107)
[2026-08-18 20:51:55]    ❌ 三種策略皆失敗
[2026-08-18 20:51:57] [5336/5921] 長青自行車道 (Attraction_A15010700H_000108)
[2026-08-18 20:52:01]    ❌ 三種策略皆失敗
[2026-08-18 20:52:03] [5337/5921] 荔枝王 (Attraction_A15010700H_000109)
[2026-08-18 20:52:09]    ❌ 三種策略皆失敗
[2026-08-18 20:52:11] [5338/5921] 源泉車站 (Attraction_A15010700H_000110)
[2026-08-18 20:52:15]    ❌ 三種策略皆失敗
[2026-08-18 20:52:17] [5339/5921] 二水車站 (Attraction_A15010700H_000113)
[2026-08-18 20:52:22]    ❌ 三種策略皆失敗
[2026-08-18 20:52:24] [5340/5921] 清水岩遊憩區 (Attraction_A15010700H_000114)
[2026-08-18 20:52:28]    ✅ 成功抓到 7 筆時段
[2026-08-18 20:52:28]    💾 存檔！已處理 5340/5921 | 成功 3656 | 失敗 1684
[2026-08-18 20:52:28]       資料庫共 5507 筆，其中 3799 筆有營業時間
[2026-08-18 20:52:28]       速度 4.3 筆/分鐘 | 預估剩餘 134 分鐘
[2026-08-18 20:52:30] [5341/5921] 彰化市一線天步道 (Attraction_A15010700H_000115)
[2026-08-18 20:52:34]    ❌ 三種策略皆失敗
[2026-08-18 20:52:36] [5342/5921] 隴頂古道 (Attraction_A15010700H_000116)
[2026-08-18 20:52:40]    ✅ 成功抓到 7 筆時段
[2026-08-18 20:52:42] [5343/5921] 谷關遊客中心暨入關博物館 (Attraction_A15010700H_000505)
[2026-08-18 20:52:45]    ✅ 成功抓到 7 筆時段
[2026-08-18 20:52:47] [5344/5921] 松柏嶺遊客中心(茶文化主題館) (Attraction_A15010700H_000521)
[2026-08-18 20:52:51]    ✅ 成功抓到 7 筆時段
[2026-08-18 20:52:53] [5345/5921] 藤山步道 (Attraction_A15010700H_000546)
[2026-08-18 20:52:56]    ✅ 成功抓到 7 筆時段
[2026-08-18 20:52:58] [5346/5921] 新佳陽黑森林 (Attraction_A15010700H_000586)
[2026-08-18 20:53:02]    ✅ 成功抓到 7 筆時段
[2026-08-18 20:53:04] [5347/5921] 攬勝樓 (Attraction_A15010700H_000590)
[2026-08-18 20:53:07]    ✅ 成功抓到 7 筆時段
[2026-08-18 20:53:09] [5348/5921] 思源埡口 (Attraction_A15010700H_000591)
[2026-08-18 20:53:20]    (透過策略2成功)
[2026-08-18 20:53:20]    ✅ 成功抓到 7 筆時段
[2026-08-18 20:53:22] [5349/5921] 松茂部落-蒐鹿步道 (Attraction_A15010700H_000661)
[2026-08-18 20:53:26]    ✅ 成功抓到 7 筆時段
[2026-08-18 20:53:28] [5350/5921] 大湳部落 (Attraction_A15010700H_000727)
[2026-08-18 20:53:36]    ✅ 成功抓到 7 筆時段
[2026-08-18 20:53:36]    💾 存檔！已處理 5350/5921 | 成功 3665 | 失敗 1685
[2026-08-18 20:53:36]       資料庫共 5517 筆，其中 3808 筆有營業時間
[2026-08-18 20:53:36]       速度 4.4 筆/分鐘 | 預估剩餘 131 分鐘
[2026-08-18 20:53:38] [5351/5921] 蓬萊部落 (Attraction_A15010700H_000729)
[2026-08-18 20:53:43]    ❌ 三種策略皆失敗
[2026-08-18 20:53:45] [5352/5921] 石壁部落 (Attraction_A15010700H_000730)
[2026-08-18 20:53:49]    ❌ 三種策略皆失敗
[2026-08-18 20:53:51] [5353/5921] 向天湖部落 (Attraction_A15010700H_000731)
[2026-08-18 20:53:57]    ❌ 三種策略皆失敗
[2026-08-18 20:53:59] [5354/5921] 東江新邨部落 (Attraction_A15010700H_000732)
[2026-08-18 20:54:03]    ❌ 三種策略皆失敗
[2026-08-18 20:54:05] [5355/5921] 梨山部落 (Attraction_A15010700H_000736)
[2026-08-18 20:54:14]    ✅ 成功抓到 7 筆時段
[2026-08-18 20:54:16] [5356/5921] 梨山觀景臺 (Attraction_A15010700H_000826)
[2026-08-18 20:54:19]    ✅ 成功抓到 7 筆時段
[2026-08-18 20:54:21] [5357/5921] 環山部落 (Attraction_A15010700H_000827)
[2026-08-18 20:54:26]    ❌ 三種策略皆失敗
[2026-08-18 20:54:28] [5358/5921] 松茂部落 (Attraction_A15010700H_000828)
[2026-08-18 20:54:31]    ✅ 成功抓到 7 筆時段
[2026-08-18 20:54:33] [5359/5921] 松鶴部落 (Attraction_A15010700H_000829)
[2026-08-18 20:54:38]    ❌ 三種策略皆失敗
[2026-08-18 20:54:40] [5360/5921] 田中氣象站 (Attraction_A15010700H_000830)
[2026-08-18 20:54:44]    ❌ 三種策略皆失敗
[2026-08-18 20:54:44]    💾 存檔！已處理 5360/5921 | 成功 3668 | 失敗 1692
[2026-08-18 20:54:44]       資料庫共 5527 筆，其中 3811 筆有營業時間
[2026-08-18 20:54:44]       速度 4.4 筆/分鐘 | 預估剩餘 129 分鐘
[2026-08-18 20:54:47] [5361/5921] 谷關風景區 (Attraction_A15010700H_000831)
[2026-08-18 20:54:50]    ✅ 成功抓到 7 筆時段
[2026-08-18 20:54:52] [5362/5921] 霧峰林家宅第 (Attraction_A15010700H_000845)
[2026-08-18 20:54:56]    ✅ 成功抓到 7 筆時段
[2026-08-18 20:54:58] [5363/5921] 立法院民主議政園區 (Attraction_A15010700H_000846)
[2026-08-18 20:55:03]    ❌ 三種策略皆失敗
[2026-08-18 20:55:05] [5364/5921] 光復新村 (Attraction_A15010700H_000847)
[2026-08-18 20:55:09]    ✅ 成功抓到 7 筆時段
[2026-08-18 20:55:11] [5365/5921] 921地震教育園區 (Attraction_A15010700H_000848)
[2026-08-18 20:55:20]    ✅ 成功抓到 7 筆時段
[2026-08-18 20:55:22] [5366/5921] 霧峰菇類產學館 (Attraction_A15010700H_000849)
[2026-08-18 20:55:25]    ✅ 成功抓到 7 筆時段
[2026-08-18 20:55:27] [5367/5921] 乾溪自行車道 (Attraction_A15010700H_000850)
[2026-08-18 20:55:31]    ✅ 成功抓到 7 筆時段
[2026-08-18 20:55:33] [5368/5921] 亞洲大學附屬現代美術館 (Attraction_A15010700H_000851)
[2026-08-18 20:55:36]    ✅ 成功抓到 7 筆時段
[2026-08-18 20:55:38] [5369/5921] 百果山探索樂園 (Attraction_A15010700H_000903)
[2026-08-18 20:55:42]    ✅ 成功抓到 7 筆時段
[2026-08-18 20:55:44] [5370/5921] 金陵山宗教休閒園區 (Attraction_A15010700H_000904)
[2026-08-18 20:55:47]    ✅ 成功抓到 7 筆時段
[2026-08-18 20:55:47]    💾 存檔！已處理 5370/5921 | 成功 3677 | 失敗 1693
[2026-08-18 20:55:47]       資料庫共 5537 筆，其中 3820 筆有營業時間
[2026-08-18 20:55:47]       速度 4.4 筆/分鐘 | 預估剩餘 126 分鐘
[2026-08-18 20:55:49] [5371/5921] 鄭氏古厝 (Attraction_A15010700H_003751)
[2026-08-18 20:55:54]    ❌ 三種策略皆失敗
[2026-08-18 20:55:56] [5372/5921] 田中窯燒貓村 (Attraction_A15010700H_003759)
[2026-08-18 20:56:00]    ✅ 成功抓到 7 筆時段
[2026-08-18 20:56:02] [5373/5921] 源泉文具店 (Attraction_A15010700H_004751)
[2026-08-18 20:56:05]    ✅ 成功抓到 7 筆時段
[2026-08-18 20:56:07] [5374/5921] 田中夫妻樹 (Attraction_A15010700H_004754)
[2026-08-18 20:56:11]    ✅ 成功抓到 7 筆時段
[2026-08-18 20:56:13] [5375/5921] 彰化孔子廟 (Attraction_A15010700H_004755)
[2026-08-18 20:56:16]    ✅ 成功抓到 7 筆時段
[2026-08-18 20:56:18] [5376/5921] 清水岩寺 (Attraction_A15010700H_004756)
[2026-08-18 20:56:22]    ✅ 成功抓到 7 筆時段
[2026-08-18 20:56:24] [5377/5921] 二水老街 (Attraction_A15010700H_005751)
[2026-08-18 20:56:27]    ✅ 成功抓到 7 筆時段
[2026-08-18 20:56:29] [5378/5921] 二八水水公園 (Attraction_A15010700H_005752)
[2026-08-18 20:56:33]    ✅ 成功抓到 7 筆時段
[2026-08-18 20:56:35] [5379/5921] 東村宿舍 (Attraction_A15010700H_006751)
[2026-08-18 20:56:40]    ❌ 三種策略皆失敗
[2026-08-18 20:56:42] [5380/5921] 古生物奇幻樂園 (Attraction_A15010700H_006902)
[2026-08-18 20:56:46]    ✅ 成功抓到 7 筆時段
[2026-08-18 20:56:46]    💾 存檔！已處理 5380/5921 | 成功 3685 | 失敗 1695
[2026-08-18 20:56:46]       資料庫共 5547 筆，其中 3828 筆有營業時間
[2026-08-18 20:56:46]       速度 4.4 筆/分鐘 | 預估剩餘 124 分鐘
[2026-08-18 20:56:48] [5381/5921] 天長地久橋 (Attraction_A15010800H_000023)
[2026-08-18 20:56:51]    ✅ 成功抓到 7 筆時段
[2026-08-18 20:56:53] [5382/5921] 牛埔仔愛情大草原 (Attraction_A15010800H_000025)
[2026-08-18 20:57:02]    ✅ 成功抓到 7 筆時段
[2026-08-18 20:57:04] [5383/5921] 象山 (Attraction_A15010800H_000081)
[2026-08-18 20:57:09]    ❌ 三種策略皆失敗
[2026-08-18 20:57:11] [5384/5921] 二延平步道 (Attraction_A15010800H_000082)
[2026-08-18 20:57:22]    (透過策略2成功)
[2026-08-18 20:57:22]    ✅ 成功抓到 7 筆時段
[2026-08-18 20:57:24] [5385/5921] 頂湖步道 (Attraction_A15010800H_000084)
[2026-08-18 20:57:29]    ❌ 三種策略皆失敗
[2026-08-18 20:57:31] [5386/5921] 石棹步道群 (Attraction_A15010800H_000085)
[2026-08-18 20:57:39]    ✅ 成功抓到 7 筆時段
[2026-08-18 20:57:41] [5387/5921] 奮起湖(南側)杉林棧道 (Attraction_A15010800H_000086)
[2026-08-18 20:57:45]    ✅ 成功抓到 7 筆時段
[2026-08-18 20:57:47] [5388/5921] 奮起步道 (Attraction_A15010800H_000088)
[2026-08-18 20:57:50]    ✅ 成功抓到 7 筆時段
[2026-08-18 20:57:52] [5389/5921] 五奇之日出 (Attraction_A15010800H_000092)
[2026-08-18 20:57:57]    ❌ 三種策略皆失敗
[2026-08-18 20:57:59] [5390/5921] 五奇之雲海 (Attraction_A15010800H_000093)
[2026-08-18 20:58:04]    ❌ 三種策略皆失敗
[2026-08-18 20:58:04]    💾 存檔！已處理 5390/5921 | 成功 3691 | 失敗 1699
[2026-08-18 20:58:04]       資料庫共 5557 筆，其中 3834 筆有營業時間
[2026-08-18 20:58:04]       速度 4.4 筆/分鐘 | 預估剩餘 122 分鐘
[2026-08-18 20:58:06] [5391/5921] 五奇之晚霞 (Attraction_A15010800H_000095)
[2026-08-18 20:58:11]    ❌ 三種策略皆失敗
[2026-08-18 20:58:13] [5392/5921] 半天岩紫雲寺 (Attraction_A15010800H_000096)
[2026-08-18 20:58:16]    ✅ 成功抓到 7 筆時段
[2026-08-18 20:58:18] [5393/5921] 五奇之森林 (Attraction_A15010800H_000097)
[2026-08-18 20:58:30]    (透過策略2成功)
[2026-08-18 20:58:30]    ✅ 成功抓到 7 筆時段
[2026-08-18 20:58:32] [5394/5921] 五奇之鐵道 (Attraction_A15010800H_000098)
[2026-08-18 20:58:37]    ❌ 三種策略皆失敗
[2026-08-18 20:58:39] [5395/5921] 修慧步道 (Attraction_A15010800H_000099)
[2026-08-18 20:58:42]    ✅ 成功抓到 7 筆時段
[2026-08-18 20:58:44] [5396/5921] 半天岩祈福步道 (Attraction_A15010800H_000100)
[2026-08-18 20:58:53]    ✅ 成功抓到 7 筆時段
[2026-08-18 20:58:55] [5397/5921] 新八景之塔山奇岩 (Attraction_A15010800H_000101)
[2026-08-18 20:59:04]    ✅ 成功抓到 7 筆時段
[2026-08-18 20:59:06] [5398/5921] 新八景之小笠原山 (Attraction_A15010800H_000102)
[2026-08-18 20:59:09]    ✅ 成功抓到 7 筆時段
[2026-08-18 20:59:11] [5399/5921] 新八景之水山巨木 (Attraction_A15010800H_000104)
[2026-08-18 20:59:16]    ❌ 三種策略皆失敗
[2026-08-18 20:59:18] [5400/5921] 土地公廟 (Attraction_A15010800H_000105)
[2026-08-18 20:59:23]    ❌ 三種策略皆失敗
[2026-08-18 20:59:23]    💾 存檔！已處理 5400/5921 | 成功 3697 | 失敗 1703
[2026-08-18 20:59:23]       資料庫共 5567 筆，其中 3840 筆有營業時間
[2026-08-18 20:59:23]       速度 4.4 筆/分鐘 | 預估剩餘 119 分鐘
[2026-08-18 20:59:25] [5401/5921] 新八景之香林拱橋 (Attraction_A15010800H_000106)
[2026-08-18 20:59:29]    ✅ 成功抓到 7 筆時段
[2026-08-18 20:59:31] [5402/5921] 新八景之28號巨木 (Attraction_A15010800H_000108)
[2026-08-18 20:59:39]    ✅ 成功抓到 7 筆時段
[2026-08-18 20:59:41] [5403/5921] 苦楝老樹 (Attraction_A15010800H_000109)
[2026-08-18 20:59:45]    ✅ 成功抓到 7 筆時段
[2026-08-18 20:59:47] [5404/5921] 百年砌石梯田 (Attraction_A15010800H_000110)
[2026-08-18 20:59:51]    ❌ 三種策略皆失敗
[2026-08-18 20:59:53] [5405/5921] 新八景之慈雲寺觀景 (Attraction_A15010800H_000111)
[2026-08-18 20:59:58]    ❌ 三種策略皆失敗
[2026-08-18 21:00:00] [5406/5921] 光華賞螢步道 (Attraction_A15010800H_000112)
[2026-08-18 21:00:03]    ✅ 成功抓到 7 筆時段
[2026-08-18 21:00:05] [5407/5921] 新八景之神怡流瀑 (Attraction_A15010800H_000113)
[2026-08-18 21:00:09]    ✅ 成功抓到 7 筆時段
[2026-08-18 21:00:11] [5408/5921] 新八景之阿里山神木遺跡 (Attraction_A15010800H_000114)
[2026-08-18 21:00:16]    ❌ 三種策略皆失敗
[2026-08-18 21:00:18] [5409/5921] 沼平(車站及公園周邊) (Attraction_A15010800H_000116)
[2026-08-18 21:00:22]    ✅ 成功抓到 7 筆時段
[2026-08-18 21:00:24] [5410/5921] 三元宮 (Attraction_A15010800H_000119)
[2026-08-18 21:00:30]    (透過策略2成功)
[2026-08-18 21:00:30]    ✅ 成功抓到 7 筆時段
[2026-08-18 21:00:30]    💾 存檔！已處理 5410/5921 | 成功 3704 | 失敗 1706
[2026-08-18 21:00:30]       資料庫共 5577 筆，其中 3847 筆有營業時間
[2026-08-18 21:00:30]       速度 4.4 筆/分鐘 | 預估剩餘 117 分鐘
[2026-08-18 21:00:32] [5411/5921] 竹林茶坊-孝子路步道 (Attraction_A15010800H_000122)
[2026-08-18 21:00:36]    ✅ 成功抓到 7 筆時段
[2026-08-18 21:00:38] [5412/5921] 民番界碑 (Attraction_A15010800H_000123)
[2026-08-18 21:00:41]    ✅ 成功抓到 7 筆時段
[2026-08-18 21:00:43] [5413/5921] 祝山(車站及其周邊) (Attraction_A15010800H_000124)
[2026-08-18 21:00:56]    ❌ 三種策略皆失敗
[2026-08-18 21:00:58] [5414/5921] 太平36彎眺景 (Attraction_A15010800H_000126)
[2026-08-18 21:01:03]    ❌ 三種策略皆失敗
[2026-08-18 21:01:05] [5415/5921] 泰興巖 (Attraction_A15010800H_000127)
[2026-08-18 21:01:10]    ❌ 三種策略皆失敗
[2026-08-18 21:01:12] [5416/5921] 古磨坊毛樹溪吊橋古蹟 (Attraction_A15010800H_000128)
[2026-08-18 21:01:21]    ✅ 成功抓到 7 筆時段
[2026-08-18 21:01:23] [5417/5921] 二尖山步道 (Attraction_A15010800H_000130)
[2026-08-18 21:01:26]    ✅ 成功抓到 7 筆時段
[2026-08-18 21:01:28] [5418/5921] 碧湖觀景台 (Attraction_A15010800H_000132)
[2026-08-18 21:01:33]    ❌ 三種策略皆失敗
[2026-08-18 21:01:35] [5419/5921] 福山古道 (Attraction_A15010800H_000133)
[2026-08-18 21:01:41]    ❌ 三種策略皆失敗
[2026-08-18 21:01:43] [5420/5921] 觀音瀑布風景區 (Attraction_A15010800H_000135)
[2026-08-18 21:01:47]    ❌ 三種策略皆失敗
[2026-08-18 21:01:47]    💾 存檔！已處理 5420/5921 | 成功 3708 | 失敗 1712
[2026-08-18 21:01:47]       資料庫共 5587 筆，其中 3851 筆有營業時間
[2026-08-18 21:01:47]       速度 4.4 筆/分鐘 | 預估剩餘 114 分鐘
[2026-08-18 21:01:49] [5421/5921] 龍隱寺 (Attraction_A15010800H_000136)
[2026-08-18 21:01:53]    ✅ 成功抓到 7 筆時段
[2026-08-18 21:01:55] [5422/5921] 出水坑步道 (Attraction_A15010800H_000137)
[2026-08-18 21:02:01]    (透過策略2成功)
[2026-08-18 21:02:01]    ✅ 成功抓到 7 筆時段
[2026-08-18 21:02:03] [5423/5921] 蝙蝠生態館 (Attraction_A15010800H_000139)
[2026-08-18 21:02:06]    ✅ 成功抓到 7 筆時段
[2026-08-18 21:02:08] [5424/5921] 龍宮瀑布 (Attraction_A15010800H_000140)
[2026-08-18 21:02:12]    ✅ 成功抓到 7 筆時段
[2026-08-18 21:02:14] [5425/5921] 竹坑溪步道 (Attraction_A15010800H_000141)
[2026-08-18 21:02:25]    (透過策略2成功)
[2026-08-18 21:02:25]    ✅ 成功抓到 7 筆時段
[2026-08-18 21:02:27] [5426/5921] 1314觀景台 (Attraction_A15010800H_000142)
[2026-08-18 21:02:35]    ✅ 成功抓到 7 筆時段
[2026-08-18 21:02:37] [5427/5921] 南天巨屏 (Attraction_A15010800H_000145)
[2026-08-18 21:02:40]    ✅ 成功抓到 7 筆時段
[2026-08-18 21:02:42] [5428/5921] 青年嶺步道 (Attraction_A15010800H_000153)
[2026-08-18 21:02:47]    ❌ 三種策略皆失敗
[2026-08-18 21:02:49] [5429/5921] 樟樹湖觀光果園暨茶園 (Attraction_A15010800H_000155)
[2026-08-18 21:02:52]    ✅ 成功抓到 7 筆時段
[2026-08-18 21:02:54] [5430/5921] 櫻木花道賞櫻區 (Attraction_A15010800H_000156)
[2026-08-18 21:02:58]    ✅ 成功抓到 7 筆時段
[2026-08-18 21:02:58]    💾 存檔！已處理 5430/5921 | 成功 3717 | 失敗 1713
[2026-08-18 21:02:58]       資料庫共 5597 筆，其中 3860 筆有營業時間
[2026-08-18 21:02:58]       速度 4.4 筆/分鐘 | 預估剩餘 112 分鐘
[2026-08-18 21:03:00] [5431/5921] 奮起湖老街 (Attraction_A15010800H_000157)
[2026-08-18 21:03:05]    ❌ 三種策略皆失敗
[2026-08-18 21:03:07] [5432/5921] 百合廣場 (Attraction_A15010800H_000160)
[2026-08-18 21:03:10]    ✅ 成功抓到 7 筆時段
[2026-08-18 21:03:12] [5433/5921] 石鼓盤觀光大橋 (Attraction_A15010800H_000161)
[2026-08-18 21:03:17]    ❌ 三種策略皆失敗
[2026-08-18 21:03:19] [5434/5921] 石盤谷峭壁藝術林 (Attraction_A15010800H_000163)
[2026-08-18 21:03:22]    ✅ 成功抓到 7 筆時段
[2026-08-18 21:03:24] [5435/5921] 豐山觀景台 (Attraction_A15010800H_000164)
[2026-08-18 21:03:34]    ❌ 三種策略皆失敗
[2026-08-18 21:03:36] [5436/5921] 土石流紀念公園 (Attraction_A15010800H_000165)
[2026-08-18 21:03:39]    ✅ 成功抓到 7 筆時段
[2026-08-18 21:03:41] [5437/5921] 石盤谷步道 (Attraction_A15010800H_000168)
[2026-08-18 21:04:13]    ❌ 三種策略皆失敗
[2026-08-18 21:04:15] [5438/5921] 豐山大石鼓園區 (Attraction_A15010800H_000169)
[2026-08-18 21:04:20]    ❌ 三種策略皆失敗
[2026-08-18 21:04:22] [5439/5921] 迷糊步道（米洋溪步道） (Attraction_A15010800H_000171)
[2026-08-18 21:04:30]    ✅ 成功抓到 7 筆時段
[2026-08-18 21:04:32] [5440/5921] 日警官舍 (Attraction_A15010800H_000173)
[2026-08-18 21:04:37]    ❌ 三種策略皆失敗
[2026-08-18 21:04:37]    💾 存檔！已處理 5440/5921 | 成功 3721 | 失敗 1719
[2026-08-18 21:04:37]       資料庫共 5607 筆，其中 3864 筆有營業時間
[2026-08-18 21:04:37]       速度 4.4 筆/分鐘 | 預估剩餘 110 分鐘
[2026-08-18 21:04:39] [5441/5921] 庫巴（mayasvi瑪雅斯比傳統祭典） (Attraction_A15010800H_000174)
[2026-08-18 21:04:45]    策略1失敗，嘗試下一個...
[2026-08-18 21:04:50]    ❌ 三種策略皆失敗
[2026-08-18 21:04:52] [5442/5921] 鳥占亭步道 (Attraction_A15010800H_000175)
[2026-08-18 21:04:55]    ✅ 成功抓到 7 筆時段
[2026-08-18 21:04:57] [5443/5921] 特富野步道（樟樹巨木群） (Attraction_A15010800H_000176)
[2026-08-18 21:05:01]    ✅ 成功抓到 7 筆時段
[2026-08-18 21:05:03] [5444/5921] 里佳賞楓步道 (Attraction_A15010800H_000177)
[2026-08-18 21:05:06]    ✅ 成功抓到 7 筆時段
[2026-08-18 21:05:08] [5445/5921] 巨石坂步道 (Attraction_A15010800H_000178)
[2026-08-18 21:05:13]    ❌ 三種策略皆失敗
[2026-08-18 21:05:15] [5446/5921] 風流洞步道 (Attraction_A15010800H_000179)
[2026-08-18 21:05:18]    ✅ 成功抓到 7 筆時段
[2026-08-18 21:05:20] [5447/5921] 達娜伊谷自然生態公園 (Attraction_A15010800H_000180)
[2026-08-18 21:05:24]    ✅ 成功抓到 7 筆時段
[2026-08-18 21:05:26] [5448/5921] 三代木及象鼻木 (Attraction_A15010800H_000184)
[2026-08-18 21:05:29]    ✅ 成功抓到 7 筆時段
[2026-08-18 21:05:31] [5449/5921] 茶山大石壁 (Attraction_A15010800H_000185)
[2026-08-18 21:05:37]    ❌ 三種策略皆失敗
[2026-08-18 21:05:39] [5450/5921] 屯阿巴娜生態步道 (Attraction_A15010800H_000186)
[2026-08-18 21:05:43]    ✅ 成功抓到 7 筆時段
[2026-08-18 21:05:43]    💾 存檔！已處理 5450/5921 | 成功 3728 | 失敗 1722
[2026-08-18 21:05:43]       資料庫共 5617 筆，其中 3871 筆有營業時間
[2026-08-18 21:05:43]       速度 4.4 筆/分鐘 | 預估剩餘 107 分鐘
[2026-08-18 21:05:45] [5451/5921] 太興岩步道 (Attraction_A15010800H_000187)
[2026-08-18 21:05:53]    ✅ 成功抓到 7 筆時段
[2026-08-18 21:05:55] [5452/5921] 雲潭步道-雲潭瀑布 (Attraction_A15010800H_000188)
[2026-08-18 21:05:59]    ✅ 成功抓到 7 筆時段
[2026-08-18 21:06:01] [5453/5921] 巃仔尾步道 (Attraction_A15010800H_000190)
[2026-08-18 21:06:04]    ✅ 成功抓到 7 筆時段
[2026-08-18 21:06:06] [5454/5921] 天雲谷步道 (Attraction_A15010800H_000191)
[2026-08-18 21:06:11]    ❌ 三種策略皆失敗
[2026-08-18 21:06:13] [5455/5921] 樹靈塔 (Attraction_A15010800H_000195)
[2026-08-18 21:06:16]    ✅ 成功抓到 7 筆時段
[2026-08-18 21:06:18] [5456/5921] 太平雲梯 (Attraction_A15010800H_000197)
[2026-08-18 21:06:24]    ❌ 三種策略皆失敗
[2026-08-18 21:06:26] [5457/5921] 新美香樟林步道 (Attraction_A15010800H_000198)
[2026-08-18 21:06:30]    ❌ 三種策略皆失敗
[2026-08-18 21:06:32] [5458/5921] 二尖山 (Attraction_A15010800H_000206)
[2026-08-18 21:06:37]    ❌ 三種策略皆失敗
[2026-08-18 21:06:39] [5459/5921] 圓潭生態園區 (Attraction_A15010800H_000213)
[2026-08-18 21:06:42]    ✅ 成功抓到 7 筆時段
[2026-08-18 21:06:44] [5460/5921] 千年蝙蝠洞 (Attraction_A15010800H_000216)
[2026-08-18 21:06:48]    ✅ 成功抓到 7 筆時段
[2026-08-18 21:06:48]    💾 存檔！已處理 5460/5921 | 成功 3734 | 失敗 1726
[2026-08-18 21:06:48]       資料庫共 5627 筆，其中 3877 筆有營業時間
[2026-08-18 21:06:48]       速度 4.4 筆/分鐘 | 預估剩餘 105 分鐘
[2026-08-18 21:06:50] [5461/5921] 瑞太古道 (Attraction_A15010800H_000217)
[2026-08-18 21:06:54]    ✅ 成功抓到 7 筆時段
[2026-08-18 21:06:56] [5462/5921] 綠色隧道 (Attraction_A15010800H_000219)
[2026-08-18 21:07:04]    ❌ 三種策略皆失敗
[2026-08-18 21:07:06] [5463/5921] 源興宮 (Attraction_A15010800H_000220)
[2026-08-18 21:07:09]    ✅ 成功抓到 7 筆時段
[2026-08-18 21:07:11] [5464/5921] 奮瑞古道 (Attraction_A15010800H_000225)
[2026-08-18 21:07:15]    ✅ 成功抓到 7 筆時段
[2026-08-18 21:07:17] [5465/5921] 蛟龍瀑布 (Attraction_A15010800H_000232)
[2026-08-18 21:07:20]    ✅ 成功抓到 7 筆時段
[2026-08-18 21:07:22] [5466/5921] 野薑花溪步道 (Attraction_A15010800H_000239)
[2026-08-18 21:07:26]    ✅ 成功抓到 7 筆時段
[2026-08-18 21:07:28] [5467/5921] 燕子崖 (Attraction_A15010800H_000248)
[2026-08-18 21:07:34]    (透過策略2成功)
[2026-08-18 21:07:34]    ✅ 成功抓到 7 筆時段
[2026-08-18 21:07:36] [5468/5921] 台灣肖楠母樹林 (Attraction_A15010800H_000249)
[2026-08-18 21:07:42]    (透過策略2成功)
[2026-08-18 21:07:42]    ✅ 成功抓到 7 筆時段
[2026-08-18 21:07:44] [5469/5921] 巃頂步道 (Attraction_A15010800H_000250)
[2026-08-18 21:07:47]    ✅ 成功抓到 7 筆時段
[2026-08-18 21:07:49] [5470/5921] 雅吾瑪斯步道 (Attraction_A15010800H_000251)
[2026-08-18 21:07:53]    ✅ 成功抓到 7 筆時段
[2026-08-18 21:07:53]    💾 存檔！已處理 5470/5921 | 成功 3743 | 失敗 1727
[2026-08-18 21:07:53]       資料庫共 5637 筆，其中 3886 筆有營業時間
[2026-08-18 21:07:53]       速度 4.4 筆/分鐘 | 預估剩餘 103 分鐘
[2026-08-18 21:07:55] [5471/5921] 受鎮宮 (Attraction_A15010800H_000252)
[2026-08-18 21:07:59]    ✅ 成功抓到 7 筆時段
[2026-08-18 21:08:01] [5472/5921] 姊妹潭 (Attraction_A15010800H_000254)
[2026-08-18 21:08:04]    ✅ 成功抓到 7 筆時段
[2026-08-18 21:08:06] [5473/5921] 二萬平 (Attraction_A15010800H_000255)
[2026-08-18 21:08:11]    ❌ 三種策略皆失敗
[2026-08-18 21:08:13] [5474/5921] 阿里山香林神木 (Attraction_A15010800H_000256)
[2026-08-18 21:08:17]    ✅ 成功抓到 7 筆時段
[2026-08-18 21:08:19] [5475/5921] 公興森態園區（龍美步道） (Attraction_A15010800H_000495)
[2026-08-18 21:08:30]    (透過策略2成功)
[2026-08-18 21:08:30]    ✅ 成功抓到 7 筆時段
[2026-08-18 21:08:32] [5476/5921] 隙頂之星步道 (Attraction_A15010800H_000496)
[2026-08-18 21:08:36]    ✅ 成功抓到 7 筆時段
[2026-08-18 21:08:38] [5477/5921] 麻竹湖步道 (Attraction_A15010800H_000497)
[2026-08-18 21:08:41]    ✅ 成功抓到 7 筆時段
[2026-08-18 21:08:43] [5478/5921] 木馬棧道 (Attraction_A15010800H_000498)
[2026-08-18 21:08:47]    ✅ 成功抓到 7 筆時段
[2026-08-18 21:08:49] [5479/5921] 下腳店仔步道（奮起湖老老街） (Attraction_A15010800H_000499)
[2026-08-18 21:08:53]    ✅ 成功抓到 7 筆時段
[2026-08-18 21:08:55] [5480/5921] 太興飛瀑步道 (Attraction_A15010800H_000501)
[2026-08-18 21:08:58]    ✅ 成功抓到 7 筆時段
[2026-08-18 21:08:58]    💾 存檔！已處理 5480/5921 | 成功 3752 | 失敗 1728
[2026-08-18 21:08:58]       資料庫共 5647 筆，其中 3895 筆有營業時間
[2026-08-18 21:08:58]       速度 4.4 筆/分鐘 | 預估剩餘 100 分鐘
[2026-08-18 21:09:00] [5481/5921] 仙人堀步道 (Attraction_A15010800H_000502)
[2026-08-18 21:09:04]    ✅ 成功抓到 7 筆時段
[2026-08-18 21:09:06] [5482/5921] 特富野古道 (Attraction_A15010800H_000503)
[2026-08-18 21:09:10]    ❌ 三種策略皆失敗
[2026-08-18 21:09:12] [5483/5921] 十字路鐵道 (Attraction_A15010800H_000504)
[2026-08-18 21:09:17]    ❌ 三種策略皆失敗
[2026-08-18 21:09:19] [5484/5921] 石棹步道群-櫻之道 (Attraction_A15010800H_000513)
[2026-08-18 21:09:24]    策略1失敗，嘗試下一個...
[2026-08-18 21:09:29]    ❌ 三種策略皆失敗
[2026-08-18 21:09:31] [5485/5921] 奮起湖 (Attraction_A15010800H_000514)
[2026-08-18 21:09:36]    ❌ 三種策略皆失敗
[2026-08-18 21:09:38] [5486/5921] 雲之南道 (Attraction_A15010800H_000515)
[2026-08-18 21:09:47]    ✅ 成功抓到 7 筆時段
[2026-08-18 21:09:49] [5487/5921] 里美避難步道 (Attraction_A15010800H_000517)
[2026-08-18 21:09:54]    ❌ 三種策略皆失敗
[2026-08-18 21:09:56] [5488/5921] 新美獵人營區 (Attraction_A15010800H_000518)
[2026-08-18 21:10:05]    ✅ 成功抓到 7 筆時段
[2026-08-18 21:10:07] [5489/5921] 逐鹿傳說梅花鹿園 (Attraction_A15010800H_000556)
[2026-08-18 21:10:11]    ✅ 成功抓到 7 筆時段
[2026-08-18 21:10:13] [5490/5921] 塘湖古道 (Attraction_A15010800H_000557)
[2026-08-18 21:10:17]    ✅ 成功抓到 7 筆時段
[2026-08-18 21:10:17]    💾 存檔！已處理 5490/5921 | 成功 3757 | 失敗 1733
[2026-08-18 21:10:17]       資料庫共 5657 筆，其中 3900 筆有營業時間
[2026-08-18 21:10:17]       速度 4.4 筆/分鐘 | 預估剩餘 98 分鐘
[2026-08-18 21:10:19] [5491/5921] 鄒族逐鹿文創園區 (Attraction_A15010800H_000558)
[2026-08-18 21:10:23]    ✅ 成功抓到 7 筆時段
[2026-08-18 21:10:25] [5492/5921] 茶林山步道 (Attraction_A15010800H_000559)
[2026-08-18 21:10:28]    ✅ 成功抓到 7 筆時段
[2026-08-18 21:10:30] [5493/5921] 油車寮步道 (Attraction_A15010800H_000562)
[2026-08-18 21:10:34]    ✅ 成功抓到 7 筆時段
[2026-08-18 21:10:36] [5494/5921] 來吉神話步道 (Attraction_A15010800H_000565)
[2026-08-18 21:10:39]    ✅ 成功抓到 7 筆時段
[2026-08-18 21:10:41] [5495/5921] 地磨兒藝術公園 (Attraction_A15010900H_000004)
[2026-08-18 21:10:45]    ✅ 成功抓到 7 筆時段
[2026-08-18 21:10:47] [5496/5921] 賽嘉樂園(暫時封閉) (Attraction_A15010900H_000005)
[2026-08-18 21:10:54]    ❌ 三種策略皆失敗
[2026-08-18 21:10:56] [5497/5921] 德文部落 (Attraction_A15010900H_000007)
[2026-08-18 21:11:01]    ❌ 三種策略皆失敗
[2026-08-18 21:11:03] [5498/5921] 賽嘉社區步道 (Attraction_A15010900H_000008)
[2026-08-18 21:11:11]    ✅ 成功抓到 7 筆時段
[2026-08-18 21:11:13] [5499/5921] 尾寮山登山步道 (Attraction_A15010900H_000009)
[2026-08-18 21:11:19]    ❌ 三種策略皆失敗
[2026-08-18 21:11:21] [5500/5921] 三地門工藝步道 (Attraction_A15010900H_000010)
[2026-08-18 21:11:24]    ✅ 成功抓到 7 筆時段
[2026-08-18 21:11:24]    💾 存檔！已處理 5500/5921 | 成功 3764 | 失敗 1736
[2026-08-18 21:11:24]       資料庫共 5667 筆，其中 3907 筆有營業時間
[2026-08-18 21:11:24]       速度 4.4 筆/分鐘 | 預估剩餘 95 分鐘
[2026-08-18 21:11:26] [5501/5921] 青葉部落 (Attraction_A15010900H_000011)
[2026-08-18 21:11:29]    ✅ 成功抓到 7 筆時段
[2026-08-18 21:11:31] [5502/5921] 三地門文化館 (Attraction_A15010900H_000012)
[2026-08-18 21:11:37]    ❌ 三種策略皆失敗
[2026-08-18 21:11:39] [5503/5921] 三地門中山公園 (Attraction_A15010900H_000013)
[2026-08-18 21:11:43]    ❌ 三種策略皆失敗
[2026-08-18 21:11:45] [5504/5921] 賽嘉驛站 (Attraction_A15010900H_000014)
[2026-08-18 21:11:51]    (透過策略2成功)
[2026-08-18 21:11:51]    ✅ 成功抓到 7 筆時段
[2026-08-18 21:11:53] [5505/5921] 岩板巷 (Attraction_A15010900H_000015)
[2026-08-18 21:11:57]    ❌ 三種策略皆失敗
[2026-08-18 21:12:00] [5506/5921] 霧臺遊憩區 (Attraction_A15010900H_000017)
[2026-08-18 21:12:11]    (透過策略2成功)
[2026-08-18 21:12:11]    ✅ 成功抓到 7 筆時段
[2026-08-18 21:12:13] [5507/5921] 耶穌聖心堂 (Attraction_A15010900H_000018)
[2026-08-18 21:12:19]    (透過策略2成功)
[2026-08-18 21:12:19]    ✅ 成功抓到 7 筆時段
[2026-08-18 21:12:21] [5508/5921] 杜巴男紀念館 (Attraction_A15010900H_000019)
[2026-08-18 21:12:26]    ❌ 三種策略皆失敗
[2026-08-18 21:12:28] [5509/5921] 霧台基督教長老教會 (Attraction_A15010900H_000020)
[2026-08-18 21:12:43]    ❌ 三種策略皆失敗
[2026-08-18 21:12:45] [5510/5921] 魯凱族文物館 (Attraction_A15010900H_000021)
[2026-08-18 21:12:49]    ✅ 成功抓到 7 筆時段
[2026-08-18 21:12:49]    💾 存檔！已處理 5510/5921 | 成功 3769 | 失敗 1741
[2026-08-18 21:12:49]       資料庫共 5677 筆，其中 3912 筆有營業時間
[2026-08-18 21:12:49]       速度 4.4 筆/分鐘 | 預估剩餘 93 分鐘
[2026-08-18 21:12:51] [5511/5921] 臺灣原住民族文化園區 (Attraction_A15010900H_000023)
[2026-08-18 21:12:59]    ✅ 成功抓到 7 筆時段
[2026-08-18 21:13:01] [5512/5921] 藤枝國家森林遊樂區 (Attraction_A15010900H_000031)
[2026-08-18 21:13:07]    ❌ 三種策略皆失敗
[2026-08-18 21:13:09] [5513/5921] 布農文化展示中心 (Attraction_A15010900H_000032)
[2026-08-18 21:13:12]    ✅ 成功抓到 7 筆時段
[2026-08-18 21:13:14] [5514/5921] 桃源區原住民文物館 (Attraction_A15010900H_000033)
[2026-08-18 21:13:18]    ✅ 成功抓到 7 筆時段
[2026-08-18 21:13:20] [5515/5921] 妙通寺 (Attraction_A15010900H_000034)
[2026-08-18 21:13:24]    ✅ 成功抓到 7 筆時段
[2026-08-18 21:13:26] [5516/5921] 妙崇寺 (Attraction_A15010900H_000036)
[2026-08-18 21:13:34]    ✅ 成功抓到 7 筆時段
[2026-08-18 21:13:36] [5517/5921] 十八羅漢山 (Attraction_A15010900H_000037)
[2026-08-18 21:13:41]    ❌ 三種策略皆失敗
[2026-08-18 21:13:43] [5518/5921] 神威天臺山 (Attraction_A15010900H_000038)
[2026-08-18 21:13:51]    ✅ 成功抓到 7 筆時段
[2026-08-18 21:13:53] [5519/5921] 新威景觀大橋 (Attraction_A15010900H_000039)
[2026-08-18 21:13:57]    ✅ 成功抓到 7 筆時段
[2026-08-18 21:13:59] [5520/5921] 浦來溪頭社戰道 (Attraction_A15010900H_000040)
[2026-08-18 21:14:04]    ❌ 三種策略皆失敗
[2026-08-18 21:14:04]    💾 存檔！已處理 5520/5921 | 成功 3776 | 失敗 1744
[2026-08-18 21:14:04]       資料庫共 5687 筆，其中 3919 筆有營業時間
[2026-08-18 21:14:04]       速度 4.4 筆/分鐘 | 預估剩餘 91 分鐘
[2026-08-18 21:14:06] [5521/5921] 諦願寺 (Attraction_A15010900H_000041)
[2026-08-18 21:14:09]    ✅ 成功抓到 7 筆時段
[2026-08-18 21:14:11] [5522/5921] 竹林休閒農業區 (Attraction_A15010900H_000043)
[2026-08-18 21:14:16]    ❌ 三種策略皆失敗
[2026-08-18 21:14:18] [5523/5921] 龜王岩 (Attraction_A15010900H_000046)
[2026-08-18 21:14:22]    ✅ 成功抓到 7 筆時段
[2026-08-18 21:14:24] [5524/5921] 東溪大橋 (Attraction_A15010900H_000047)
[2026-08-18 21:14:27]    ✅ 成功抓到 7 筆時段
[2026-08-18 21:14:29] [5525/5921] 新威森林公園 (Attraction_A15010900H_000048)
[2026-08-18 21:14:32]    ✅ 成功抓到 7 筆時段
[2026-08-18 21:14:34] [5526/5921] 茂林入口意象公園 (Attraction_A15010900H_000049)
[2026-08-18 21:14:38]    ✅ 成功抓到 7 筆時段
[2026-08-18 21:14:40] [5527/5921] 茂林遊客中心 (Attraction_A15010900H_000050)
[2026-08-18 21:14:46]    (透過策略2成功)
[2026-08-18 21:14:46]    ✅ 成功抓到 7 筆時段
[2026-08-18 21:14:48] [5528/5921] 多納高吊橋 (Attraction_A15010900H_000051)
[2026-08-18 21:14:52]    ✅ 成功抓到 7 筆時段
[2026-08-18 21:14:54] [5529/5921] 茂林紫蝶生態公園（紫蝶幽谷） (Attraction_A15010900H_000052)
[2026-08-18 21:15:00]    ❌ 三種策略皆失敗
[2026-08-18 21:15:02] [5530/5921] 茂林谷/羅木斯溪步道 (Attraction_A15010900H_000053)
[2026-08-18 21:15:07]    ❌ 三種策略皆失敗
[2026-08-18 21:15:07]    💾 存檔！已處理 5530/5921 | 成功 3783 | 失敗 1747
[2026-08-18 21:15:07]       資料庫共 5697 筆，其中 3926 筆有營業時間
[2026-08-18 21:15:07]       速度 4.4 筆/分鐘 | 預估剩餘 88 分鐘
[2026-08-18 21:15:09] [5531/5921] 蛇頭山 (Attraction_A15010900H_000055)
[2026-08-18 21:15:20]    (透過策略2成功)
[2026-08-18 21:15:20]    ✅ 成功抓到 7 筆時段
[2026-08-18 21:15:22] [5532/5921] 龍頭山遊憩區 (Attraction_A15010900H_000056)
[2026-08-18 21:15:25]    ✅ 成功抓到 7 筆時段
[2026-08-18 21:15:27] [5533/5921] 情人谷 (Attraction_A15010900H_000057)
[2026-08-18 21:15:32]    ❌ 三種策略皆失敗
[2026-08-18 21:15:34] [5534/5921] 多納石板屋 (Attraction_A15010900H_000058)
[2026-08-18 21:15:39]    ❌ 三種策略皆失敗
[2026-08-18 21:15:41] [5535/5921] 姿沙里沙里步道 (Attraction_A15010900H_000059)
[2026-08-18 21:15:44]    ✅ 成功抓到 7 筆時段
[2026-08-18 21:15:46] [5536/5921] 茂林環境教育中心 (Attraction_A15010900H_000062)
[2026-08-18 21:15:57]    ✅ 成功抓到 7 筆時段
[2026-08-18 21:15:59] [5537/5921] 禮納里部落 (Attraction_A15010900H_000063)
[2026-08-18 21:16:02]    ✅ 成功抓到 7 筆時段
[2026-08-18 21:16:04] [5538/5921] 涼山瀑布(暫時封閉) (Attraction_A15010900H_000064)
[2026-08-18 21:16:08]    ✅ 成功抓到 7 筆時段
[2026-08-18 21:16:10] [5539/5921] 三和部落 (Attraction_A15010900H_000067)
[2026-08-18 21:16:13]    ✅ 成功抓到 7 筆時段
[2026-08-18 21:16:15] [5540/5921] 北葉觀景台 (Attraction_A15010900H_000068)
[2026-08-18 21:16:24]    ✅ 成功抓到 7 筆時段
[2026-08-18 21:16:24]    💾 存檔！已處理 5540/5921 | 成功 3791 | 失敗 1749
[2026-08-18 21:16:24]       資料庫共 5707 筆，其中 3934 筆有營業時間
[2026-08-18 21:16:24]       速度 4.4 筆/分鐘 | 預估剩餘 86 分鐘
[2026-08-18 21:16:26] [5541/5921] 萬山部落 (Attraction_A15010900H_000071)
[2026-08-18 21:16:30]    ❌ 三種策略皆失敗
[2026-08-18 21:16:32] [5542/5921] 新威遊客中心 (Attraction_A15010900H_000073)
[2026-08-18 21:16:36]    ✅ 成功抓到 7 筆時段
[2026-08-18 21:16:38] [5543/5921] 禮納里遊客中心 (Attraction_A15010900H_000074)
[2026-08-18 21:16:46]    ✅ 成功抓到 7 筆時段
[2026-08-18 21:16:48] [5544/5921] 大津瀑布 (Attraction_A15010900H_000075)
[2026-08-18 21:16:52]    ✅ 成功抓到 7 筆時段
[2026-08-18 21:16:54] [5545/5921] 不老步道 (Attraction_A15010900H_000078)
[2026-08-18 21:16:59]    ❌ 三種策略皆失敗
[2026-08-18 21:17:01] [5546/5921] 安坡童玩部落 (Attraction_A15010900H_000079)
[2026-08-18 21:17:05]    ❌ 三種策略皆失敗
[2026-08-18 21:17:07] [5547/5921] 德萊公園 (Attraction_A15010900H_000080)
[2026-08-18 21:17:11]    ✅ 成功抓到 7 筆時段
[2026-08-18 21:17:13] [5548/5921] 寶來溫泉區 (Attraction_A15010900H_000081)
[2026-08-18 21:17:18]    ❌ 三種策略皆失敗
[2026-08-18 21:17:20] [5549/5921] 十八羅漢山遊憩區 (Attraction_A15010900H_000083)
[2026-08-18 21:17:28]    ✅ 成功抓到 7 筆時段
[2026-08-18 21:17:30] [5550/5921] 水圳恩公祠 (Attraction_A15010900H_000084)
[2026-08-18 21:17:35]    ❌ 三種策略皆失敗
[2026-08-18 21:17:35]    💾 存檔！已處理 5550/5921 | 成功 3796 | 失敗 1754
[2026-08-18 21:17:35]       資料庫共 5717 筆，其中 3939 筆有營業時間
[2026-08-18 21:17:35]       速度 4.4 筆/分鐘 | 預估剩餘 84 分鐘
[2026-08-18 21:17:37] [5551/5921] 六龜隧道 (Attraction_A15010900H_000085)
[2026-08-18 21:17:45]    ✅ 成功抓到 7 筆時段
[2026-08-18 21:17:47] [5552/5921] 多納部落 (Attraction_A15010900H_000086)
[2026-08-18 21:17:52]    ❌ 三種策略皆失敗
[2026-08-18 21:17:54] [5553/5921] 神山瀑布 (Attraction_A15010900H_000108)
[2026-08-18 21:17:59]    ❌ 三種策略皆失敗
[2026-08-18 21:18:01] [5554/5921] 舊排灣部落 (Attraction_A15010900H_000122)
[2026-08-18 21:18:05]    ❌ 三種策略皆失敗
[2026-08-18 21:18:07] [5555/5921] 彩虹山大佛 (Attraction_A15010900H_000137)
[2026-08-18 21:18:11]    ✅ 成功抓到 7 筆時段
[2026-08-18 21:18:13] [5556/5921] 寶山二集團櫻花公園 (Attraction_A15010900H_000138)
[2026-08-18 21:18:16]    ✅ 成功抓到 7 筆時段
[2026-08-18 21:18:18] [5557/5921] 南橫天池 (Attraction_A15010900H_000139)
[2026-08-18 21:18:22]    ✅ 成功抓到 7 筆時段
[2026-08-18 21:18:24] [5558/5921] 池田屋 (Attraction_A15010900H_000140)
[2026-08-18 21:18:34]    ❌ 三種策略皆失敗
[2026-08-18 21:18:36] [5559/5921] 寶來花賞溫泉公園 (Attraction_A15010900H_000141)
[2026-08-18 21:18:40]    ❌ 三種策略皆失敗
[2026-08-18 21:18:42] [5560/5921] 檨仔腳文化共享空間 (Attraction_A15010900H_000142)
[2026-08-18 21:18:46]    ✅ 成功抓到 7 筆時段
[2026-08-18 21:18:46]    💾 存檔！已處理 5560/5921 | 成功 3801 | 失敗 1759
[2026-08-18 21:18:46]       資料庫共 5727 筆，其中 3944 筆有營業時間
[2026-08-18 21:18:46]       速度 4.4 筆/分鐘 | 預估剩餘 81 分鐘
[2026-08-18 21:18:48] [5561/5921] 小長城步道 (Attraction_A15010900H_000143)
[2026-08-18 21:18:51]    ✅ 成功抓到 7 筆時段
[2026-08-18 21:18:53] [5562/5921] 賽嘉無動力飛行傘 (Attraction_A15010900H_000144)
[2026-08-18 21:18:58]    ❌ 三種策略皆失敗
[2026-08-18 21:19:00] [5563/5921] 神山部落廚藝學校 (Attraction_A15010900H_000146)
[2026-08-18 21:19:03]    ✅ 成功抓到 7 筆時段
[2026-08-18 21:19:05] [5564/5921] 霧臺自然人文生態景觀區 (Attraction_A15010900H_000147)
[2026-08-18 21:19:11]    ❌ 三種策略皆失敗
[2026-08-18 21:19:13] [5565/5921] 禮納里環區步道 (Attraction_A15010900H_000148)
[2026-08-18 21:19:18]    ❌ 三種策略皆失敗
[2026-08-18 21:19:20] [5566/5921] 涼山遊憩區(暫時封閉) (Attraction_A15010900H_000150)
[2026-08-18 21:19:28]    ❌ 三種策略皆失敗
[2026-08-18 21:19:30] [5567/5921] 三地門觀光自行車道 (Attraction_A15010900H_000196)
[2026-08-18 21:19:39]    ❌ 三種策略皆失敗
[2026-08-18 21:19:41] [5568/5921] 寶來老樹廣場 (Attraction_A15010900H_000446)
[2026-08-18 21:19:46]    ❌ 三種策略皆失敗
[2026-08-18 21:19:48] [5569/5921] 櫻木花道 (Attraction_A15011000H_000001)
[2026-08-18 21:19:57]    ✅ 成功抓到 7 筆時段
[2026-08-18 21:19:59] [5570/5921] 淺水灣 (Attraction_A15011000H_000002)
[2026-08-18 21:20:07]    ✅ 成功抓到 7 筆時段
[2026-08-18 21:20:07]    💾 存檔！已處理 5570/5921 | 成功 3805 | 失敗 1765
[2026-08-18 21:20:07]       資料庫共 5737 筆，其中 3948 筆有營業時間
[2026-08-18 21:20:07]       速度 4.4 筆/分鐘 | 預估剩餘 79 分鐘
[2026-08-18 21:20:09] [5571/5921] 茶山步道 (Attraction_A15011000H_000003)
[2026-08-18 21:20:18]    ✅ 成功抓到 7 筆時段
[2026-08-18 21:20:20] [5572/5921] 三芝遊客中心 (Attraction_A15011000H_000004)
[2026-08-18 21:20:23]    ✅ 成功抓到 7 筆時段
[2026-08-18 21:20:25] [5573/5921] 源興居 (Attraction_A15011000H_000010)
[2026-08-18 21:20:29]    ✅ 成功抓到 7 筆時段
[2026-08-18 21:20:31] [5574/5921] 橫山梯田 (Attraction_A15011000H_000012)
[2026-08-18 21:20:42]    (透過策略2成功)
[2026-08-18 21:20:42]    ✅ 成功抓到 7 筆時段
[2026-08-18 21:20:44] [5575/5921] 麟山鼻遊憩區 (Attraction_A15011000H_000013)
[2026-08-18 21:20:48]    ✅ 成功抓到 7 筆時段
[2026-08-18 21:20:50] [5576/5921] 白沙灣水域遊憩區 (Attraction_A15011000H_000014)
[2026-08-18 21:20:55]    ✅ 成功抓到 7 筆時段
[2026-08-18 21:20:57] [5577/5921] 白沙灣遊客中心（白沙灣自然中心） (Attraction_A15011000H_000015)
[2026-08-18 21:21:06]    ✅ 成功抓到 7 筆時段
[2026-08-18 21:21:08] [5578/5921] 富貴角遊憩區 (Attraction_A15011000H_000016)
[2026-08-18 21:21:16]    ✅ 成功抓到 7 筆時段
[2026-08-18 21:21:18] [5579/5921] 石門婚紗廣場 (Attraction_A15011000H_000017)
[2026-08-18 21:21:22]    ✅ 成功抓到 7 筆時段
[2026-08-18 21:21:24] [5580/5921] 富貴角燈塔 (Attraction_A15011000H_000018)
[2026-08-18 21:21:28]    ❌ 三種策略皆失敗
[2026-08-18 21:21:28]    💾 存檔！已處理 5580/5921 | 成功 3814 | 失敗 1766
[2026-08-18 21:21:28]       資料庫共 5747 筆，其中 3957 筆有營業時間
[2026-08-18 21:21:28]       速度 4.4 筆/分鐘 | 預估剩餘 77 分鐘
[2026-08-18 21:21:30] [5581/5921] 富基漁港 (Attraction_A15011000H_000019)
[2026-08-18 21:21:41]    (透過策略2成功)
[2026-08-18 21:21:41]    ✅ 成功抓到 7 筆時段
[2026-08-18 21:21:43] [5582/5921] 青山瀑布步道 (Attraction_A15011000H_000020)
[2026-08-18 21:21:48]    ❌ 三種策略皆失敗
[2026-08-18 21:21:50] [5583/5921] 老梅綠石槽 (Attraction_A15011000H_000021)
[2026-08-18 21:21:54]    ❌ 三種策略皆失敗
[2026-08-18 21:21:56] [5584/5921] 石門風箏公園 (Attraction_A15011000H_000022)
[2026-08-18 21:22:01]    ❌ 三種策略皆失敗
[2026-08-18 21:22:03] [5585/5921] 石門洞 (Attraction_A15011000H_000023)
[2026-08-18 21:22:20]    ❌ 三種策略皆失敗
[2026-08-18 21:22:22] [5586/5921] 石門風力發電站（風車公園） (Attraction_A15011000H_000024)
[2026-08-18 21:22:55]    (透過策略2成功)
[2026-08-18 21:22:55]    ✅ 成功抓到 7 筆時段
[2026-08-18 21:22:57] [5587/5921] 跳石海岸 (Attraction_A15011000H_000026)
[2026-08-18 21:23:01]    ✅ 成功抓到 7 筆時段
[2026-08-18 21:23:03] [5588/5921] 中角灣 (Attraction_A15011000H_000027)
[2026-08-18 21:23:08]    ❌ 三種策略皆失敗
[2026-08-18 21:23:10] [5589/5921] 燭臺雙嶼 (Attraction_A15011000H_000031)
[2026-08-18 21:23:15]    ❌ 三種策略皆失敗
[2026-08-18 21:23:17] [5590/5921] 水尾景觀公園 (Attraction_A15011000H_000032)
[2026-08-18 21:23:31]    ✅ 成功抓到 7 筆時段
[2026-08-18 21:23:31]    💾 存檔！已處理 5590/5921 | 成功 3818 | 失敗 1772
[2026-08-18 21:23:31]       資料庫共 5757 筆，其中 3961 筆有營業時間
[2026-08-18 21:23:31]       速度 4.4 筆/分鐘 | 預估剩餘 75 分鐘
[2026-08-18 21:23:33] [5591/5921] 法鼓山 (Attraction_A15011000H_000037)
[2026-08-18 21:23:39]    ❌ 三種策略皆失敗
[2026-08-18 21:23:41] [5592/5921] 野柳地質公園 (Attraction_A15011000H_000040)
[2026-08-18 21:23:49]    ✅ 成功抓到 7 筆時段
[2026-08-18 21:23:51] [5593/5921] 觀音山遊客中心 (Attraction_A15011000H_000043)
[2026-08-18 21:23:57]    (透過策略2成功)
[2026-08-18 21:23:57]    ✅ 成功抓到 7 筆時段
[2026-08-18 21:23:59] [5594/5921] 硬漢嶺 (Attraction_A15011000H_000045)
[2026-08-18 21:24:04]    ❌ 三種策略皆失敗
[2026-08-18 21:24:06] [5595/5921] 金包里老街 (Attraction_A15011000H_000051)
[2026-08-18 21:24:10]    ✅ 成功抓到 7 筆時段
[2026-08-18 21:24:12] [5596/5921] 情人湖公園 (Attraction_A15011000H_000151)
[2026-08-18 21:24:27]    ✅ 成功抓到 7 筆時段
[2026-08-18 21:24:29] [5597/5921] 大武崙砲台 (Attraction_A15011000H_000152)
[2026-08-18 21:24:32]    ✅ 成功抓到 7 筆時段
[2026-08-18 21:24:34] [5598/5921] 外木山湖海灣 (Attraction_A15011000H_000153)
[2026-08-18 21:24:38]    ✅ 成功抓到 7 筆時段
[2026-08-18 21:24:40] [5599/5921] 和平島地質公園 (Attraction_A15011000H_000155)
[2026-08-18 21:24:55]    ✅ 成功抓到 7 筆時段
[2026-08-18 21:24:57] [5600/5921] 碧砂漁港 (Attraction_A15011000H_000156)
[2026-08-18 21:25:06]    ❌ 三種策略皆失敗
[2026-08-18 21:25:06]    💾 存檔！已處理 5600/5921 | 成功 3825 | 失敗 1775
[2026-08-18 21:25:06]       資料庫共 5767 筆，其中 3968 筆有營業時間
[2026-08-18 21:25:06]       速度 4.4 筆/分鐘 | 預估剩餘 72 分鐘
[2026-08-18 21:25:08] [5601/5921] 國立海洋科技博物館 (Attraction_A15011000H_000157)
[2026-08-18 21:25:20]    (透過策略2成功)
[2026-08-18 21:25:20]    ✅ 成功抓到 7 筆時段
[2026-08-18 21:25:22] [5602/5921] 潮境公園 (Attraction_A15011000H_000158)
[2026-08-18 21:25:27]    ❌ 三種策略皆失敗
[2026-08-18 21:25:29] [5603/5921] 金山萬里溫泉區 (Attraction_A15011000H_000188)
[2026-08-18 21:25:33]    ✅ 成功抓到 7 筆時段
[2026-08-18 21:25:35] [5604/5921] 萬金自行車道 (Attraction_A15011000H_000208)
[2026-08-18 21:25:38]    ✅ 成功抓到 7 筆時段
[2026-08-18 21:25:40] [5605/5921] 雙灣自行車道 (Attraction_A15011000H_000209)
[2026-08-18 21:25:44]    ✅ 成功抓到 7 筆時段
[2026-08-18 21:25:46] [5606/5921] 中角灣遊客中心 (Attraction_A15011000H_000215)
[2026-08-18 21:25:49]    ✅ 成功抓到 7 筆時段
[2026-08-18 21:25:51] [5607/5921] 芝蘭公園海上觀景平台 (Attraction_A15011000H_000227)
[2026-08-18 21:25:55]    ✅ 成功抓到 7 筆時段
[2026-08-18 21:25:57] [5608/5921] 外木山自行車道 (Attraction_A15011000H_000255)
[2026-08-18 21:26:54]    ✅ 成功抓到 7 筆時段
[2026-08-18 21:26:56] [5609/5921] 龜吼漁港 (Attraction_A15011000H_000268)
[2026-08-18 21:27:02]    (透過策略2成功)
[2026-08-18 21:27:02]    ✅ 成功抓到 7 筆時段
[2026-08-18 21:27:04] [5610/5921] 觀音山猛禽展示館 (Attraction_A15011000H_000269)
[2026-08-18 21:27:07]    ✅ 成功抓到 7 筆時段
[2026-08-18 21:27:07]    💾 存檔！已處理 5610/5921 | 成功 3834 | 失敗 1776
[2026-08-18 21:27:07]       資料庫共 5777 筆，其中 3977 筆有營業時間
[2026-08-18 21:27:07]       速度 4.4 筆/分鐘 | 預估剩餘 70 分鐘
[2026-08-18 21:27:09] [5611/5921] 牛港稜步道 (Attraction_A15011000H_000270)
[2026-08-18 21:27:13]    ✅ 成功抓到 7 筆時段
[2026-08-18 21:27:15] [5612/5921] 牛寮埔步道 (Attraction_A15011000H_000271)
[2026-08-18 21:27:18]    ✅ 成功抓到 7 筆時段
[2026-08-18 21:27:20] [5613/5921] 尖山步道 (Attraction_A15011000H_000272)
[2026-08-18 21:27:24]    ✅ 成功抓到 7 筆時段
[2026-08-18 21:27:26] [5614/5921] 硬漢嶺步道 (Attraction_A15011000H_000273)
[2026-08-18 21:27:32]    (透過策略2成功)
[2026-08-18 21:27:32]    ✅ 成功抓到 7 筆時段
[2026-08-18 21:27:34] [5615/5921] 楓櫃斗湖步道 (Attraction_A15011000H_000274)
[2026-08-18 21:27:38]    ✅ 成功抓到 7 筆時段
[2026-08-18 21:27:40] [5616/5921] 福隆山步道 (Attraction_A15011000H_000275)
[2026-08-18 21:27:45]    ❌ 三種策略皆失敗
[2026-08-18 21:27:47] [5617/5921] 灣塔自行車道 (Attraction_A15011000H_000277)
[2026-08-18 21:27:55]    ✅ 成功抓到 7 筆時段
[2026-08-18 21:27:57] [5618/5921] 國聖埔據點 (Attraction_A15011000H_000280)
[2026-08-18 21:28:07]    ❌ 三種策略皆失敗
[2026-08-18 21:28:09] [5619/5921] 李萬居在地精神啟蒙館 (Attraction_A15011100H_000031)
[2026-08-18 21:28:13]    ✅ 成功抓到 7 筆時段
[2026-08-18 21:28:15] [5620/5921] 湖口濕地 (Attraction_A15011100H_000033)
[2026-08-18 21:28:18]    ✅ 成功抓到 7 筆時段
[2026-08-18 21:28:18]    💾 存檔！已處理 5620/5921 | 成功 3842 | 失敗 1778
[2026-08-18 21:28:18]       資料庫共 5787 筆，其中 3985 筆有營業時間
[2026-08-18 21:28:18]       速度 4.4 筆/分鐘 | 預估剩餘 68 分鐘
[2026-08-18 21:28:20] [5621/5921] 鄭豐喜紀念圖書館 (Attraction_A15011100H_000034)
[2026-08-18 21:28:24]    ✅ 成功抓到 7 筆時段
[2026-08-18 21:28:26] [5622/5921] 東石漁人碼頭 (Attraction_A15011100H_000035)
[2026-08-18 21:28:34]    ✅ 成功抓到 7 筆時段
[2026-08-18 21:28:36] [5623/5921] 鰲鼓濕地 (Attraction_A15011100H_000036)
[2026-08-18 21:28:41]    ❌ 三種策略皆失敗
[2026-08-18 21:28:43] [5624/5921] 朴子溪河口濕地(朴子溪出海口) (Attraction_A15011100H_000037)
[2026-08-18 21:28:46]    ✅ 成功抓到 7 筆時段
[2026-08-18 21:28:48] [5625/5921] 白水湖 (Attraction_A15011100H_000039)
[2026-08-18 21:28:53]    ❌ 三種策略皆失敗
[2026-08-18 21:28:55] [5626/5921] 布袋嘉應廟 (Attraction_A15011100H_000040)
[2026-08-18 21:28:59]    ✅ 成功抓到 7 筆時段
[2026-08-18 21:29:01] [5627/5921] 布袋鹽場(布袋鹽山) (Attraction_A15011100H_000041)
[2026-08-18 21:29:05]    ✅ 成功抓到 7 筆時段
[2026-08-18 21:29:07] [5628/5921] 貞愛親王殿下登陸紀念碑 (Attraction_A15011100H_000042)
[2026-08-18 21:29:10]    ✅ 成功抓到 7 筆時段
[2026-08-18 21:29:12] [5629/5921] 新塭嘉應廟 (Attraction_A15011100H_000044)
[2026-08-18 21:29:18]    (透過策略2成功)
[2026-08-18 21:29:18]    ✅ 成功抓到 7 筆時段
[2026-08-18 21:29:20] [5630/5921] 魍港太聖宮 (Attraction_A15011100H_000045)
[2026-08-18 21:29:23]    ✅ 成功抓到 7 筆時段
[2026-08-18 21:29:23]    💾 存檔！已處理 5630/5921 | 成功 3850 | 失敗 1780
[2026-08-18 21:29:23]       資料庫共 5797 筆，其中 3993 筆有營業時間
[2026-08-18 21:29:23]       速度 4.5 筆/分鐘 | 預估剩餘 65 分鐘
[2026-08-18 21:29:25] [5631/5921] 好美寮自然保護區 (Attraction_A15011100H_000046)
[2026-08-18 21:29:29]    ✅ 成功抓到 7 筆時段
[2026-08-18 21:29:31] [5632/5921] 布袋漁港觀光魚市 (Attraction_A15011100H_000047)
[2026-08-18 21:29:34]    ✅ 成功抓到 7 筆時段
[2026-08-18 21:29:36] [5633/5921] 交通部觀光署雲嘉南風景區管理處（含北門出張所） (Attraction_A15011100H_000048)
[2026-08-18 21:29:40]    ✅ 成功抓到 7 筆時段
[2026-08-18 21:29:42] [5634/5921] 蘆竹溝觀光漁港 (Attraction_A15011100H_000049)
[2026-08-18 21:29:45]    ✅ 成功抓到 7 筆時段
[2026-08-18 21:29:47] [5635/5921] 馬沙溝濱海遊憩區 (Attraction_A15011100H_000050)
[2026-08-18 21:29:57]    ❌ 三種策略皆失敗
[2026-08-18 21:29:59] [5636/5921] 將軍觀光漁港 (Attraction_A15011100H_000051)
[2026-08-18 21:30:08]    ✅ 成功抓到 7 筆時段
[2026-08-18 21:30:10] [5637/5921] 觀海樓 (Attraction_A15011100H_000053)
[2026-08-18 21:30:16]    (透過策略2成功)
[2026-08-18 21:30:16]    ✅ 成功抓到 7 筆時段
[2026-08-18 21:30:18] [5638/5921] 蚵寮漁港 (Attraction_A15011100H_000055)
[2026-08-18 21:30:23]    ❌ 三種策略皆失敗
[2026-08-18 21:30:25] [5639/5921] 台灣烏腳病醫療紀念館 (Attraction_A15011100H_000056)
[2026-08-18 21:30:30]    ❌ 三種策略皆失敗
[2026-08-18 21:30:32] [5640/5921] 北門潟湖 (Attraction_A15011100H_000057)
[2026-08-18 21:30:35]    ✅ 成功抓到 7 筆時段
[2026-08-18 21:30:35]    💾 存檔！已處理 5640/5921 | 成功 3857 | 失敗 1783
[2026-08-18 21:30:35]       資料庫共 5807 筆，其中 4000 筆有營業時間
[2026-08-18 21:30:35]       速度 4.5 筆/分鐘 | 預估剩餘 63 分鐘
[2026-08-18 21:30:37] [5641/5921] 七股鹽山園區 (Attraction_A15011100H_000059)
[2026-08-18 21:30:48]    (透過策略2成功)
[2026-08-18 21:30:48]    ✅ 成功抓到 7 筆時段
[2026-08-18 21:30:50] [5642/5921] 七股潟湖 (Attraction_A15011100H_000060)
[2026-08-18 21:30:55]    ❌ 三種策略皆失敗
[2026-08-18 21:30:57] [5643/5921] 龍山宮 (Attraction_A15011100H_000062)
[2026-08-18 21:31:03]    (透過策略2成功)
[2026-08-18 21:31:03]    ✅ 成功抓到 7 筆時段
[2026-08-18 21:31:05] [5644/5921] 四草砲台 (Attraction_A15011100H_000064)
[2026-08-18 21:31:16]    ✅ 成功抓到 7 筆時段
[2026-08-18 21:31:18] [5645/5921] 鄭成功紀念公園 (Attraction_A15011100H_000065)
[2026-08-18 21:31:22]    ✅ 成功抓到 7 筆時段
[2026-08-18 21:31:24] [5646/5921] 土城正統鹿耳門聖母廟 (Attraction_A15011100H_000066)
[2026-08-18 21:31:27]    ✅ 成功抓到 7 筆時段
[2026-08-18 21:31:29] [5647/5921] 鹿耳門天后宮 (Attraction_A15011100H_000067)
[2026-08-18 21:31:35]    (透過策略2成功)
[2026-08-18 21:31:35]    ✅ 成功抓到 7 筆時段
[2026-08-18 21:31:37] [5648/5921] 鹽田生態文化村 (Attraction_A15011100H_000068)
[2026-08-18 21:31:41]    ✅ 成功抓到 7 筆時段
[2026-08-18 21:31:43] [5649/5921] 台灣鹽博物館 (Attraction_A15011100H_000070)
[2026-08-18 21:31:54]    (透過策略2成功)
[2026-08-18 21:31:54]    ✅ 成功抓到 7 筆時段
[2026-08-18 21:31:56] [5650/5921] 黑面琵鷺生態展示館 (Attraction_A15011100H_000071)
[2026-08-18 21:32:00]    ❌ 三種策略皆失敗
[2026-08-18 21:32:00]    💾 存檔！已處理 5650/5921 | 成功 3865 | 失敗 1785
[2026-08-18 21:32:00]       資料庫共 5817 筆，其中 4008 筆有營業時間
[2026-08-18 21:32:00]       速度 4.5 筆/分鐘 | 預估剩餘 61 分鐘
[2026-08-18 21:32:02] [5651/5921] 北門提溴塔 (Attraction_A15011100H_000074)
[2026-08-18 21:32:06]    ✅ 成功抓到 7 筆時段
[2026-08-18 21:32:08] [5652/5921] 六孔碼頭 (Attraction_A15011100H_000077)
[2026-08-18 21:32:19]    (透過策略2成功)
[2026-08-18 21:32:19]    ✅ 成功抓到 7 筆時段
[2026-08-18 21:32:21] [5653/5921] 七股海產街 (Attraction_A15011100H_000081)
[2026-08-18 21:32:40]    ❌ 三種策略皆失敗
[2026-08-18 21:32:42] [5654/5921] 四草野生動物保護區 (Attraction_A15011100H_000084)
[2026-08-18 21:32:45]    ✅ 成功抓到 7 筆時段
[2026-08-18 21:32:47] [5655/5921] 四草大眾廟 (Attraction_A15011100H_000086)
[2026-08-18 21:32:51]    ✅ 成功抓到 7 筆時段
[2026-08-18 21:32:53] [5656/5921] 青鯤鯓扇形鹽田 (Attraction_A15011100H_000087)
[2026-08-18 21:33:09]    ✅ 成功抓到 7 筆時段
[2026-08-18 21:33:11] [5657/5921] 南鯤鯓代天府(大鯤園) (Attraction_A15011100H_000088)
[2026-08-18 21:33:22]    (透過策略2成功)
[2026-08-18 21:33:22]    ✅ 成功抓到 7 筆時段
[2026-08-18 21:33:24] [5658/5921] 東隆宮王爺信仰文物館 (Attraction_A15011100H_000089)
[2026-08-18 21:33:28]    ❌ 三種策略皆失敗
[2026-08-18 21:33:30] [5659/5921] 金湖萬善爺廟 (Attraction_A15011100H_000091)
[2026-08-18 21:33:34]    ✅ 成功抓到 7 筆時段
[2026-08-18 21:33:36] [5660/5921] 成龍濕地 (Attraction_A15011100H_000092)
[2026-08-18 21:33:41]    ❌ 三種策略皆失敗
[2026-08-18 21:33:41]    💾 存檔！已處理 5660/5921 | 成功 3872 | 失敗 1788
[2026-08-18 21:33:41]       資料庫共 5827 筆，其中 4015 筆有營業時間
[2026-08-18 21:33:41]       速度 4.5 筆/分鐘 | 預估剩餘 59 分鐘
[2026-08-18 21:33:43] [5661/5921] 雙春濱海遊憩區 (Attraction_A15011100H_000094)
[2026-08-18 21:33:47]    ❌ 三種策略皆失敗
[2026-08-18 21:33:49] [5662/5921] 三寮灣東隆宮 (Attraction_A15011100H_000096)
[2026-08-18 21:33:53]    ✅ 成功抓到 7 筆時段
[2026-08-18 21:33:55] [5663/5921] 北門九氳氤 (陳姓桂記墓園) (Attraction_A15011100H_000097)
[2026-08-18 21:33:58]    ✅ 成功抓到 7 筆時段
[2026-08-18 21:34:00] [5664/5921] 錢來也雜貨店 (Attraction_A15011100H_000138)
[2026-08-18 21:34:08]    ✅ 成功抓到 7 筆時段
[2026-08-18 21:34:10] [5665/5921] 鰲鼓濕地生態展示館(原東石自然生態展示館) (Attraction_A15011100H_000140)
[2026-08-18 21:34:14]    ✅ 成功抓到 7 筆時段
[2026-08-18 21:34:16] [5666/5921] 篤加聚落文物展覽館 (Attraction_A15011100H_000145)
[2026-08-18 21:34:26]    ❌ 三種策略皆失敗
[2026-08-18 21:34:28] [5667/5921] 馬蹄蛤主題館 (Attraction_A15011100H_000150)
[2026-08-18 21:34:31]    ✅ 成功抓到 7 筆時段
[2026-08-18 21:34:33] [5668/5921] 北門鹽場(北門舊埕州北場鹽田) (Attraction_A15011100H_000152)
[2026-08-18 21:34:40]    ❌ 三種策略皆失敗
[2026-08-18 21:34:42] [5669/5921] 北門遊客中心 (Attraction_A15011100H_000154)
[2026-08-18 21:34:45]    ✅ 成功抓到 7 筆時段
[2026-08-18 21:34:47] [5670/5921] 東石先天宮 (Attraction_A15011100H_000247)
[2026-08-18 21:34:56]    ✅ 成功抓到 7 筆時段
[2026-08-18 21:34:56]    💾 存檔！已處理 5670/5921 | 成功 3879 | 失敗 1791
[2026-08-18 21:34:56]       資料庫共 5837 筆，其中 4022 筆有營業時間
[2026-08-18 21:34:56]       速度 4.5 筆/分鐘 | 預估剩餘 56 分鐘
[2026-08-18 21:34:58] [5671/5921] 七股紅樹林保護區 (Attraction_A15011100H_000248)
[2026-08-18 21:35:02]    ✅ 成功抓到 7 筆時段
[2026-08-18 21:35:04] [5672/5921] 朴子市刺繡文化館 (Attraction_A15011100H_000264)
[2026-08-18 21:35:07]    ✅ 成功抓到 7 筆時段
[2026-08-18 21:35:09] [5673/5921] 嘉義海巡服務區 (Attraction_A15011100H_000265)
[2026-08-18 21:35:14]    ❌ 三種策略皆失敗
[2026-08-18 21:35:16] [5674/5921] 金湖休閒農業區（魅力農店） (Attraction_A15011100H_000266)
[2026-08-18 21:35:24]    ✅ 成功抓到 7 筆時段
[2026-08-18 21:35:26] [5675/5921] 口湖遊客中心 (Attraction_A15011100H_000267)
[2026-08-18 21:35:34]    策略1失敗，嘗試下一個...
[2026-08-18 21:35:38]    (透過策略2成功)
[2026-08-18 21:35:38]    ✅ 成功抓到 7 筆時段
[2026-08-18 21:35:40] [5676/5921] 布袋濕地生態園區 (Attraction_A15011100H_000268)
[2026-08-18 21:35:44]    ✅ 成功抓到 7 筆時段
[2026-08-18 21:35:46] [5677/5921] 四湖海岸植物園 (Attraction_A15011100H_000269)
[2026-08-18 21:35:49]    ✅ 成功抓到 7 筆時段
[2026-08-18 21:35:51] [5678/5921] 萡子寮濱海遊憩區(萡子寮漁港) (Attraction_A15011100H_000270)
[2026-08-18 21:36:09]    ❌ 三種策略皆失敗
[2026-08-18 21:36:11] [5679/5921] 國聖港燈塔 (Attraction_A15011100H_000273)
[2026-08-18 21:36:15]    ✅ 成功抓到 7 筆時段
[2026-08-18 21:36:17] [5680/5921] 青山漁港 (Attraction_A15011100H_000299)
[2026-08-18 21:36:30]    ✅ 成功抓到 7 筆時段
[2026-08-18 21:36:30]    💾 存檔！已處理 5680/5921 | 成功 3887 | 失敗 1793
[2026-08-18 21:36:30]       資料庫共 5847 筆，其中 4030 筆有營業時間
[2026-08-18 21:36:30]       速度 4.5 筆/分鐘 | 預估剩餘 54 分鐘
[2026-08-18 21:36:32] [5681/5921] 四草綠色隧道 (Attraction_A15011100H_000300)
[2026-08-18 21:36:39]    策略1失敗，嘗試下一個...
[2026-08-18 21:36:55]    ❌ 三種策略皆失敗
[2026-08-18 21:36:57] [5682/5921] 洲南鹽場 (Attraction_A15011100H_000301)
[2026-08-18 21:37:48]    ✅ 成功抓到 7 筆時段
[2026-08-18 21:37:50] [5683/5921] 新來源醬園 (Attraction_A15011100H_000302)
[2026-08-18 21:37:56]    (透過策略2成功)
[2026-08-18 21:37:56]    ✅ 成功抓到 7 筆時段
[2026-08-18 21:37:58] [5684/5921] 布袋遊艇港 (Attraction_A15011100H_000303)
[2026-08-18 21:38:04]    (透過策略2成功)
[2026-08-18 21:38:04]    ✅ 成功抓到 7 筆時段
[2026-08-18 21:38:06] [5685/5921] 北門嶼基督教會 (Attraction_A15011100H_000305)
[2026-08-18 21:38:10]    ❌ 三種策略皆失敗
[2026-08-18 21:38:12] [5686/5921] 北門自行車道 (Attraction_A15011100H_000306)
[2026-08-18 21:38:16]    ✅ 成功抓到 7 筆時段
[2026-08-18 21:38:18] [5687/5921] 外傘頂洲沙灘 (Attraction_A15011100H_000309)
[2026-08-18 21:38:22]    ❌ 三種策略皆失敗
[2026-08-18 21:38:24] [5688/5921] 好蝦冏男社 (Attraction_A15011100H_000356)
[2026-08-18 21:38:28]    ✅ 成功抓到 7 筆時段
[2026-08-18 21:38:30] [5689/5921] 梧北鐵花窗社區(椬梧社區) (Attraction_A15011100H_000357)
[2026-08-18 21:38:41]    (透過策略2成功)
[2026-08-18 21:38:41]    ✅ 成功抓到 7 筆時段
[2026-08-18 21:38:43] [5690/5921] 井仔腳瓦盤鹽田 (Attraction_A15011100H_000369)
[2026-08-18 21:38:46]    ✅ 成功抓到 7 筆時段
[2026-08-18 21:38:46]    💾 存檔！已處理 5690/5921 | 成功 3894 | 失敗 1796
[2026-08-18 21:38:46]       資料庫共 5857 筆，其中 4037 筆有營業時間
[2026-08-18 21:38:46]       速度 4.5 筆/分鐘 | 預估剩餘 52 分鐘
[2026-08-18 21:38:48] [5691/5921] 鄭豐喜故居 (Attraction_A15011100H_000372)
[2026-08-18 21:38:52]    ✅ 成功抓到 7 筆時段
[2026-08-18 21:38:54] [5692/5921] 水晶教堂 (Attraction_A15011100H_000486)
[2026-08-18 21:38:58]    ✅ 成功抓到 7 筆時段
[2026-08-18 21:39:00] [5693/5921] 洪通故居 (Attraction_A15011100H_000489)
[2026-08-18 21:39:03]    ✅ 成功抓到 7 筆時段
[2026-08-18 21:39:05] [5694/5921] 故宮博物院-南部院區 (Attraction_A15011100H_000490)
[2026-08-18 21:39:09]    ✅ 成功抓到 7 筆時段
[2026-08-18 21:39:11] [5695/5921] 好美里3D彩繪村 (Attraction_A15011100H_000492)
[2026-08-18 21:39:14]    ✅ 成功抓到 7 筆時段
[2026-08-18 21:39:16] [5696/5921] 高跟鞋教堂 (Attraction_A15011100H_000493)
[2026-08-18 21:39:20]    ✅ 成功抓到 7 筆時段
[2026-08-18 21:39:22] [5697/5921] 七股遊客中心 (Attraction_A15011100H_000511)
[2026-08-18 21:39:26]    ✅ 成功抓到 7 筆時段
[2026-08-18 21:39:28] [5698/5921] 馬沙溝3D彩繪村 (Attraction_A15011100H_000517)
[2026-08-18 21:39:32]    ✅ 成功抓到 7 筆時段
[2026-08-18 21:39:34] [5699/5921] 萡子寮喔熊藝術村 (Attraction_A15011100H_000518)
[2026-08-18 21:39:37]    ✅ 成功抓到 7 筆時段
[2026-08-18 21:39:39] [5700/5921] 布袋543故事館 (Attraction_A15011100H_000558)
[2026-08-18 21:39:43]    ✅ 成功抓到 7 筆時段
[2026-08-18 21:39:43]    💾 存檔！已處理 5700/5921 | 成功 3904 | 失敗 1796
[2026-08-18 21:39:43]       資料庫共 5867 筆，其中 4047 筆有營業時間
[2026-08-18 21:39:43]       速度 4.5 筆/分鐘 | 預估剩餘 49 分鐘
[2026-08-18 21:39:45] [5701/5921] 四湖海清宮一線天自行車道 (Attraction_A15011100H_000560)
[2026-08-18 21:39:50]    ❌ 三種策略皆失敗
[2026-08-18 21:39:52] [5702/5921] 椬梧滯洪池 (Attraction_A15011100H_000562)
[2026-08-18 21:39:56]    ❌ 三種策略皆失敗
[2026-08-18 21:39:58] [5703/5921] 向禾休閒漁場 (Attraction_A15011100H_000563)
[2026-08-18 21:40:02]    ✅ 成功抓到 7 筆時段
[2026-08-18 21:40:04] [5704/5921] 新岑公園 (Attraction_A15011100H_001571)
[2026-08-18 21:40:07]    ✅ 成功抓到 7 筆時段
[2026-08-18 21:40:09] [5705/5921] 布袋海上巴士(蛋糕沙灘體驗) (Attraction_A15011100H_001572)
[2026-08-18 21:40:13]    ✅ 成功抓到 7 筆時段
[2026-08-18 21:40:15] [5706/5921] 余順豐花生觀光工廠 (Attraction_A15011100H_001573)
[2026-08-18 21:40:19]    ✅ 成功抓到 7 筆時段
[2026-08-18 21:40:21] [5707/5921] 好美船屋(好美農漁產) (Attraction_A15011100H_001574)
[2026-08-18 21:40:24]    ✅ 成功抓到 7 筆時段
[2026-08-18 21:40:26] [5708/5921] 布袋東港山 (Attraction_A15011100H_001575)
[2026-08-18 21:40:43]    ✅ 成功抓到 7 筆時段
[2026-08-18 21:40:45] [5709/5921] 1920美漾森林 (Attraction_A15011100H_001646)
[2026-08-18 21:40:48]    ✅ 成功抓到 7 筆時段
[2026-08-18 21:40:50] [5710/5921] 一起久久驛站 (Attraction_A15011100H_001647)
[2026-08-18 21:41:13]    ❌ 三種策略皆失敗
[2026-08-18 21:41:13]    💾 存檔！已處理 5710/5921 | 成功 3911 | 失敗 1799
[2026-08-18 21:41:13]       資料庫共 5877 筆，其中 4054 筆有營業時間
[2026-08-18 21:41:13]       速度 4.5 筆/分鐘 | 預估剩餘 47 分鐘
[2026-08-18 21:41:15] [5711/5921] 官田水雉生態教育園區 (Attraction_A15011200H_000001)
[2026-08-18 21:41:27]    ✅ 成功抓到 7 筆時段
[2026-08-18 21:41:29] [5712/5921] 水火同源 (Attraction_A15011200H_000003)
[2026-08-18 21:41:48]    ✅ 成功抓到 7 筆時段
[2026-08-18 21:41:50] [5713/5921] 碧雲寺 (Attraction_A15011200H_000008)
[2026-08-18 21:42:11]    ❌ 三種策略皆失敗
[2026-08-18 21:42:13] [5714/5921] 大仙寺 (Attraction_A15011200H_000009)
[2026-08-18 21:42:21]    ✅ 成功抓到 7 筆時段
[2026-08-18 21:42:23] [5715/5921] 六重溪平埔文化園區 (Attraction_A15011200H_000011)
[2026-08-18 21:42:29]    ❌ 三種策略皆失敗
[2026-08-18 21:42:31] [5716/5921] 仙湖休閒農場 (Attraction_A15011200H_000013)
[2026-08-18 21:42:34]    ✅ 成功抓到 7 筆時段
[2026-08-18 21:42:36] [5717/5921] 中興大學新化林場 (Attraction_A15011200H_000014)
[2026-08-18 21:42:40]    ✅ 成功抓到 7 筆時段
[2026-08-18 21:42:42] [5718/5921] 柳營尖山埤渡假村 (Attraction_A15011200H_000015)
[2026-08-18 21:42:47]    ❌ 三種策略皆失敗
[2026-08-18 21:42:49] [5719/5921] 烏山頭水庫風景區 (Attraction_A15011200H_000018)
[2026-08-18 21:43:08]    ❌ 三種策略皆失敗
[2026-08-18 21:43:10] [5720/5921] 走馬瀨農場 (Attraction_A15011200H_000021)
[2026-08-18 21:43:15]    ❌ 三種策略皆失敗
[2026-08-18 21:43:15]    💾 存檔！已處理 5720/5921 | 成功 3916 | 失敗 1804
[2026-08-18 21:43:15]       資料庫共 5887 筆，其中 4059 筆有營業時間
[2026-08-18 21:43:15]       速度 4.5 筆/分鐘 | 預估剩餘 45 分鐘
[2026-08-18 21:43:17] [5721/5921] 臺南左鎮化石園區 (Attraction_A15011200H_000022)
[2026-08-18 21:43:20]    ✅ 成功抓到 7 筆時段
[2026-08-18 21:43:22] [5722/5921] 新化老街 (Attraction_A15011200H_000023)
[2026-08-18 21:43:26]    ✅ 成功抓到 7 筆時段
[2026-08-18 21:43:28] [5723/5921] 大坑休閒農場 (Attraction_A15011200H_000024)
[2026-08-18 21:43:36]    ✅ 成功抓到 7 筆時段
[2026-08-18 21:43:38] [5724/5921] 虎頭埤水庫風景區 (Attraction_A15011200H_000025)
[2026-08-18 21:43:43]    ❌ 三種策略皆失敗
[2026-08-18 21:43:45] [5725/5921] 噶瑪噶居寺 (Attraction_A15011200H_000026)
[2026-08-18 21:43:49]    ✅ 成功抓到 7 筆時段
[2026-08-18 21:43:51] [5726/5921] 鹿陶洋江家聚落 (Attraction_A15011200H_000030)
[2026-08-18 21:43:54]    ✅ 成功抓到 7 筆時段
[2026-08-18 21:43:56] [5727/5921] 梅嶺風景區 (Attraction_A15011200H_000031)
[2026-08-18 21:44:00]    ✅ 成功抓到 7 筆時段
[2026-08-18 21:44:02] [5728/5921] 曾文水庫風景區 (Attraction_A15011200H_000032)
[2026-08-18 21:44:07]    ❌ 三種策略皆失敗
[2026-08-18 21:44:09] [5729/5921] 白河林初埤木棉花道 (Attraction_A15011200H_000033)
[2026-08-18 21:44:12]    ✅ 成功抓到 7 筆時段
[2026-08-18 21:44:14] [5730/5921] 虎頭山 (Attraction_A15011200H_000034)
[2026-08-18 21:44:29]    ❌ 三種策略皆失敗
[2026-08-18 21:44:29]    💾 存檔！已處理 5730/5921 | 成功 3923 | 失敗 1807
[2026-08-18 21:44:29]       資料庫共 5897 筆，其中 4066 筆有營業時間
[2026-08-18 21:44:29]       速度 4.5 筆/分鐘 | 預估剩餘 43 分鐘
[2026-08-18 21:44:31] [5731/5921] 八田與一紀念園區 (Attraction_A15011200H_000037)
[2026-08-18 21:44:40]    ✅ 成功抓到 7 筆時段
[2026-08-18 21:44:42] [5732/5921] 南化遊客中心 (Attraction_A15011200H_000040)
[2026-08-18 21:44:45]    ✅ 成功抓到 7 筆時段
[2026-08-18 21:44:47] [5733/5921] 龜丹溫泉體驗池 (Attraction_A15011200H_000098)
[2026-08-18 21:44:51]    ✅ 成功抓到 7 筆時段
[2026-08-18 21:44:53] [5734/5921] 中埔遊客中心 (Attraction_A15011200H_000099)
[2026-08-18 21:44:56]    ✅ 成功抓到 7 筆時段
[2026-08-18 21:44:58] [5735/5921] 官田遊客中心(交通部觀光署西拉雅國家風景區管理處行政中心) (Attraction_A15011200H_000100)
[2026-08-18 21:45:02]    ✅ 成功抓到 7 筆時段
[2026-08-18 21:45:04] [5736/5921] 大埔情人公園 (Attraction_A15011200H_000104)
[2026-08-18 21:45:07]    ✅ 成功抓到 7 筆時段
[2026-08-18 21:45:09] [5737/5921] 玄空法寺 (Attraction_A15011200H_000105)
[2026-08-18 21:45:13]    ✅ 成功抓到 7 筆時段
[2026-08-18 21:45:15] [5738/5921] 南瀛天文教育園區 (Attraction_A15011200H_000127)
[2026-08-18 21:45:18]    ✅ 成功抓到 7 筆時段
[2026-08-18 21:45:20] [5739/5921] 隆田chacha文化資產教育園區 (Attraction_A15011200H_000147)
[2026-08-18 21:45:24]    ✅ 成功抓到 7 筆時段
[2026-08-18 21:45:26] [5740/5921] 嶺頂旅遊資訊站(大成殿) (Attraction_A15011200H_000148)
[2026-08-18 21:45:29]    ✅ 成功抓到 7 筆時段
[2026-08-18 21:45:29]    💾 存檔！已處理 5740/5921 | 成功 3933 | 失敗 1807
[2026-08-18 21:45:29]       資料庫共 5907 筆，其中 4076 筆有營業時間
[2026-08-18 21:45:29]       速度 4.5 筆/分鐘 | 預估剩餘 40 分鐘
[2026-08-18 21:45:32] [5741/5921] 臺灣木材故事館 (Attraction_A15011200H_000149)
[2026-08-18 21:45:35]    ✅ 成功抓到 7 筆時段
[2026-08-18 21:45:37] [5742/5921] 二寮觀日平台 (Attraction_A15011200H_000150)
[2026-08-18 21:45:42]    ❌ 三種策略皆失敗
[2026-08-18 21:45:44] [5743/5921] 大崎村落創藝基地 (Attraction_A15011200H_000151)
[2026-08-18 21:45:48]    ❌ 三種策略皆失敗
[2026-08-18 21:45:50] [5744/5921] 臺南市左鎮公舘社區 (Attraction_A15011200H_000153)
[2026-08-18 21:45:54]    ✅ 成功抓到 7 筆時段
[2026-08-18 21:45:56] [5745/5921] 牛埔泥岩水土保持教學園區 (Attraction_A15011200H_000154)
[2026-08-18 21:46:04]    ✅ 成功抓到 7 筆時段
[2026-08-18 21:46:06] [5746/5921] 龍船窩觀日平台 (Attraction_A15011200H_000155)
[2026-08-18 21:46:10]    ✅ 成功抓到 7 筆時段
[2026-08-18 21:46:12] [5747/5921] 石硦林場 (Attraction_A15011200H_000156)
[2026-08-18 21:46:16]    ✅ 成功抓到 7 筆時段
[2026-08-18 21:46:18] [5748/5921] 關子嶺溫泉 (Attraction_A15011200H_000157)
[2026-08-18 21:46:23]    ❌ 三種策略皆失敗
[2026-08-18 21:46:25] [5749/5921] 臺南山上花園水道博物館 (Attraction_A15011200H_000160)
[2026-08-18 21:46:28]    ✅ 成功抓到 7 筆時段
[2026-08-18 21:46:30] [5750/5921] 龍崎文衡殿 (Attraction_A15011200H_000173)
[2026-08-18 21:46:34]    ✅ 成功抓到 7 筆時段
[2026-08-18 21:46:34]    💾 存檔！已處理 5750/5921 | 成功 3940 | 失敗 1810
[2026-08-18 21:46:34]       資料庫共 5917 筆，其中 4083 筆有營業時間
[2026-08-18 21:46:34]       速度 4.5 筆/分鐘 | 預估剩餘 38 分鐘
[2026-08-18 21:46:36] [5751/5921] 大埔鄉北極殿 (Attraction_A15011200H_000174)
[2026-08-18 21:46:39]    ✅ 成功抓到 7 筆時段
[2026-08-18 21:46:41] [5752/5921] 175咖啡公路 (Attraction_A15011200H_000175)
[2026-08-18 21:46:50]    ✅ 成功抓到 7 筆時段
[2026-08-18 21:46:52] [5753/5921] 西拉雅族吉貝耍部落 (Attraction_A15011200H_000176)
[2026-08-18 21:46:55]    ✅ 成功抓到 7 筆時段
[2026-08-18 21:46:57] [5754/5921] 嶺頂公園 (Attraction_A15011200H_000177)
[2026-08-18 21:47:02]    ❌ 三種策略皆失敗
[2026-08-18 21:47:04] [5755/5921] 台灣意象書法館 (Attraction_A15011200H_000178)
[2026-08-18 21:47:09]    ❌ 三種策略皆失敗
[2026-08-18 21:47:11] [5756/5921] 蘭都觀光工廠 (Attraction_A15011200H_000179)
[2026-08-18 21:47:14]    ✅ 成功抓到 7 筆時段
[2026-08-18 21:47:16] [5757/5921] 神秘氣場露營區 (Attraction_A15011200H_000183)
[2026-08-18 21:47:21]    ❌ 三種策略皆失敗
[2026-08-18 21:47:23] [5758/5921] 十果文創園區 (Attraction_A15011200H_000206)
[2026-08-18 21:47:26]    ✅ 成功抓到 7 筆時段
[2026-08-18 21:47:28] [5759/5921] 紅葉公園 (Attraction_A15011200H_000207)
[2026-08-18 21:47:32]    ✅ 成功抓到 7 筆時段
[2026-08-18 21:47:34] [5760/5921] 黃金瀑布 (Attraction_A15011300H_000002)
[2026-08-18 21:47:43]    ✅ 成功抓到 7 筆時段
[2026-08-18 21:47:43]    💾 存檔！已處理 5760/5921 | 成功 3947 | 失敗 1813
[2026-08-18 21:47:43]       資料庫共 5927 筆，其中 4090 筆有營業時間
[2026-08-18 21:47:43]       速度 4.5 筆/分鐘 | 預估剩餘 36 分鐘
[2026-08-18 21:47:45] [5761/5921] 南雅奇岩 (Attraction_A15011300H_000007)
[2026-08-18 21:47:49]    ❌ 三種策略皆失敗
[2026-08-18 21:47:51] [5762/5921] 新北市立黃金博物館 (Attraction_A15011300H_000008)
[2026-08-18 21:47:55]    ✅ 成功抓到 7 筆時段
[2026-08-18 21:47:57] [5763/5921] 福隆遊客中心 (Attraction_A15011300H_000009)
[2026-08-18 21:48:01]    ✅ 成功抓到 7 筆時段
[2026-08-18 21:48:03] [5764/5921] 南子吝步道 (Attraction_A15011300H_000018)
[2026-08-18 21:48:07]    ✅ 成功抓到 7 筆時段
[2026-08-18 21:48:09] [5765/5921] 鼻頭服務區 (Attraction_A15011300H_000019)
[2026-08-18 21:48:15]    (透過策略2成功)
[2026-08-18 21:48:15]    ✅ 成功抓到 7 筆時段
[2026-08-18 21:48:17] [5766/5921] 鼻頭龍洞地質公園 (Attraction_A15011300H_000020)
[2026-08-18 21:48:20]    ✅ 成功抓到 7 筆時段
[2026-08-18 21:48:22] [5767/5921] 鼻頭角步道 (Attraction_A15011300H_000021)
[2026-08-18 21:48:31]    ✅ 成功抓到 7 筆時段
[2026-08-18 21:48:33] [5768/5921] 舊草嶺自行車隧道 (Attraction_A15011300H_000034)
[2026-08-18 21:48:37]    ❌ 三種策略皆失敗
[2026-08-18 21:48:39] [5769/5921] 福隆海水浴場 (Attraction_A15011300H_000035)
[2026-08-18 21:48:44]    ❌ 三種策略皆失敗
[2026-08-18 21:48:46] [5770/5921] 永鎮濱海遊憩區 (Attraction_A15011300H_000036)
[2026-08-18 21:49:01]    ❌ 三種策略皆失敗
[2026-08-18 21:49:01]    💾 存檔！已處理 5770/5921 | 成功 3953 | 失敗 1817
[2026-08-18 21:49:01]       資料庫共 5937 筆，其中 4096 筆有營業時間
[2026-08-18 21:49:01]       速度 4.5 筆/分鐘 | 預估剩餘 34 分鐘
[2026-08-18 21:49:03] [5771/5921] 壯圍沙丘生態園區 (Attraction_A15011300H_000054)
[2026-08-18 21:49:07]    ✅ 成功抓到 7 筆時段
[2026-08-18 21:49:09] [5772/5921] 龍洞灣海洋公園 (Attraction_A15011300H_000055)
[2026-08-18 21:49:13]    ✅ 成功抓到 7 筆時段
[2026-08-18 21:49:15] [5773/5921] 龍洞南口海洋公園(龍洞四季灣) (Attraction_A15011300H_000056)
[2026-08-18 21:49:32]    ❌ 三種策略皆失敗
[2026-08-18 21:49:34] [5774/5921] 龍洞灣岬步道 (Attraction_A15011300H_000057)
[2026-08-18 21:49:37]    ✅ 成功抓到 7 筆時段
[2026-08-18 21:49:39] [5775/5921] 龍洞岩場 (Attraction_A15011300H_000058)
[2026-08-18 21:49:43]    ✅ 成功抓到 7 筆時段
[2026-08-18 21:49:45] [5776/5921] 金沙灣海濱公園 (Attraction_A15011300H_000059)
[2026-08-18 21:49:49]    ✅ 成功抓到 7 筆時段
[2026-08-18 21:49:51] [5777/5921] 鹽寮海濱公園(藍灣咖啡) (Attraction_A15011300H_000061)
[2026-08-18 21:49:59]    ✅ 成功抓到 7 筆時段
[2026-08-18 21:50:01] [5778/5921] 龍門露營區 (Attraction_A15011300H_000062)
[2026-08-18 21:50:06]    ❌ 三種策略皆失敗
[2026-08-18 21:50:08] [5779/5921] 遠望坑親水公園 (Attraction_A15011300H_000064)
[2026-08-18 21:50:11]    ✅ 成功抓到 7 筆時段
[2026-08-18 21:50:13] [5780/5921] 靈鷲山無生道場 (Attraction_A15011300H_000065)
[2026-08-18 21:50:17]    ✅ 成功抓到 7 筆時段
[2026-08-18 21:50:17]    💾 存檔！已處理 5780/5921 | 成功 3961 | 失敗 1819
[2026-08-18 21:50:17]       資料庫共 5947 筆，其中 4104 筆有營業時間
[2026-08-18 21:50:17]       速度 4.5 筆/分鐘 | 預估剩餘 31 分鐘
[2026-08-18 21:50:19] [5781/5921] 卯澳灣 (Attraction_A15011300H_000066)
[2026-08-18 21:50:22]    ✅ 成功抓到 7 筆時段
[2026-08-18 21:50:24] [5782/5921] 馬崗潮間帶 (Attraction_A15011300H_000067)
[2026-08-18 21:50:28]    ✅ 成功抓到 7 筆時段
[2026-08-18 21:50:30] [5783/5921] 三貂角燈塔步道 (Attraction_A15011300H_000069)
[2026-08-18 21:50:35]    ❌ 三種策略皆失敗
[2026-08-18 21:50:37] [5784/5921] 萊萊地質區 (Attraction_A15011300H_000070)
[2026-08-18 21:50:42]    ❌ 三種策略皆失敗
[2026-08-18 21:50:44] [5785/5921] 四角窟觀景台 (Attraction_A15011300H_000072)
[2026-08-18 21:50:47]    ✅ 成功抓到 7 筆時段
[2026-08-18 21:50:49] [5786/5921] 石城服務區(灆咖啡) (Attraction_A15011300H_010057)
[2026-08-18 21:50:53]    ✅ 成功抓到 7 筆時段
[2026-08-18 21:50:55] [5787/5921] 大里天公廟(草嶺慶雲宮) (Attraction_A15011300H_010058)
[2026-08-18 21:50:58]    ✅ 成功抓到 7 筆時段
[2026-08-18 21:51:00] [5788/5921] 大里遊客中心 (Attraction_A15011300H_010059)
[2026-08-18 21:51:12]    ❌ 三種策略皆失敗
[2026-08-18 21:51:14] [5789/5921] 草嶺古道 (Attraction_A15011300H_010060)
[2026-08-18 21:51:19]    ❌ 三種策略皆失敗
[2026-08-18 21:51:21] [5790/5921] 桃源谷 (Attraction_A15011300H_010061)
[2026-08-18 21:51:26]    ❌ 三種策略皆失敗
[2026-08-18 21:51:26]    💾 存檔！已處理 5790/5921 | 成功 3966 | 失敗 1824
[2026-08-18 21:51:26]       資料庫共 5957 筆，其中 4109 筆有營業時間
[2026-08-18 21:51:26]       速度 4.5 筆/分鐘 | 預估剩餘 29 分鐘
[2026-08-18 21:51:28] [5791/5921] 大溪漁港 (Attraction_A15011300H_010063)
[2026-08-18 21:51:38]    ❌ 三種策略皆失敗
[2026-08-18 21:51:40] [5792/5921] 大溪蜜月灣 (Attraction_A15011300H_010064)
[2026-08-18 21:51:46]    (透過策略2成功)
[2026-08-18 21:51:46]    ✅ 成功抓到 7 筆時段
[2026-08-18 21:51:48] [5793/5921] 北關海潮公園 (Attraction_A15011300H_010066)
[2026-08-18 21:51:51]    ✅ 成功抓到 7 筆時段
[2026-08-18 21:51:53] [5794/5921] 外澳服務區 (Attraction_A15011300H_010069)
[2026-08-18 21:51:58]    ❌ 三種策略皆失敗
[2026-08-18 21:52:00] [5795/5921] 烏石港 (Attraction_A15011300H_010070)
[2026-08-18 21:52:04]    ❌ 三種策略皆失敗
[2026-08-18 21:52:06] [5796/5921] 龜山島 (Attraction_A15011300H_010073)
[2026-08-18 21:52:11]    ❌ 三種策略皆失敗
[2026-08-18 21:52:13] [5797/5921] 竹安溪口 (Attraction_A15011300H_010074)
[2026-08-18 21:52:17]    ✅ 成功抓到 7 筆時段
[2026-08-18 21:52:19] [5798/5921] 頭城休閒農場 (Attraction_A15011300H_010075)
[2026-08-18 21:52:24]    ❌ 三種策略皆失敗
[2026-08-18 21:52:26] [5799/5921] 宜蘭濱海自行車道 (Attraction_A15011300H_010076)
[2026-08-18 21:52:31]    ❌ 三種策略皆失敗
[2026-08-18 21:52:33] [5800/5921] 蘭陽溪口 (Attraction_A15011300H_010077)
[2026-08-18 21:52:37]    ❌ 三種策略皆失敗
[2026-08-18 21:52:37]    💾 存檔！已處理 5800/5921 | 成功 3969 | 失敗 1831
[2026-08-18 21:52:37]       資料庫共 5967 筆，其中 4112 筆有營業時間
[2026-08-18 21:52:37]       速度 4.5 筆/分鐘 | 預估剩餘 27 分鐘
[2026-08-18 21:52:40] [5801/5921] 東港榕樹公園 (Attraction_A15011300H_010078)
[2026-08-18 21:52:43]    ✅ 成功抓到 7 筆時段
[2026-08-18 21:52:45] [5802/5921] 無尾港水鳥保護區 (Attraction_A15011300H_010083)
[2026-08-18 21:52:49]    ✅ 成功抓到 7 筆時段
[2026-08-18 21:52:51] [5803/5921] 蘇澳冷泉 (Attraction_A15011300H_010084)
[2026-08-18 21:52:55]    ❌ 三種策略皆失敗
[2026-08-18 21:52:57] [5804/5921] 蘇澳港 (Attraction_A15011300H_010085)
[2026-08-18 21:53:03]    (透過策略2成功)
[2026-08-18 21:53:03]    ✅ 成功抓到 7 筆時段
[2026-08-18 21:53:05] [5805/5921] 五十二甲賞鳥區 (Attraction_A15011300H_010086)
[2026-08-18 21:53:09]    ✅ 成功抓到 7 筆時段
[2026-08-18 21:53:11] [5806/5921] 國立傳統藝術中心宜蘭傳藝園區 (Attraction_A15011300H_010087)
[2026-08-18 21:53:15]    ❌ 三種策略皆失敗
[2026-08-18 21:53:17] [5807/5921] 冬山河親水公園 (Attraction_A15011300H_010088)
[2026-08-18 21:53:21]    ✅ 成功抓到 7 筆時段
[2026-08-18 21:53:23] [5808/5921] 豆腐岬遊憩區 (Attraction_A15011300H_010090)
[2026-08-18 21:53:27]    ❌ 三種策略皆失敗
[2026-08-18 21:53:29] [5809/5921] 內埤海灘 (Attraction_A15011300H_010092)
[2026-08-18 21:53:34]    ❌ 三種策略皆失敗
[2026-08-18 21:53:36] [5810/5921] 南方澳觀景台 (Attraction_A15011300H_010094)
[2026-08-18 21:53:40]    ✅ 成功抓到 7 筆時段
[2026-08-18 21:53:40]    💾 存檔！已處理 5810/5921 | 成功 3975 | 失敗 1835
[2026-08-18 21:53:40]       資料庫共 5977 筆，其中 4118 筆有營業時間
[2026-08-18 21:53:40]       速度 4.5 筆/分鐘 | 預估剩餘 25 分鐘
[2026-08-18 21:53:42] [5811/5921] 南方澳遊客中心 (Attraction_A15011300H_010095)
[2026-08-18 21:53:45]    ✅ 成功抓到 7 筆時段
[2026-08-18 21:53:47] [5812/5921] 靈鷲山‧福城 (Attraction_A15011300H_020563)
[2026-08-18 21:53:51]    ✅ 成功抓到 7 筆時段
[2026-08-18 21:53:53] [5813/5921] 永鎮濱海驛站(等日初) (Attraction_A15011300H_020612)
[2026-08-18 21:54:00]    ❌ 三種策略皆失敗
[2026-08-18 21:54:02] [5814/5921] 源古本舖 (Attraction_A25000000E_000001)
[2026-08-18 21:54:05]    ✅ 成功抓到 7 筆時段
[2026-08-18 21:54:07] [5815/5921] 台東糖廠 (Attraction_A25000000E_000002)
[2026-08-18 21:54:12]    ❌ 三種策略皆失敗
[2026-08-18 21:54:14] [5816/5921] 富興工廠1962 (Attraction_A25000000E_000003)
[2026-08-18 21:54:18]    ✅ 成功抓到 7 筆時段
[2026-08-18 21:54:20] [5817/5921] 南投戲院 (Attraction_A25000000E_000004)
[2026-08-18 21:54:25]    ❌ 三種策略皆失敗
[2026-08-18 21:54:27] [5818/5921] 檨仔腳文化共享空間 (Attraction_A25000000E_000005)
[2026-08-18 21:54:31]    ✅ 成功抓到 7 筆時段
[2026-08-18 21:54:33] [5819/5921] 台灣藺草學會－農村工藝生活館 (Attraction_A25000000E_000006)
[2026-08-18 21:54:38]    ❌ 三種策略皆失敗
[2026-08-18 21:54:40] [5820/5921] 豐田大同戲院 (Attraction_A25000000E_000007)
[2026-08-18 21:54:43]    ✅ 成功抓到 7 筆時段
[2026-08-18 21:54:43]    💾 存檔！已處理 5820/5921 | 成功 3981 | 失敗 1839
[2026-08-18 21:54:43]       資料庫共 5987 筆，其中 4124 筆有營業時間
[2026-08-18 21:54:43]       速度 4.5 筆/分鐘 | 預估剩餘 22 分鐘
[2026-08-18 21:54:46] [5821/5921] 南排灣的紅寶石-高士佛社 (Attraction_A25000000E_000008)
[2026-08-18 21:54:51]    ❌ 三種策略皆失敗
[2026-08-18 21:54:53] [5822/5921] 毓繡美術館 (Attraction_A25000000E_000009)
[2026-08-18 21:54:57]    ✅ 成功抓到 7 筆時段
[2026-08-18 21:54:59] [5823/5921] 雲林故事館-故事ㄟ厝 (Attraction_A25000000E_000010)
[2026-08-18 21:55:03]    ✅ 成功抓到 7 筆時段
[2026-08-18 21:55:05] [5824/5921] 大山北月 (Attraction_A25000000E_000011)
[2026-08-18 21:55:09]    ✅ 成功抓到 7 筆時段
[2026-08-18 21:55:11] [5825/5921] 霧峰林家宮保第園區 (Attraction_A25000000E_000012)
[2026-08-18 21:55:15]    ✅ 成功抓到 7 筆時段
[2026-08-18 21:55:17] [5826/5921] 88藝療所 (Attraction_A25000000E_000013)
[2026-08-18 21:55:22]    ❌ 三種策略皆失敗
[2026-08-18 21:55:24] [5827/5921] 絕版影像館UP Gallery (Attraction_A25000000E_000014)
[2026-08-18 21:55:28]    ✅ 成功抓到 7 筆時段
[2026-08-18 21:55:30] [5828/5921] 蕭如松藝術園區 (Attraction_A25000000E_000015)
[2026-08-18 21:55:33]    ✅ 成功抓到 7 筆時段
[2026-08-18 21:55:35] [5829/5921] 大林慢城發展協會 (Attraction_A25000000E_000016)
[2026-08-18 21:55:41]    ❌ 三種策略皆失敗
[2026-08-18 21:55:43] [5830/5921] 星濱山共創工作室-永晝海濱美術館 (Attraction_A25000000E_000017)
[2026-08-18 21:55:54]    (透過策略2成功)
[2026-08-18 21:55:54]    ✅ 成功抓到 7 筆時段
[2026-08-18 21:55:54]    💾 存檔！已處理 5830/5921 | 成功 3988 | 失敗 1842
[2026-08-18 21:55:54]       資料庫共 5997 筆，其中 4131 筆有營業時間
[2026-08-18 21:55:54]       速度 4.5 筆/分鐘 | 預估剩餘 20 分鐘
[2026-08-18 21:55:56] [5831/5921] 練習曲書店 (Attraction_A25000000E_000018)
[2026-08-18 21:55:59]    ✅ 成功抓到 7 筆時段
[2026-08-18 21:56:01] [5832/5921] 台江十三佃鄭家社區博物館 (Attraction_A25000000E_000019)
[2026-08-18 21:56:14]    ❌ 三種策略皆失敗
[2026-08-18 21:56:16] [5833/5921] 水里蛇窯陶藝文化園區 (Attraction_A25000000E_000020)
[2026-08-18 21:56:37]    ✅ 成功抓到 7 筆時段
[2026-08-18 21:56:39] [5834/5921] 臺中市霧峰區桐林社區發展協會 (Attraction_A25000000E_000021)
[2026-08-18 21:56:43]    ✅ 成功抓到 7 筆時段
[2026-08-18 21:56:45] [5835/5921] 蔡廷蘭進士第 (Attraction_A25000000E_000022)
[2026-08-18 21:56:48]    ✅ 成功抓到 7 筆時段
[2026-08-18 21:56:50] [5836/5921] 洄遊吧食魚體驗館 (Attraction_A25000000E_000023)
[2026-08-18 21:56:54]    ✅ 成功抓到 7 筆時段
[2026-08-18 21:56:56] [5837/5921] 東引中路客廳 (Attraction_A25000000E_000024)
[2026-08-18 21:57:01]    ❌ 三種策略皆失敗
[2026-08-18 21:57:03] [5838/5921] 北屯新村-臺中市眷村文物館 (Attraction_A25000000E_000025)
[2026-08-18 21:57:12]    ✅ 成功抓到 7 筆時段
[2026-08-18 21:57:14] [5839/5921] 先人種下的花—望安花宅聚落 (Attraction_A25000000E_000026)
[2026-08-18 21:57:19]    ❌ 三種策略皆失敗
[2026-08-18 21:57:21] [5840/5921] 繫。本屋（頭分埔文化工作室） (Attraction_A25000000E_000027)
[2026-08-18 21:57:25]    ✅ 成功抓到 7 筆時段
[2026-08-18 21:57:25]    💾 存檔！已處理 5840/5921 | 成功 3995 | 失敗 1845
[2026-08-18 21:57:25]       資料庫共 6007 筆，其中 4138 筆有營業時間
[2026-08-18 21:57:25]       速度 4.5 筆/分鐘 | 預估剩餘 18 分鐘
[2026-08-18 21:57:27] [5841/5921] 姜阿新洋樓 (Attraction_A25000000E_000028)
[2026-08-18 21:57:31]    ✅ 成功抓到 7 筆時段
[2026-08-18 21:57:33] [5842/5921] 長源醫院—鹿港歷史影像館 (Attraction_A25000000E_000029)
[2026-08-18 21:57:37]    ✅ 成功抓到 7 筆時段
[2026-08-18 21:57:39] [5843/5921] 中央書局 (Attraction_A25000000E_000030)
[2026-08-18 21:57:42]    ✅ 成功抓到 7 筆時段
[2026-08-18 21:57:44] [5844/5921] 大崎村落創藝基地 (Attraction_A25000000E_000031)
[2026-08-18 21:57:50]    ❌ 三種策略皆失敗
[2026-08-18 21:57:52] [5845/5921] 來宜蘭迺菜市場 (Attraction_A25000000E_000032)
[2026-08-18 21:57:55]    ✅ 成功抓到 7 筆時段
[2026-08-18 21:57:57] [5846/5921] 利澤國際偶戲藝術村 (Attraction_A25000000E_000033)
[2026-08-18 21:58:01]    ✅ 成功抓到 7 筆時段
[2026-08-18 21:58:03] [5847/5921] 雲林記憶Cool (Attraction_A25000000E_000034)
[2026-08-18 21:58:07]    ✅ 成功抓到 7 筆時段
[2026-08-18 21:58:09] [5848/5921] 虎尾建國眷村 (Attraction_A25000000E_000035)
[2026-08-18 21:58:14]    ❌ 三種策略皆失敗
[2026-08-18 21:58:16] [5849/5921] 雲林布袋戲館 (Attraction_A25000000E_000036)
[2026-08-18 21:58:20]    ✅ 成功抓到 7 筆時段
[2026-08-18 21:58:22] [5850/5921] 猴硐礦工文史館 (Attraction_A25000000E_000037)
[2026-08-18 21:58:25]    ✅ 成功抓到 7 筆時段
[2026-08-18 21:58:25]    💾 存檔！已處理 5850/5921 | 成功 4003 | 失敗 1847
[2026-08-18 21:58:25]       資料庫共 6017 筆，其中 4146 筆有營業時間
[2026-08-18 21:58:25]       速度 4.5 筆/分鐘 | 預估剩餘 16 分鐘
[2026-08-18 21:58:27] [5851/5921] 廣興紙寮 (Attraction_A25000000E_000038)
[2026-08-18 21:58:32]    ❌ 三種策略皆失敗
[2026-08-18 21:58:34] [5852/5921] 台灣基督長老教會歷史檔案館 (Attraction_A25000000E_000039)
[2026-08-18 21:58:37]    ✅ 成功抓到 7 筆時段
[2026-08-18 21:58:39] [5853/5921] 新竹東門市場 (Attraction_A25000000E_000040)
[2026-08-18 21:59:09]    ❌ 三種策略皆失敗
[2026-08-18 21:59:11] [5854/5921] 三餘書店 (Attraction_A25000000E_000041)
[2026-08-18 21:59:14]    ✅ 成功抓到 7 筆時段
[2026-08-18 21:59:16] [5855/5921] 「潮州小鎮」百年文化聚落 (Attraction_A25000000E_000042)
[2026-08-18 21:59:25]    ✅ 成功抓到 7 筆時段
[2026-08-18 21:59:27] [5856/5921] 都蘭國 (Attraction_A25000000E_000043)
[2026-08-18 21:59:30]    ✅ 成功抓到 7 筆時段
[2026-08-18 21:59:32] [5857/5921] 璞石咖啡x光之島共享基地 (Attraction_A25000000E_000044)
[2026-08-18 21:59:36]    ✅ 成功抓到 7 筆時段
[2026-08-18 21:59:38] [5858/5921] 米倉劇場 (Attraction_A25000000E_000045)
[2026-08-18 21:59:42]    ✅ 成功抓到 7 筆時段
[2026-08-18 21:59:44] [5859/5921] 牯嶺街小劇場 (Attraction_A25000000E_000046)
[2026-08-18 21:59:49]    ❌ 三種策略皆失敗
[2026-08-18 21:59:51] [5860/5921] 公東的教堂 (Attraction_A25000000E_000047)
[2026-08-18 21:59:57]    ❌ 三種策略皆失敗
[2026-08-18 21:59:57]    💾 存檔！已處理 5860/5921 | 成功 4009 | 失敗 1851
[2026-08-18 21:59:57]       資料庫共 6027 筆，其中 4152 筆有營業時間
[2026-08-18 21:59:57]       速度 4.5 筆/分鐘 | 預估剩餘 13 分鐘
[2026-08-18 21:59:59] [5861/5921] 銅鑼窯 (Attraction_A25000000E_000048)
[2026-08-18 22:00:03]    ✅ 成功抓到 7 筆時段
[2026-08-18 22:00:05] [5862/5921] 卓也小屋 (Attraction_A25000000E_000049)
[2026-08-18 22:00:11]    ❌ 三種策略皆失敗
[2026-08-18 22:00:13] [5863/5921] 西螺生態博物館 (Attraction_A25000000E_000050)
[2026-08-18 22:00:17]    ✅ 成功抓到 7 筆時段
[2026-08-18 22:00:19] [5864/5921] 甘樂文創合習聚落 (Attraction_A25000000E_000051)
[2026-08-18 22:00:23]    ✅ 成功抓到 7 筆時段
[2026-08-18 22:00:25] [5865/5921] 台南林百貨 (Attraction_A25000000E_000052)
[2026-08-18 22:00:29]    ✅ 成功抓到 7 筆時段
[2026-08-18 22:00:31] [5866/5921] 版本書店SüRüM Bookstore (Attraction_A25000000E_000053)
[2026-08-18 22:00:35]    ✅ 成功抓到 7 筆時段
[2026-08-18 22:00:37] [5867/5921] 八堡圳頭文化創生行動基地 (Attraction_A25000000E_000054)
[2026-08-18 22:00:53]    (透過策略2成功)
[2026-08-18 22:00:53]    ✅ 成功抓到 7 筆時段
[2026-08-18 22:00:55] [5868/5921] 白米木屐村 (Attraction_A25000000E_000055)
[2026-08-18 22:00:59]    ❌ 三種策略皆失敗
[2026-08-18 22:01:01] [5869/5921] 培桂堂——林開泰診療所舊宅 (Attraction_A25000000E_000056)
[2026-08-18 22:01:06]    ❌ 三種策略皆失敗
[2026-08-18 22:01:08] [5870/5921] 北投文物館 (Attraction_A25000000E_000057)
[2026-08-18 22:01:12]    ✅ 成功抓到 7 筆時段
[2026-08-18 22:01:12]    💾 存檔！已處理 5870/5921 | 成功 4016 | 失敗 1854
[2026-08-18 22:01:12]       資料庫共 6037 筆，其中 4159 筆有營業時間
[2026-08-18 22:01:12]       速度 4.5 筆/分鐘 | 預估剩餘 11 分鐘
[2026-08-18 22:01:14] [5871/5921] 田中窯創意園區 (Attraction_A25000000E_000058)
[2026-08-18 22:01:18]    ✅ 成功抓到 7 筆時段
[2026-08-18 22:01:20] [5872/5921] 雲門劇場 (Attraction_A25000000E_000059)
[2026-08-18 22:01:31]    ❌ 三種策略皆失敗
[2026-08-18 22:01:33] [5873/5921] 見書店 (Attraction_A25000000E_000060)
[2026-08-18 22:01:37]    ✅ 成功抓到 7 筆時段
[2026-08-18 22:01:39] [5874/5921] 新嘉義座/阮劇團 (Attraction_A25000000E_000061)
[2026-08-18 22:01:44]    ❌ 三種策略皆失敗
[2026-08-18 22:01:46] [5875/5921] 朱銘美術館 (Attraction_A25000000E_000062)
[2026-08-18 22:01:49]    ✅ 成功抓到 7 筆時段
[2026-08-18 22:01:51] [5876/5921] 郭怡美書店 (Attraction_A25000000E_000063)
[2026-08-18 22:01:55]    ✅ 成功抓到 7 筆時段
[2026-08-18 22:01:57] [5877/5921] 紙教堂新故鄉見學園區 (Attraction_A25000000E_000064)
[2026-08-18 22:02:03]    (透過策略2成功)
[2026-08-18 22:02:03]    ✅ 成功抓到 7 筆時段
[2026-08-18 22:02:05] [5878/5921] Pising彼心書店 (Attraction_A25000000E_000065)
[2026-08-18 22:02:09]    ✅ 成功抓到 7 筆時段
[2026-08-18 22:02:11] [5879/5921] 北埔是一座慢漫博物館  (藍鵲書房） (Attraction_A25000000E_000066)
[2026-08-18 22:02:14]    ✅ 成功抓到 7 筆時段
[2026-08-18 22:02:16] [5880/5921] 板橋放送所 傳奇放送科藝文創園區 (Attraction_A25000000E_000067)
[2026-08-18 22:02:22]    ❌ 三種策略皆失敗
[2026-08-18 22:02:22]    💾 存檔！已處理 5880/5921 | 成功 4023 | 失敗 1857
[2026-08-18 22:02:22]       資料庫共 6047 筆，其中 4166 筆有營業時間
[2026-08-18 22:02:22]       速度 4.5 筆/分鐘 | 預估剩餘 9 分鐘
[2026-08-18 22:02:24] [5881/5921] 李梅樹紀念館 (Attraction_A25000000E_000068)
[2026-08-18 22:02:29]    ❌ 三種策略皆失敗
[2026-08-18 22:02:31] [5882/5921] 沿菊書店 (Attraction_A25000000E_000069)
[2026-08-18 22:02:35]    ✅ 成功抓到 7 筆時段
[2026-08-18 22:02:37] [5883/5921] 洲南鹽場 (Attraction_A25000000E_000070)
[2026-08-18 22:02:41]    ✅ 成功抓到 7 筆時段
[2026-08-18 22:02:43] [5884/5921] 大二結社區（二結穀倉稻農文化館） (Attraction_A25000000E_000071)
[2026-08-18 22:02:47]    ✅ 成功抓到 7 筆時段
[2026-08-18 22:02:49] [5885/5921] 苑裡掀海風 (Attraction_A25000000E_000072)
[2026-08-18 22:02:52]    ✅ 成功抓到 7 筆時段
[2026-08-18 22:02:54] [5886/5921] 聚落自發的近代化教育場所：古崗學校洋樓 (Attraction_A25000000E_000073)
[2026-08-18 22:03:05]    ❌ 三種策略皆失敗
[2026-08-18 22:03:07] [5887/5921] 台東書書果實 BOOK-BOOK FRUIT TAITUNG (Attraction_A25000000E_000074)
[2026-08-18 22:03:14]    (透過策略2成功)
[2026-08-18 22:03:14]    ✅ 成功抓到 7 筆時段
[2026-08-18 22:03:16] [5888/5921] 王功海牛文化基地(王功有機書店) (Attraction_A25000000E_000075)
[2026-08-18 22:03:24]    ❌ 三種策略皆失敗
[2026-08-18 22:03:26] [5889/5921] 渭水驛站 (Attraction_A25000000E_000076)
[2026-08-18 22:03:30]    ✅ 成功抓到 7 筆時段
[2026-08-18 22:03:32] [5890/5921] 舊監更生島 (Attraction_A25000000E_000077)
[2026-08-18 22:03:36]    ✅ 成功抓到 7 筆時段
[2026-08-18 22:03:36]    💾 存檔！已處理 5890/5921 | 成功 4030 | 失敗 1860
[2026-08-18 22:03:36]       資料庫共 6057 筆，其中 4173 筆有營業時間
[2026-08-18 22:03:36]       速度 4.5 筆/分鐘 | 預估剩餘 7 分鐘
[2026-08-18 22:03:38] [5891/5921] 日月老茶廠 (Attraction_A25000000E_000078)
[2026-08-18 22:03:43]    ❌ 三種策略皆失敗
[2026-08-18 22:03:45] [5892/5921] 舊打狗驛故事館 (Attraction_A25000000E_000079)
[2026-08-18 22:03:49]    ✅ 成功抓到 7 筆時段
[2026-08-18 22:03:51] [5893/5921] 臺東獵人學校教育基地 (Attraction_A25000000E_000080)
[2026-08-18 22:03:56]    ❌ 三種策略皆失敗
[2026-08-18 22:03:58] [5894/5921] 或者新州屋 (Attraction_A25000000E_000081)
[2026-08-18 22:04:02]    ✅ 成功抓到 7 筆時段
[2026-08-18 22:04:04] [5895/5921] 阿里山達邦mayasvi文化路徑基地 (Attraction_A25000000E_000082)
[2026-08-18 22:04:09]    ❌ 三種策略皆失敗
[2026-08-18 22:04:11] [5896/5921] 台灣好基金會池上穀倉藝術館 (Attraction_A25000000E_000083)
[2026-08-18 22:04:15]    ✅ 成功抓到 7 筆時段
[2026-08-18 22:04:17] [5897/5921] 小鎮職人-藝驛頭城文化基地 (Attraction_A25000000E_000084)
[2026-08-18 22:04:25]    ✅ 成功抓到 7 筆時段
[2026-08-18 22:04:27] [5898/5921] 台東縣鹿野鄉永安社區 (Attraction_A25000000E_000086)
[2026-08-18 22:04:32]    ❌ 三種策略皆失敗
[2026-08-18 22:04:34] [5899/5921] 臺紅茶業文化館 (Attraction_A25000000E_000087)
[2026-08-18 22:04:40]    ✅ 成功抓到 7 筆時段
[2026-08-18 22:04:42] [5900/5921] 小陽。日栽書屋 (Attraction_A25000000E_000088)
[2026-08-18 22:04:46]    ✅ 成功抓到 7 筆時段
[2026-08-18 22:04:46]    💾 存檔！已處理 5900/5921 | 成功 4036 | 失敗 1864
[2026-08-18 22:04:46]       資料庫共 6067 筆，其中 4179 筆有營業時間
[2026-08-18 22:04:46]       速度 4.5 筆/分鐘 | 預估剩餘 5 分鐘
[2026-08-18 22:04:48] [5901/5921] 新平溪煤礦博物園區 (Attraction_A25000000E_000089)
[2026-08-18 22:05:01]    (透過策略2成功)
[2026-08-18 22:05:01]    ✅ 成功抓到 7 筆時段
[2026-08-18 22:05:03] [5902/5921] 紀州庵文學森林 (Attraction_A25000000E_000090)
[2026-08-18 22:05:07]    ✅ 成功抓到 7 筆時段
[2026-08-18 22:05:09] [5903/5921] 芹壁社區發展協會 (Attraction_A25000000E_000091)
[2026-08-18 22:05:15]    ❌ 三種策略皆失敗
[2026-08-18 22:05:17] [5904/5921] 新北市中和緬甸街區 (Attraction_A25000000E_000092)
[2026-08-18 22:05:23]    ❌ 三種策略皆失敗
[2026-08-18 22:05:25] [5905/5921] 澎湖龜壁港社 (Attraction_A25000000E_000093)
[2026-08-18 22:05:29]    ✅ 成功抓到 7 筆時段
[2026-08-18 22:05:31] [5906/5921] 離島出走 isle.travel studio (Attraction_A25000000E_000094)
[2026-08-18 22:05:37]    ❌ 三種策略皆失敗
[2026-08-18 22:05:39] [5907/5921] 優遊吧斯阿里山鄒族文化部落 (Attraction_A25000000E_000095)
[2026-08-18 22:05:45]    ✅ 成功抓到 7 筆時段
[2026-08-18 22:05:47] [5908/5921] 禮納里lnl原創空間 (Attraction_A25000000E_000096)
[2026-08-18 22:05:53]    ❌ 三種策略皆失敗
[2026-08-18 22:05:55] [5909/5921] 見域工作室 (Attraction_A25000000E_000097)
[2026-08-18 22:05:59]    ✅ 成功抓到 7 筆時段
[2026-08-18 22:06:01] [5910/5921] 臺南新化生活故事博物館（新化老街） (Attraction_A25000000E_000098)
[2026-08-18 22:06:10]    ❌ 三種策略皆失敗
[2026-08-18 22:06:10]    💾 存檔！已處理 5910/5921 | 成功 4041 | 失敗 1869
[2026-08-18 22:06:10]       資料庫共 6077 筆，其中 4184 筆有營業時間
[2026-08-18 22:06:10]       速度 4.5 筆/分鐘 | 預估剩餘 2 分鐘
[2026-08-18 22:06:12] [5911/5921] 大溪老茶廠 (Attraction_A25000000E_000099)
[2026-08-18 22:06:16]    ✅ 成功抓到 7 筆時段
[2026-08-18 22:06:18] [5912/5921] 日星鑄字行 (Attraction_A25000000E_000100)
[2026-08-18 22:06:24]    ✅ 成功抓到 7 筆時段
[2026-08-18 22:06:26] [5913/5921] 大武壠文化事務所 (Attraction_A25000000E_000101)
[2026-08-18 22:06:33]    ❌ 三種策略皆失敗
[2026-08-18 22:06:35] [5914/5921] 九湖森林休閒農場 (銅鑼茶廠) (Attraction_A25000000E_000102)
[2026-08-18 22:06:48]    (透過策略2成功)
[2026-08-18 22:06:48]    ✅ 成功抓到 7 筆時段
[2026-08-18 22:06:50] [5915/5921] 小米學堂 (Attraction_A25000000E_000104)
[2026-08-18 22:06:55]    ✅ 成功抓到 7 筆時段
[2026-08-18 22:06:57] [5916/5921] 板陶窯交趾剪黏工藝文化基地 (Attraction_A25000000E_000105)
[2026-08-18 22:07:02]    ❌ 三種策略皆失敗
[2026-08-18 22:07:04] [5917/5921] 萬座曉劇場 (Attraction_A25000000E_000106)
[2026-08-18 22:07:10]    ❌ 三種策略皆失敗
[2026-08-18 22:07:12] [5918/5921] 月眉糖廠文化路徑基地 (Attraction_A25000000E_000107)
[2026-08-18 22:07:20]    (透過策略2成功)
[2026-08-18 22:07:20]    ✅ 成功抓到 7 筆時段
[2026-08-18 22:07:22] [5919/5921] 洛津組合-鹿港大街創生基地 (Attraction_A25000000E_000108)
[2026-08-18 22:07:26]    ✅ 成功抓到 7 筆時段
[2026-08-18 22:07:28] [5920/5921] 僑鄉金門-王慶雲洋樓1934 (Attraction_A25000000E_000109)
[2026-08-18 22:07:35]    ❌ 三種策略皆失敗
[2026-08-18 22:07:35]    💾 存檔！已處理 5920/5921 | 成功 4047 | 失敗 1873
[2026-08-18 22:07:35]       資料庫共 6087 筆，其中 4190 筆有營業時間
[2026-08-18 22:07:35]       速度 4.5 筆/分鐘 | 預估剩餘 0 分鐘
[2026-08-18 22:07:37] [5921/5921] 橋仔頭糖廠藝術村/白屋 (Attraction_A25000000E_000110)
[2026-08-18 22:07:43]    ❌ 三種策略皆失敗
[2026-08-18 22:07:45] ============================================================
[2026-08-18 22:07:45] 🎉 執行結束！耗時 1303.5 分鐘
[2026-08-18 22:07:45]    本次成功: 4047 | 本次失敗: 1874
[2026-08-18 22:07:45]    資料庫共 6088 筆，其中 4190 筆有營業時間
[2026-08-18 22:07:45] 📁 資料匯出: C:\Users\USER\Desktop\play-taiwan-parser\景點資料庫\景點 - 觀光資訊資料集\資料集\AttractionServiceTimeList_Updated.json
[2026-08-18 22:07:45] 📋 完整 Log: C:\Users\USER\Desktop\play-taiwan-parser\景點資料庫\景點 - 觀光資訊資料集\crawler_20260818_002409.log
[2026-08-18 22:07:45] ============================================================
